"../../../Engine/Plugins/Animation/ACLPlugin/Content/ACLAnimCurveCompressionSettings.uasset" 0
"../../../Engine/Plugins/Animation/ACLPlugin/Content/ACLAnimCurveCompressionSettings.uexp" 1
"../../../Engine/Plugins/Animation/ACLPlugin/Content/ACLAnimBoneCompressionSettings.uasset" 2
"../../../Engine/Plugins/Animation/ACLPlugin/Content/ACLAnimBoneCompressionSettings.uexp" 3
"../../../Engine/Plugins/2D/Paper2D/Content/PlaceholderTextures/DummySpriteTexture.ubulk" 4
"../../../Engine/Plugins/2D/Paper2D/Content/PlaceholderTextures/DummySpriteTexture.uasset" 5
"../../../Engine/Plugins/2D/Paper2D/Content/PlaceholderTextures/DummySpriteTexture.uexp" 6
"../../../Engine/Plugins/2D/Paper2D/Content/DummySprite.uasset" 7
"../../../Engine/Plugins/2D/Paper2D/Content/DummySprite.uexp" 8
"../../../Engine/Plugins/2D/Paper2D/Content/DefaultPaperTerrainMaterial.uasset" 9
"../../../Engine/Plugins/2D/Paper2D/Content/DefaultPaperTerrainMaterial.uexp" 10
"../../../Engine/Plugins/Interchange/Runtime/Content/Pipelines/DefaultTexturePipeline.uasset" 11
"../../../Engine/Plugins/Interchange/Runtime/Content/Pipelines/DefaultTexturePipeline.uexp" 12
"../../../Engine/Plugins/Interchange/Runtime/Content/Pipelines/DefaultSceneLevelPipeline.uasset" 13
"../../../Engine/Plugins/Interchange/Runtime/Content/Pipelines/DefaultSceneLevelPipeline.uexp" 14
"../../../Engine/Plugins/Interchange/Runtime/Content/Pipelines/DefaultSceneAssetsPipeline.uasset" 15
"../../../Engine/Plugins/Interchange/Runtime/Content/Pipelines/DefaultSceneAssetsPipeline.uexp" 16
"../../../Engine/Plugins/Interchange/Runtime/Content/Pipelines/DefaultMaterialXPipeline.uasset" 17
"../../../Engine/Plugins/Interchange/Runtime/Content/Pipelines/DefaultMaterialXPipeline.uexp" 18
"../../../Engine/Plugins/Interchange/Runtime/Content/Pipelines/DefaultMaterialPipeline.uasset" 19
"../../../Engine/Plugins/Interchange/Runtime/Content/Pipelines/DefaultMaterialPipeline.uexp" 20
"../../../Engine/Plugins/Interchange/Runtime/Content/Pipelines/DefaultGLTFSceneAssetsPipeline.uasset" 21
"../../../Engine/Plugins/Interchange/Runtime/Content/Pipelines/DefaultGLTFSceneAssetsPipeline.uexp" 22
"../../../Engine/Plugins/Interchange/Runtime/Content/Pipelines/DefaultGLTFPipeline.uasset" 23
"../../../Engine/Plugins/Interchange/Runtime/Content/Pipelines/DefaultGLTFPipeline.uexp" 24
"../../../Engine/Plugins/Interchange/Runtime/Content/Pipelines/DefaultGLTFAssetsPipeline.uasset" 25
"../../../Engine/Plugins/Interchange/Runtime/Content/Pipelines/DefaultGLTFAssetsPipeline.uexp" 26
"../../../Engine/Plugins/Interchange/Runtime/Content/Pipelines/DefaultAssetsPipeline.uasset" 27
"../../../Engine/Plugins/Interchange/Runtime/Content/Pipelines/DefaultAssetsPipeline.uexp" 28
"../../../Engine/Plugins/Animation/ControlRig/Content/Controls/DefaultGizmoLibraryNormalized.uasset" 29
"../../../Engine/Plugins/Animation/ControlRig/Content/Controls/DefaultGizmoLibraryNormalized.uexp" 30
"../../../Engine/Content/EngineSounds/Master.uasset" 31
"../../../Engine/Content/EngineSounds/Master.uexp" 32
"../../../Engine/Content/EngineMaterials/DefaultDestructiblePhysicalMaterial.uasset" 33
"../../../Engine/Content/EngineMaterials/DefaultDestructiblePhysicalMaterial.uexp" 34
"../../../Engine/Content/EngineFonts/Faces/DroidSansFallback.uexp" 35
"../../../Engine/Content/EngineFonts/Faces/DroidSansFallback.uasset" 36
"../../../Engine/Content/EngineFonts/Faces/DroidSansFallback.ufont" 37
"../../../Engine/Content/EngineFonts/Faces/RobotoRegular.uexp" 38
"../../../Engine/Content/EngineFonts/Faces/RobotoRegular.uasset" 39
"../../../Engine/Content/EngineFonts/Faces/RobotoRegular.ufont" 40
"../../../Engine/Content/EngineFonts/Faces/RobotoLight.uexp" 41
"../../../Engine/Content/EngineFonts/Faces/RobotoLight.uasset" 42
"../../../Engine/Content/EngineFonts/Faces/RobotoLight.ufont" 43
"../../../Engine/Content/EngineFonts/Faces/RobotoItalic.uexp" 44
"../../../Engine/Content/EngineFonts/Faces/RobotoItalic.uasset" 45
"../../../Engine/Content/EngineFonts/Faces/RobotoItalic.ufont" 46
"../../../Engine/Content/EngineFonts/Faces/RobotoBoldItalic.uexp" 47
"../../../Engine/Content/EngineFonts/Faces/RobotoBoldItalic.uasset" 48
"../../../Engine/Content/EngineFonts/Faces/RobotoBoldItalic.ufont" 49
"../../../Engine/Content/EngineFonts/Faces/RobotoBold.uexp" 50
"../../../Engine/Content/EngineFonts/Faces/RobotoBold.uasset" 51
"../../../Engine/Content/EngineFonts/Faces/RobotoBold.ufont" 52
"../../../Engine/Content/EngineFonts/Roboto.uasset" 53
"../../../Engine/Content/EngineFonts/Roboto.uexp" 54
"../../../Engine/Content/EngineFonts/Faces/DroidSansMono.uexp" 55
"../../../Engine/Content/EngineFonts/Faces/DroidSansMono.uasset" 56
"../../../Engine/Content/EngineFonts/Faces/DroidSansMono.ufont" 57
"../../../Engine/Content/EngineFonts/DroidSansMono.uasset" 58
"../../../Engine/Content/EngineFonts/DroidSansMono.uexp" 59
"../../../Engine/Content/MobileResources/HUD/VirtualJoystick_Thumb.uasset" 60
"../../../Engine/Content/MobileResources/HUD/VirtualJoystick_Thumb.uexp" 61
"../../../Engine/Content/MobileResources/HUD/VirtualJoystick_Background.uasset" 62
"../../../Engine/Content/MobileResources/HUD/VirtualJoystick_Background.uexp" 63
"L:/GitHub/massey-unreal/NeoTeAikaSem1/Content/FirstPerson/Input/MobileControls.uasset" 64
"L:/GitHub/massey-unreal/NeoTeAikaSem1/Content/FirstPerson/Input/MobileControls.uexp" 65
"../../../Engine/Content/EngineResources/GradientTexture0.uasset" 66
"../../../Engine/Content/EngineResources/GradientTexture0.uexp" 67
"../../../Engine/Content/EngineResources/Black.uasset" 68
"../../../Engine/Content/EngineResources/Black.uexp" 69
"../../../Engine/Content/EditorResources/S_Actor.ubulk" 70
"../../../Engine/Content/EditorResources/S_Actor.uasset" 71
"../../../Engine/Content/EditorResources/S_Actor.uexp" 72
"../../../Engine/Content/EditorResources/S_Trigger.ubulk" 73
"../../../Engine/Content/EditorResources/S_Trigger.uasset" 74
"../../../Engine/Content/EditorResources/S_Trigger.uexp" 75
"../../../Engine/Content/EditorResources/S_BoxReflectionCapture.uasset" 76
"../../../Engine/Content/EditorResources/S_BoxReflectionCapture.uexp" 77
"../../../Engine/Content/EngineResources/DefaultTexture.ubulk" 78
"../../../Engine/Content/EngineResources/DefaultTexture.uasset" 79
"../../../Engine/Content/EngineResources/DefaultTexture.uexp" 80
"../../../Engine/Content/EditorResources/S_TriggerBox.uasset" 81
"../../../Engine/Content/EditorResources/S_TriggerBox.uexp" 82
"../../../Engine/Content/EditorResources/S_TriggerCapsule.uasset" 83
"../../../Engine/Content/EditorResources/S_TriggerCapsule.uexp" 84
"../../../Engine/Content/EditorResources/S_TriggerSphere.uasset" 85
"../../../Engine/Content/EditorResources/S_TriggerSphere.uexp" 86
"../../../Engine/Content/EngineMeshes/Sphere.uasset" 87
"../../../Engine/Content/EngineMeshes/Sphere.uexp" 88
"../../../Engine/Content/EngineResources/DefaultTextureCube.uasset" 89
"../../../Engine/Content/EngineResources/DefaultTextureCube.uexp" 90
"../../../Engine/Content/EngineResources/DefaultVolumeTexture2D.uasset" 91
"../../../Engine/Content/EngineResources/DefaultVolumeTexture2D.uexp" 92
"../../../Engine/Content/EngineResources/DefaultVolumeTexture.uasset" 93
"../../../Engine/Content/EngineResources/DefaultVolumeTexture.uexp" 94
"../../../Engine/Plugins/2D/Paper2D/Content/DefaultSpriteMaterial.uasset" 95
"../../../Engine/Plugins/2D/Paper2D/Content/DefaultSpriteMaterial.uexp" 96
"../../../Engine/Plugins/2D/Paper2D/Content/OpaqueUnlitSpriteMaterial.uasset" 97
"../../../Engine/Plugins/2D/Paper2D/Content/OpaqueUnlitSpriteMaterial.uexp" 98
"../../../Engine/Plugins/2D/Paper2D/Content/MaskedUnlitSpriteMaterial.uasset" 99
"../../../Engine/Plugins/2D/Paper2D/Content/MaskedUnlitSpriteMaterial.uexp" 100
"../../../Engine/Plugins/NNE/NNEDenoiser/Content/NNE_oidn2-3-0_rt_hdr_calb_cnrm_large__dyn__fp16_opset11_ForwardAlpha.uasset" 101
"../../../Engine/Plugins/NNE/NNEDenoiser/Content/NNE_oidn2-3-0_rt_hdr_calb_cnrm_large__dyn__fp16_opset11_ForwardAlpha.uexp" 102
"../../../Engine/Plugins/NNE/NNEDenoiser/Content/NNE_oidn2-3-0_rt_hdr_calb_cnrm_large__dyn__fp16_opset11_DenoiseAlpha.uasset" 103
"../../../Engine/Plugins/NNE/NNEDenoiser/Content/NNE_oidn2-3-0_rt_hdr_calb_cnrm_large__dyn__fp16_opset11_DenoiseAlpha.uexp" 104
"../../../Engine/Plugins/NNE/NNEDenoiser/Content/NNE_oidn2-3-0_rt_hdr_alb_nrm__dyn__fp16_opset11_ForwardAlpha.uasset" 105
"../../../Engine/Plugins/NNE/NNEDenoiser/Content/NNE_oidn2-3-0_rt_hdr_alb_nrm__dyn__fp16_opset11_ForwardAlpha.uexp" 106
"../../../Engine/Plugins/NNE/NNEDenoiser/Content/NNE_oidn2-3-0_rt_hdr_alb_nrm__dyn__fp16_opset11_DenoiseAlpha.uasset" 107
"../../../Engine/Plugins/NNE/NNEDenoiser/Content/NNE_oidn2-3-0_rt_hdr_alb_nrm__dyn__fp16_opset11_DenoiseAlpha.uexp" 108
"../../../Engine/Plugins/NNE/NNEDenoiser/Content/NNE_oidn2-3-0_rt_hdr_alb_nrm_small__dyn__fp16_opset11_ForwardAlpha.uasset" 109
"../../../Engine/Plugins/NNE/NNEDenoiser/Content/NNE_oidn2-3-0_rt_hdr_alb_nrm_small__dyn__fp16_opset11_ForwardAlpha.uexp" 110
"../../../Engine/Plugins/NNE/NNEDenoiser/Content/NNE_oidn2-3-0_rt_hdr_alb_nrm_small__dyn__fp16_opset11_DenoiseAlpha.uasset" 111
"../../../Engine/Plugins/NNE/NNEDenoiser/Content/NNE_oidn2-3-0_rt_hdr_alb_nrm_small__dyn__fp16_opset11_DenoiseAlpha.uexp" 112
"../../../Engine/Plugins/NNE/NNEDenoiser/Content/NNEDTOM_Output_Default.uasset" 113
"../../../Engine/Plugins/NNE/NNEDenoiser/Content/NNEDTOM_Output_Default.uexp" 114
"../../../Engine/Plugins/NNE/NNEDenoiser/Content/NNEDTOM_Output_Alpha.uasset" 115
"../../../Engine/Plugins/NNE/NNEDenoiser/Content/NNEDTOM_Output_Alpha.uexp" 116
"../../../Engine/Plugins/NNE/NNEDenoiser/Content/NNEDTIM_ColorAlbedoNormal_Default.uasset" 117
"../../../Engine/Plugins/NNE/NNEDenoiser/Content/NNEDTIM_ColorAlbedoNormal_Default.uexp" 118
"../../../Engine/Plugins/NNE/NNEDenoiser/Content/NNEDTIM_ColorAlbedoNormal_Alpha.uasset" 119
"../../../Engine/Plugins/NNE/NNEDenoiser/Content/NNEDTIM_ColorAlbedoNormal_Alpha.uexp" 120
"../../../Engine/Plugins/NNE/NNEDenoiser/Content/NNEDOM_Output_Default.uasset" 121
"../../../Engine/Plugins/NNE/NNEDenoiser/Content/NNEDOM_Output_Default.uexp" 122
"../../../Engine/Plugins/NNE/NNEDenoiser/Content/NNEDOM_Output_Alpha.uasset" 123
"../../../Engine/Plugins/NNE/NNEDenoiser/Content/NNEDOM_Output_Alpha.uexp" 124
"../../../Engine/Plugins/NNE/NNEDenoiser/Content/NNEDIM_HighQuality_Default.uasset" 125
"../../../Engine/Plugins/NNE/NNEDenoiser/Content/NNEDIM_HighQuality_Default.uexp" 126
"../../../Engine/Plugins/NNE/NNEDenoiser/Content/NNEDIM_HighQuality_Alpha.uasset" 127
"../../../Engine/Plugins/NNE/NNEDenoiser/Content/NNEDIM_HighQuality_Alpha.uexp" 128
"../../../Engine/Plugins/NNE/NNEDenoiser/Content/NNEDIM_ColorAlbedoNormal_Default.uasset" 129
"../../../Engine/Plugins/NNE/NNEDenoiser/Content/NNEDIM_ColorAlbedoNormal_Default.uexp" 130
"../../../Engine/Plugins/NNE/NNEDenoiser/Content/NNEDIM_ColorAlbedoNormal_Alpha.uasset" 131
"../../../Engine/Plugins/NNE/NNEDenoiser/Content/NNEDIM_ColorAlbedoNormal_Alpha.uexp" 132
"../../../Engine/Content/EngineMaterials/T_Default_Material_Grid_M.ubulk" 133
"../../../Engine/Content/EngineMaterials/T_Default_Material_Grid_M.uasset" 134
"../../../Engine/Content/EngineMaterials/T_Default_Material_Grid_M.uexp" 135
"../../../Engine/Content/Functions/Engine_MaterialFunctions01/Opacity/CameraDepthFade.uasset" 136
"../../../Engine/Content/Functions/Engine_MaterialFunctions01/Opacity/CameraDepthFade.uexp" 137
"../../../Engine/Content/EngineMaterials/T_Default_Material_Grid_N.ubulk" 138
"../../../Engine/Content/EngineMaterials/T_Default_Material_Grid_N.uasset" 139
"../../../Engine/Content/EngineMaterials/T_Default_Material_Grid_N.uexp" 140
"../../../Engine/Content/EngineMaterials/WorldGridMaterial.uasset" 141
"../../../Engine/Content/EngineMaterials/WorldGridMaterial.uexp" 142
"../../../Engine/Plugins/Media/MediaPlate/Content/SM_MediaPlateScreen.uasset" 143
"../../../Engine/Plugins/Media/MediaPlate/Content/SM_MediaPlateScreen.uexp" 144
"../../../Engine/Content/Functions/Engine_MaterialFunctions02/WorldPositionOffset/CameraOffset.uasset" 145
"../../../Engine/Content/Functions/Engine_MaterialFunctions02/WorldPositionOffset/CameraOffset.uexp" 146
"../../../Engine/Plugins/Animation/ControlRig/Content/M_Manip.uasset" 147
"../../../Engine/Plugins/Animation/ControlRig/Content/M_Manip.uexp" 148
"../../../Engine/Content/EngineMaterials/DefaultMaterial.uasset" 149
"../../../Engine/Content/EngineMaterials/DefaultMaterial.uexp" 150
"../../../Engine/Content/BasicShapes/Cylinder.uasset" 151
"../../../Engine/Content/BasicShapes/Cylinder.uexp" 152
"../../../Engine/Content/BasicShapes/BasicShapeMaterial.uasset" 153
"../../../Engine/Content/BasicShapes/BasicShapeMaterial.uexp" 154
"../../../Engine/Content/Functions/Engine_MaterialFunctions02/Utility/CameraDirectionVector.uasset" 155
"../../../Engine/Content/Functions/Engine_MaterialFunctions02/Utility/CameraDirectionVector.uexp" 156
"../../../Engine/Content/EngineDebugMaterials/VolumeToRender.uasset" 157
"../../../Engine/Content/EngineDebugMaterials/VolumeToRender.uexp" 158
"../../../Engine/Content/EngineDebugMaterials/M_VolumeRenderSphereTracePP.uasset" 159
"../../../Engine/Content/EngineDebugMaterials/M_VolumeRenderSphereTracePP.uexp" 160
"../../../Engine/Content/EngineDebugMaterials/M_SimpleUnlitTranslucent.uasset" 161
"../../../Engine/Content/EngineDebugMaterials/M_SimpleUnlitTranslucent.uexp" 162
"../../../Engine/Content/EngineDebugMaterials/DebugMeshMaterial.uasset" 163
"../../../Engine/Content/EngineDebugMaterials/DebugMeshMaterial.uexp" 164
"../../../Engine/Content/EngineDebugMaterials/DebugEditorMaterial.uasset" 165
"../../../Engine/Content/EngineDebugMaterials/DebugEditorMaterial.uexp" 166
"../../../Engine/Content/EngineDamageTypes/DmgTypeBP_Environmental.uasset" 167
"../../../Engine/Content/EngineDamageTypes/DmgTypeBP_Environmental.uexp" 168
"../../../Engine/Content/EditorResources/S_Terrain.ubulk" 169
"../../../Engine/Content/EditorResources/S_Terrain.uasset" 170
"../../../Engine/Content/EditorResources/S_Terrain.uexp" 171
"../../../Engine/Content/EditorResources/S_Solver.ubulk" 172
"../../../Engine/Content/EditorResources/S_Solver.uasset" 173
"../../../Engine/Content/EditorResources/S_Solver.uexp" 174
"../../../Engine/Content/EditorResources/BSPVertex.uasset" 175
"../../../Engine/Content/EditorResources/BSPVertex.uexp" 176
"../../../Engine/Content/EditorMaterials/PreviewShadowIndicator.ubulk" 177
"../../../Engine/Content/EditorMaterials/PreviewShadowIndicator.uasset" 178
"../../../Engine/Content/EditorMaterials/PreviewShadowIndicator.uexp" 179
"../../../Engine/Content/EditorMaterials/PreviewShadowIndicatorMaterial.uasset" 180
"../../../Engine/Content/EditorMaterials/PreviewShadowIndicatorMaterial.uexp" 181
"../../../Engine/Content/EditorMaterials/PhAT_UnselectedMaterial.uasset" 182
"../../../Engine/Content/EditorMaterials/PhAT_UnselectedMaterial.uexp" 183
"../../../Engine/Content/EditorMaterials/PhAT_NoCollisionMaterial.uasset" 184
"../../../Engine/Content/EditorMaterials/PhAT_NoCollisionMaterial.uexp" 185
"../../../Engine/Content/EditorLandscapeResources/SplineEditorMeshMat.uasset" 186
"../../../Engine/Content/EditorLandscapeResources/SplineEditorMeshMat.uexp" 187
"../../../Engine/Content/EditorLandscapeResources/SplineEditorMesh.uasset" 188
"../../../Engine/Content/EditorLandscapeResources/SplineEditorMesh.uexp" 189
"../../../Engine/Content/EditorLandscapeResources/WhiteSquareTexture.uasset" 190
"../../../Engine/Content/EditorLandscapeResources/WhiteSquareTexture.uexp" 191
"../../../Engine/Content/EditorLandscapeResources/DefaultAlphaTexture.uasset" 192
"../../../Engine/Content/EditorLandscapeResources/DefaultAlphaTexture.uexp" 193
"../../../Engine/Content/Functions/Engine_MaterialFunctions03/Math/WithinRangeFloat2.uasset" 194
"../../../Engine/Content/Functions/Engine_MaterialFunctions03/Math/WithinRangeFloat2.uexp" 195
"../../../Engine/Content/EditorLandscapeResources/SelectBrushMaterial.uasset" 196
"../../../Engine/Content/EditorLandscapeResources/SelectBrushMaterial.uexp" 197
"../../../Engine/Content/EditorLandscapeResources/SelectBrushMaterial_SelectedRegion.uasset" 198
"../../../Engine/Content/EditorLandscapeResources/SelectBrushMaterial_SelectedRegion.uexp" 199
"../../../Engine/Content/EditorLandscapeResources/SelectBrushMaterial_Selected.uasset" 200
"../../../Engine/Content/EditorLandscapeResources/SelectBrushMaterial_Selected.uexp" 201
"../../../Engine/Content/Functions/Engine_MaterialFunctions02/Utility/MakeFloat3.uasset" 202
"../../../Engine/Content/Functions/Engine_MaterialFunctions02/Utility/MakeFloat3.uexp" 203
"../../../Engine/Content/EditorLandscapeResources/MaskBrushMaterial.uasset" 204
"../../../Engine/Content/EditorLandscapeResources/MaskBrushMaterial.uexp" 205
"../../../Engine/Content/EditorLandscapeResources/MaskBrushMaterial_MaskedRegion.uasset" 206
"../../../Engine/Content/EditorLandscapeResources/MaskBrushMaterial_MaskedRegion.uexp" 207
"../../../Engine/Content/EditorLandscapeResources/LayerVisMaterial.uasset" 208
"../../../Engine/Content/EditorLandscapeResources/LayerVisMaterial.uexp" 209
"../../../Engine/Content/Functions/Engine_MaterialFunctions02/Utility/BreakOutFloat2Components.uasset" 210
"../../../Engine/Content/Functions/Engine_MaterialFunctions02/Utility/BreakOutFloat2Components.uexp" 211
"../../../Engine/Content/Functions/Engine_MaterialFunctions01/Texturing/ScaleUVsByCenter.uasset" 212
"../../../Engine/Content/Functions/Engine_MaterialFunctions01/Texturing/ScaleUVsByCenter.uexp" 213
"../../../Engine/Content/Functions/Engine_MaterialFunctions02/WorldPositionOffset/LocalPosition.uasset" 214
"../../../Engine/Content/Functions/Engine_MaterialFunctions02/WorldPositionOffset/LocalPosition.uexp" 215
"../../../Engine/Content/EngineMaterials/DefaultDiffuse.ubulk" 216
"../../../Engine/Content/EngineMaterials/DefaultDiffuse.uasset" 217
"../../../Engine/Content/EngineMaterials/DefaultDiffuse.uexp" 218
"../../../Engine/Content/Functions/Engine_MaterialFunctions01/Texturing/TextureCropping.uasset" 219
"../../../Engine/Content/Functions/Engine_MaterialFunctions01/Texturing/TextureCropping.uexp" 220
"../../../Engine/Content/Functions/Engine_MaterialFunctions02/ExampleContent/DebugNumberStrip.uasset" 221
"../../../Engine/Content/Functions/Engine_MaterialFunctions02/ExampleContent/DebugNumberStrip.uexp" 222
"../../../Engine/Content/Functions/Engine_MaterialFunctions01/Debug/DebugIntValues.uasset" 223
"../../../Engine/Content/Functions/Engine_MaterialFunctions01/Debug/DebugIntValues.uexp" 224
"../../../Engine/Content/EditorLandscapeResources/LandscapeLayerUsageMaterial.uasset" 225
"../../../Engine/Content/EditorLandscapeResources/LandscapeLayerUsageMaterial.uexp" 226
"../../../Engine/Content/EditorLandscapeResources/LandscapeDirtyMaterial.uasset" 227
"../../../Engine/Content/EditorLandscapeResources/LandscapeDirtyMaterial.uexp" 228
"../../../Engine/Content/EditorLandscapeResources/ColorMaskBrushMaterial.uasset" 229
"../../../Engine/Content/EditorLandscapeResources/ColorMaskBrushMaterial.uexp" 230
"../../../Engine/Content/EditorLandscapeResources/ColorMaskBrushMaterial_MaskedRegion.uasset" 231
"../../../Engine/Content/EditorLandscapeResources/ColorMaskBrushMaterial_MaskedRegion.uexp" 232
"../../../Engine/Plugins/VirtualProduction/CameraCalibrationCore/Content/Materials/M_DefaultOddSquare.uasset" 233
"../../../Engine/Plugins/VirtualProduction/CameraCalibrationCore/Content/Materials/M_DefaultOddSquare.uexp" 234
"../../../Engine/Plugins/VirtualProduction/CameraCalibrationCore/Content/Materials/M_DefaultEvenSquare.uasset" 235
"../../../Engine/Plugins/VirtualProduction/CameraCalibrationCore/Content/Materials/M_DefaultEvenSquare.uexp" 236
"../../../Engine/Plugins/Runtime/HairStrands/Content/Materials/HairMeshesDefaultMaterial.uasset" 237
"../../../Engine/Plugins/Runtime/HairStrands/Content/Materials/HairMeshesDefaultMaterial.uexp" 238
"../../../Engine/Plugins/Runtime/HairStrands/Content/Materials/HairDefaultMaterial.uasset" 239
"../../../Engine/Plugins/Runtime/HairStrands/Content/Materials/HairDefaultMaterial.uexp" 240
"../../../Engine/Content/Functions/Engine_MaterialFunctions02/Utility/MakeFloat2.uasset" 241
"../../../Engine/Content/Functions/Engine_MaterialFunctions02/Utility/MakeFloat2.uexp" 242
"../../../Engine/Content/EngineMaterials/HairDebugColor.uasset" 243
"../../../Engine/Content/EngineMaterials/HairDebugColor.uexp" 244
"../../../Engine/Content/EngineMaterials/HairColorMap.uasset" 245
"../../../Engine/Content/EngineMaterials/HairColorMap.uexp" 246
"../../../Engine/Plugins/Runtime/HairStrands/Content/Materials/HairGroupColors.uasset" 247
"../../../Engine/Plugins/Runtime/HairStrands/Content/Materials/HairGroupColors.uexp" 248
"../../../Engine/Plugins/Runtime/HairStrands/Content/Materials/HairDebugMaterial.uasset" 249
"../../../Engine/Plugins/Runtime/HairStrands/Content/Materials/HairDebugMaterial.uexp" 250
"../../../Engine/Plugins/Runtime/HairStrands/Content/Materials/HairCardsDefaultMaterial.uasset" 251
"../../../Engine/Plugins/Runtime/HairStrands/Content/Materials/HairCardsDefaultMaterial.uexp" 252
"../../../Engine/Plugins/Runtime/AudioWidgets/Content/Resources/ScrubHandleDown_Clamped.uasset" 253
"../../../Engine/Plugins/Runtime/AudioWidgets/Content/Resources/ScrubHandleDown_Clamped.uexp" 254
"../../../Engine/Plugins/Interchange/Assets/Content/Functions/MX_UsdPreviewSurface.uasset" 255
"../../../Engine/Plugins/Interchange/Assets/Content/Functions/MX_UsdPreviewSurface.uexp" 256
"../../../Engine/Plugins/Interchange/Assets/Content/Functions/MX_UniformEDF.uasset" 257
"../../../Engine/Plugins/Interchange/Assets/Content/Functions/MX_UniformEDF.uexp" 258
"../../../Engine/Plugins/Interchange/Assets/Content/Functions/MX_TranslucentBSDF.uasset" 259
"../../../Engine/Plugins/Interchange/Assets/Content/Functions/MX_TranslucentBSDF.uexp" 260
"../../../Engine/Plugins/Interchange/Assets/Content/Functions/MX_ThinFilmBSDF.uasset" 261
"../../../Engine/Plugins/Interchange/Assets/Content/Functions/MX_ThinFilmBSDF.uexp" 262
"../../../Engine/Plugins/Interchange/Assets/Content/Functions/MX_SurfaceUnlit.uasset" 263
"../../../Engine/Plugins/Interchange/Assets/Content/Functions/MX_SurfaceUnlit.uexp" 264
"../../../Engine/Plugins/Interchange/Assets/Content/Functions/MX_Surface.uasset" 265
"../../../Engine/Plugins/Interchange/Assets/Content/Functions/MX_Surface.uexp" 266
"../../../Engine/Plugins/Interchange/Assets/Content/Functions/MX_SubsurfaceBSDF.uasset" 267
"../../../Engine/Plugins/Interchange/Assets/Content/Functions/MX_SubsurfaceBSDF.uexp" 268
"../../../Engine/Plugins/Interchange/Assets/Content/Functions/MX_SheenBSDF.uasset" 269
"../../../Engine/Plugins/Interchange/Assets/Content/Functions/MX_SheenBSDF.uexp" 270
"../../../Engine/Plugins/Interchange/Assets/Content/Functions/MX_OrenNayarBSDF.uasset" 271
"../../../Engine/Plugins/Interchange/Assets/Content/Functions/MX_OrenNayarBSDF.uexp" 272
"../../../Engine/Plugins/Interchange/Assets/Content/Functions/MF_IridescenceNoLUT.uasset" 273
"../../../Engine/Plugins/Interchange/Assets/Content/Functions/MF_IridescenceNoLUT.uexp" 274
"../../../Engine/Plugins/Interchange/Assets/Content/Functions/MX_StandardSurface.uasset" 275
"../../../Engine/Plugins/Interchange/Assets/Content/Functions/MX_StandardSurface.uexp" 276
"../../../Engine/Plugins/Interchange/Assets/Content/Functions/MX_TransmissionSurface.uasset" 277
"../../../Engine/Plugins/Interchange/Assets/Content/Functions/MX_TransmissionSurface.uexp" 278
"../../../Engine/Plugins/Interchange/Assets/Content/Functions/MX_OpenPBR_Translucent.uasset" 279
"../../../Engine/Plugins/Interchange/Assets/Content/Functions/MX_OpenPBR_Translucent.uexp" 280
"../../../Engine/Plugins/Interchange/Assets/Content/Functions/MX_OpenPBR_Opaque.uasset" 281
"../../../Engine/Plugins/Interchange/Assets/Content/Functions/MX_OpenPBR_Opaque.uexp" 282
"../../../Engine/Plugins/Interchange/Assets/Content/Functions/MX_MeasuredEDF.uasset" 283
"../../../Engine/Plugins/Interchange/Assets/Content/Functions/MX_MeasuredEDF.uexp" 284
"../../../Engine/Plugins/Interchange/Assets/Content/Functions/MX_GeneralizedSchlickBSDF.uasset" 285
"../../../Engine/Plugins/Interchange/Assets/Content/Functions/MX_GeneralizedSchlickBSDF.uexp" 286
"../../../Engine/Content/Functions/Engine_MaterialFunctions02/Utility/BlendAngleCorrectedNormals.uasset" 287
"../../../Engine/Content/Functions/Engine_MaterialFunctions02/Utility/BlendAngleCorrectedNormals.uexp" 288
"../../../Engine/Plugins/Interchange/Assets/Content/Functions/MX_Displacement.uasset" 289
"../../../Engine/Plugins/Interchange/Assets/Content/Functions/MX_Displacement.uexp" 290
"../../../Engine/Plugins/Interchange/Assets/Content/Functions/MX_DielectricBSDF.uasset" 291
"../../../Engine/Plugins/Interchange/Assets/Content/Functions/MX_DielectricBSDF.uexp" 292
"../../../Engine/Plugins/Interchange/Assets/Content/Functions/MX_ConicalEDF.uasset" 293
"../../../Engine/Plugins/Interchange/Assets/Content/Functions/MX_ConicalEDF.uexp" 294
"../../../Engine/Plugins/Interchange/Assets/Content/Functions/MX_ConductorBSDF.uasset" 295
"../../../Engine/Plugins/Interchange/Assets/Content/Functions/MX_ConductorBSDF.uexp" 296
"../../../Engine/Plugins/Interchange/Assets/Content/Functions/MX_BurleyDiffuseBSDF.uasset" 297
"../../../Engine/Plugins/Interchange/Assets/Content/Functions/MX_BurleyDiffuseBSDF.uexp" 298
"../../../Engine/Plugins/Interchange/Assets/Content/Functions/MX_AnisotropicVDF.uasset" 299
"../../../Engine/Plugins/Interchange/Assets/Content/Functions/MX_AnisotropicVDF.uexp" 300
"../../../Engine/Plugins/Interchange/Assets/Content/Functions/MX_AbsorptionVDF.uasset" 301
"../../../Engine/Plugins/Interchange/Assets/Content/Functions/MX_AbsorptionVDF.uexp" 302
"../../../Engine/Content/Functions/Engine_MaterialFunctions02/Utility/VectorLength.uasset" 303
"../../../Engine/Content/Functions/Engine_MaterialFunctions02/Utility/VectorLength.uexp" 304
"../../../Engine/Content/Functions/Engine_MaterialFunctions02/WorldPositionOffset/ObjectScale.uasset" 305
"../../../Engine/Content/Functions/Engine_MaterialFunctions02/WorldPositionOffset/ObjectScale.uexp" 306
"../../../Engine/Content/Functions/Engine_MaterialFunctions02/Utility/BreakOutFloat3Components.uasset" 307
"../../../Engine/Content/Functions/Engine_MaterialFunctions02/Utility/BreakOutFloat3Components.uexp" 308
"../../../Engine/Content/Functions/Engine_MaterialFunctions02/SafeNormalize.uasset" 309
"../../../Engine/Content/Functions/Engine_MaterialFunctions02/SafeNormalize.uexp" 310
"../../../Engine/Plugins/Editor/SpeedTreeImporter/Content/SpeedTree9/UnpackInteger3.uasset" 311
"../../../Engine/Plugins/Editor/SpeedTreeImporter/Content/SpeedTree9/UnpackInteger3.uexp" 312
"../../../Engine/Plugins/Editor/SpeedTreeImporter/Content/SpeedTree9/UnpackDirection.uasset" 313
"../../../Engine/Plugins/Editor/SpeedTreeImporter/Content/SpeedTree9/UnpackDirection.uexp" 314
"../../../Engine/Plugins/Editor/SpeedTreeImporter/Content/SpeedTree9/game_wind_noise.ubulk" 315
"../../../Engine/Plugins/Editor/SpeedTreeImporter/Content/SpeedTree9/game_wind_noise.uasset" 316
"../../../Engine/Plugins/Editor/SpeedTreeImporter/Content/SpeedTree9/game_wind_noise.uexp" 317
"../../../Engine/Plugins/Editor/SpeedTreeImporter/Content/SpeedTree9/SpeedTreeWindMotion.uasset" 318
"../../../Engine/Plugins/Editor/SpeedTreeImporter/Content/SpeedTree9/SpeedTreeWindMotion.uexp" 319
"../../../Engine/Plugins/Editor/SpeedTreeImporter/Content/SpeedTree9/SpeedTreeBranchMotion.uasset" 320
"../../../Engine/Plugins/Editor/SpeedTreeImporter/Content/SpeedTree9/SpeedTreeBranchMotion.uexp" 321
"../../../Engine/Content/Functions/Engine_MaterialFunctions02/ObjectLocalBounds.uasset" 322
"../../../Engine/Content/Functions/Engine_MaterialFunctions02/ObjectLocalBounds.uexp" 323
"../../../Engine/Content/Functions/Engine_MaterialFunctions02/UVs/BoundingBoxBased_0-1_UVW.uasset" 324
"../../../Engine/Content/Functions/Engine_MaterialFunctions02/UVs/BoundingBoxBased_0-1_UVW.uexp" 325
"../../../Engine/Plugins/Editor/SpeedTreeImporter/Content/SpeedTree9/SpeedTreeWind.uasset" 326
"../../../Engine/Plugins/Editor/SpeedTreeImporter/Content/SpeedTree9/SpeedTreeWind.uexp" 327
"../../../Engine/Plugins/Editor/SpeedTreeImporter/Content/SpeedTree9/SpeedTreeCameraFacing.uasset" 328
"../../../Engine/Plugins/Editor/SpeedTreeImporter/Content/SpeedTree9/SpeedTreeCameraFacing.uexp" 329
"../../../Engine/Plugins/Editor/SpeedTreeImporter/Content/SpeedTree9/EmptyNormal.uasset" 330
"../../../Engine/Plugins/Editor/SpeedTreeImporter/Content/SpeedTree9/EmptyNormal.uexp" 331
"../../../Engine/Plugins/Editor/SpeedTreeImporter/Content/SpeedTree9/Empty.uasset" 332
"../../../Engine/Plugins/Editor/SpeedTreeImporter/Content/SpeedTree9/Empty.uexp" 333
"../../../Engine/Plugins/Editor/SpeedTreeImporter/Content/SpeedTree9/SpeedTreeMaster.uasset" 334
"../../../Engine/Plugins/Editor/SpeedTreeImporter/Content/SpeedTree9/SpeedTreeMaster.uexp" 335
"../../../Engine/Plugins/Editor/SpeedTreeImporter/Content/SpeedTree9/SpeedTreeBillboard.uasset" 336
"../../../Engine/Plugins/Editor/SpeedTreeImporter/Content/SpeedTree9/SpeedTreeBillboard.uexp" 337
"../../../Engine/Plugins/Editor/SpeedTreeImporter/Content/SpeedTree9/SpeedTreeBillboardMaster.uasset" 338
"../../../Engine/Plugins/Editor/SpeedTreeImporter/Content/SpeedTree9/SpeedTreeBillboardMaster.uexp" 339
"../../../Engine/Plugins/Animation/ControlRig/Content/Controls/ControlRig_Wedge_solid.uasset" 340
"../../../Engine/Plugins/Animation/ControlRig/Content/Controls/ControlRig_Wedge_solid.uexp" 341
"../../../Engine/Plugins/Animation/ControlRig/Content/Controls/ControlRig_Wedge_3mm.uasset" 342
"../../../Engine/Plugins/Animation/ControlRig/Content/Controls/ControlRig_Wedge_3mm.uexp" 343
"../../../Engine/Plugins/Animation/ControlRig/Content/Controls/ControlRig_Wedge_1mm.uasset" 344
"../../../Engine/Plugins/Animation/ControlRig/Content/Controls/ControlRig_Wedge_1mm.uexp" 345
"../../../Engine/Plugins/Animation/ControlRig/Content/Controls/ControlRig_Triangle_solid.uasset" 346
"../../../Engine/Plugins/Animation/ControlRig/Content/Controls/ControlRig_Triangle_solid.uexp" 347
"../../../Engine/Plugins/Animation/ControlRig/Content/Controls/ControlRig_Triangle_3mm.uasset" 348
"../../../Engine/Plugins/Animation/ControlRig/Content/Controls/ControlRig_Triangle_3mm.uexp" 349
"../../../Engine/Plugins/Animation/ControlRig/Content/Controls/ControlRig_Triangle_1mm.uasset" 350
"../../../Engine/Plugins/Animation/ControlRig/Content/Controls/ControlRig_Triangle_1mm.uexp" 351
"../../../Engine/Plugins/Animation/ControlRig/Content/Controls/ControlRig_Star4_solid.uasset" 352
"../../../Engine/Plugins/Animation/ControlRig/Content/Controls/ControlRig_Star4_solid.uexp" 353
"../../../Engine/Plugins/Animation/ControlRig/Content/Controls/ControlRig_Star4_3mm.uasset" 354
"../../../Engine/Plugins/Animation/ControlRig/Content/Controls/ControlRig_Star4_3mm.uexp" 355
"../../../Engine/Plugins/Animation/ControlRig/Content/Controls/ControlRig_Star4_1mm.uasset" 356
"../../../Engine/Plugins/Animation/ControlRig/Content/Controls/ControlRig_Star4_1mm.uexp" 357
"../../../Engine/Plugins/Animation/ControlRig/Content/Controls/ControlRig_Square_solid.uasset" 358
"../../../Engine/Plugins/Animation/ControlRig/Content/Controls/ControlRig_Square_solid.uexp" 359
"../../../Engine/Plugins/Animation/ControlRig/Content/Controls/ControlRig_Square_3mm.uasset" 360
"../../../Engine/Plugins/Animation/ControlRig/Content/Controls/ControlRig_Square_3mm.uexp" 361
"../../../Engine/Plugins/Animation/ControlRig/Content/Controls/ControlRig_Square_1mm.uasset" 362
"../../../Engine/Plugins/Animation/ControlRig/Content/Controls/ControlRig_Square_1mm.uexp" 363
"../../../Engine/Plugins/Animation/ControlRig/Content/Controls/ControlRig_Sphere_solid.uasset" 364
"../../../Engine/Plugins/Animation/ControlRig/Content/Controls/ControlRig_Sphere_solid.uexp" 365
"../../../Engine/Plugins/Animation/ControlRig/Content/Controls/ControlRig_Sphere_3mm.uasset" 366
"../../../Engine/Plugins/Animation/ControlRig/Content/Controls/ControlRig_Sphere_3mm.uexp" 367
"../../../Engine/Plugins/Animation/ControlRig/Content/Controls/ControlRig_Sphere_1mm.uasset" 368
"../../../Engine/Plugins/Animation/ControlRig/Content/Controls/ControlRig_Sphere_1mm.uexp" 369
"../../../Engine/Plugins/Animation/ControlRig/Content/Controls/ControlRig_RoundedTriangle_solid.uasset" 370
"../../../Engine/Plugins/Animation/ControlRig/Content/Controls/ControlRig_RoundedTriangle_solid.uexp" 371
"../../../Engine/Plugins/Animation/ControlRig/Content/Controls/ControlRig_RoundedTriangle_3mm.uasset" 372
"../../../Engine/Plugins/Animation/ControlRig/Content/Controls/ControlRig_RoundedTriangle_3mm.uexp" 373
"../../../Engine/Plugins/Animation/ControlRig/Content/Controls/ControlRig_RoundedTriangle_1mm.uasset" 374
"../../../Engine/Plugins/Animation/ControlRig/Content/Controls/ControlRig_RoundedTriangle_1mm.uexp" 375
"../../../Engine/Plugins/Animation/ControlRig/Content/Controls/ControlRig_RoundedSquare_solid.uasset" 376
"../../../Engine/Plugins/Animation/ControlRig/Content/Controls/ControlRig_RoundedSquare_solid.uexp" 377
"../../../Engine/Plugins/Animation/ControlRig/Content/Controls/ControlRig_RoundedSquare_3mm.uasset" 378
"../../../Engine/Plugins/Animation/ControlRig/Content/Controls/ControlRig_RoundedSquare_3mm.uexp" 379
"../../../Engine/Plugins/Animation/ControlRig/Content/Controls/ControlRig_RoundedSquare_1mm.uasset" 380
"../../../Engine/Plugins/Animation/ControlRig/Content/Controls/ControlRig_RoundedSquare_1mm.uexp" 381
"../../../Engine/Plugins/Animation/ControlRig/Content/Controls/ControlRig_QuarterCircle_solid.uasset" 382
"../../../Engine/Plugins/Animation/ControlRig/Content/Controls/ControlRig_QuarterCircle_solid.uexp" 383
"../../../Engine/Plugins/Animation/ControlRig/Content/Controls/ControlRig_QuarterCircle_3mm.uasset" 384
"../../../Engine/Plugins/Animation/ControlRig/Content/Controls/ControlRig_QuarterCircle_3mm.uexp" 385
"../../../Engine/Plugins/Animation/ControlRig/Content/Controls/ControlRig_QuarterCircle_1mm.uasset" 386
"../../../Engine/Plugins/Animation/ControlRig/Content/Controls/ControlRig_QuarterCircle_1mm.uexp" 387
"../../../Engine/Plugins/Animation/ControlRig/Content/Controls/ControlRig_Pyramid_solid.uasset" 388
"../../../Engine/Plugins/Animation/ControlRig/Content/Controls/ControlRig_Pyramid_solid.uexp" 389
"../../../Engine/Plugins/Animation/ControlRig/Content/Controls/ControlRig_Pyramid_3mm.uasset" 390
"../../../Engine/Plugins/Animation/ControlRig/Content/Controls/ControlRig_Pyramid_3mm.uexp" 391
"../../../Engine/Plugins/Animation/ControlRig/Content/Controls/ControlRig_Pyramid_1mm.uasset" 392
"../../../Engine/Plugins/Animation/ControlRig/Content/Controls/ControlRig_Pyramid_1mm.uexp" 393
"../../../Engine/Plugins/Animation/ControlRig/Content/Controls/ControlRig_Octagon_solid.uasset" 394
"../../../Engine/Plugins/Animation/ControlRig/Content/Controls/ControlRig_Octagon_solid.uexp" 395
"../../../Engine/Plugins/Animation/ControlRig/Content/Controls/ControlRig_Octagon_3mm.uasset" 396
"../../../Engine/Plugins/Animation/ControlRig/Content/Controls/ControlRig_Octagon_3mm.uexp" 397
"../../../Engine/Plugins/Animation/ControlRig/Content/Controls/ControlRig_Octagon_1mm.uasset" 398
"../../../Engine/Plugins/Animation/ControlRig/Content/Controls/ControlRig_Octagon_1mm.uexp" 399
"../../../Engine/Plugins/Animation/ControlRig/Content/Controls/ControlRig_Hexagon_solid.uasset" 400
"../../../Engine/Plugins/Animation/ControlRig/Content/Controls/ControlRig_Hexagon_solid.uexp" 401
"../../../Engine/Plugins/Animation/ControlRig/Content/Controls/ControlRig_Hexagon_3mm.uasset" 402
"../../../Engine/Plugins/Animation/ControlRig/Content/Controls/ControlRig_Hexagon_3mm.uexp" 403
"../../../Engine/Plugins/Animation/ControlRig/Content/Controls/ControlRig_Hexagon_1mm.uasset" 404
"../../../Engine/Plugins/Animation/ControlRig/Content/Controls/ControlRig_Hexagon_1mm.uexp" 405
"../../../Engine/Plugins/Animation/ControlRig/Content/Controls/ControlRig_HalfCircle_solid.uasset" 406
"../../../Engine/Plugins/Animation/ControlRig/Content/Controls/ControlRig_HalfCircle_solid.uexp" 407
"../../../Engine/Plugins/Animation/ControlRig/Content/Controls/ControlRig_HalfCircle_3mm.uasset" 408
"../../../Engine/Plugins/Animation/ControlRig/Content/Controls/ControlRig_HalfCircle_3mm.uexp" 409
"../../../Engine/Plugins/Animation/ControlRig/Content/Controls/ControlRig_HalfCircle_1mm.uasset" 410
"../../../Engine/Plugins/Animation/ControlRig/Content/Controls/ControlRig_HalfCircle_1mm.uexp" 411
"../../../Engine/Plugins/Animation/ControlRig/Content/Controls/ControlRig_Diamond_solid.uasset" 412
"../../../Engine/Plugins/Animation/ControlRig/Content/Controls/ControlRig_Diamond_solid.uexp" 413
"../../../Engine/Plugins/Animation/ControlRig/Content/Controls/ControlRig_Diamond_3mm.uasset" 414
"../../../Engine/Plugins/Animation/ControlRig/Content/Controls/ControlRig_Diamond_3mm.uexp" 415
"../../../Engine/Plugins/Animation/ControlRig/Content/Controls/ControlRig_Diamond_1mm.uasset" 416
"../../../Engine/Plugins/Animation/ControlRig/Content/Controls/ControlRig_Diamond_1mm.uexp" 417
"../../../Engine/Plugins/Animation/ControlRig/Content/Controls/ControlRig_Circle_solid.uasset" 418
"../../../Engine/Plugins/Animation/ControlRig/Content/Controls/ControlRig_Circle_solid.uexp" 419
"../../../Engine/Plugins/Animation/ControlRig/Content/Controls/ControlRig_Circle_3mm.uasset" 420
"../../../Engine/Plugins/Animation/ControlRig/Content/Controls/ControlRig_Circle_3mm.uexp" 421
"../../../Engine/Plugins/Animation/ControlRig/Content/Controls/ControlRig_Circle_1mm.uasset" 422
"../../../Engine/Plugins/Animation/ControlRig/Content/Controls/ControlRig_Circle_1mm.uexp" 423
"../../../Engine/Plugins/Animation/ControlRig/Content/Controls/ControlRig_Box_solid.uasset" 424
"../../../Engine/Plugins/Animation/ControlRig/Content/Controls/ControlRig_Box_solid.uexp" 425
"../../../Engine/Plugins/Animation/ControlRig/Content/Controls/ControlRig_Box_3mm.uasset" 426
"../../../Engine/Plugins/Animation/ControlRig/Content/Controls/ControlRig_Box_3mm.uexp" 427
"../../../Engine/Plugins/Animation/ControlRig/Content/Controls/ControlRig_Box_1mm.uasset" 428
"../../../Engine/Plugins/Animation/ControlRig/Content/Controls/ControlRig_Box_1mm.uexp" 429
"../../../Engine/Plugins/Animation/ControlRig/Content/Controls/ControlRig_Arrow_solid.uasset" 430
"../../../Engine/Plugins/Animation/ControlRig/Content/Controls/ControlRig_Arrow_solid.uexp" 431
"../../../Engine/Plugins/Animation/ControlRig/Content/Controls/ControlRig_Arrow_3mm.uasset" 432
"../../../Engine/Plugins/Animation/ControlRig/Content/Controls/ControlRig_Arrow_3mm.uexp" 433
"../../../Engine/Plugins/Animation/ControlRig/Content/Controls/ControlRig_Arrow_1mm.uasset" 434
"../../../Engine/Plugins/Animation/ControlRig/Content/Controls/ControlRig_Arrow_1mm.uexp" 435
"../../../Engine/Plugins/Animation/ControlRig/Content/Controls/ControlRig_Arrow4_solid.uasset" 436
"../../../Engine/Plugins/Animation/ControlRig/Content/Controls/ControlRig_Arrow4_solid.uexp" 437
"../../../Engine/Plugins/Animation/ControlRig/Content/Controls/ControlRig_Arrow4_3mm.uasset" 438
"../../../Engine/Plugins/Animation/ControlRig/Content/Controls/ControlRig_Arrow4_3mm.uexp" 439
"../../../Engine/Plugins/Animation/ControlRig/Content/Controls/ControlRig_Arrow4_1mm.uasset" 440
"../../../Engine/Plugins/Animation/ControlRig/Content/Controls/ControlRig_Arrow4_1mm.uexp" 441
"../../../Engine/Plugins/Animation/ControlRig/Content/Controls/ControlRig_Arrow2_solid.uasset" 442
"../../../Engine/Plugins/Animation/ControlRig/Content/Controls/ControlRig_Arrow2_solid.uexp" 443
"../../../Engine/Plugins/Animation/ControlRig/Content/Controls/ControlRig_Arrow2_3mm.uasset" 444
"../../../Engine/Plugins/Animation/ControlRig/Content/Controls/ControlRig_Arrow2_3mm.uexp" 445
"../../../Engine/Plugins/Animation/ControlRig/Content/Controls/ControlRig_Arrow2_1mm.uasset" 446
"../../../Engine/Plugins/Animation/ControlRig/Content/Controls/ControlRig_Arrow2_1mm.uexp" 447
"../../../Engine/Plugins/Animation/ControlRig/Content/Controls/ControlRigXRayMaterial.uasset" 448
"../../../Engine/Plugins/Animation/ControlRig/Content/Controls/ControlRigXRayMaterial.uexp" 449
"../../../Engine/Plugins/Animation/ControlRig/Content/Controls/ControlRigGizmoMaterial.uasset" 450
"../../../Engine/Plugins/Animation/ControlRig/Content/Controls/ControlRigGizmoMaterial.uexp" 451
"../../../Engine/Content/EngineResources/WhiteSquareTexture.uasset" 452
"../../../Engine/Content/EngineResources/WhiteSquareTexture.uexp" 453
"../../../Engine/Content/EngineMaterials/Widget3DPassThrough.uasset" 454
"../../../Engine/Content/EngineMaterials/Widget3DPassThrough.uexp" 455
"../../../Engine/Content/EngineMaterials/Widget3DPassThrough_Translucent.uasset" 456
"../../../Engine/Content/EngineMaterials/Widget3DPassThrough_Translucent.uexp" 457
"../../../Engine/Content/EngineMaterials/Widget3DPassThrough_Translucent_OneSided.uasset" 458
"../../../Engine/Content/EngineMaterials/Widget3DPassThrough_Translucent_OneSided.uexp" 459
"../../../Engine/Content/EngineMaterials/Widget3DPassThrough_Opaque.uasset" 460
"../../../Engine/Content/EngineMaterials/Widget3DPassThrough_Opaque.uexp" 461
"../../../Engine/Content/EngineMaterials/Widget3DPassThrough_Opaque_OneSided.uasset" 462
"../../../Engine/Content/EngineMaterials/Widget3DPassThrough_Opaque_OneSided.uexp" 463
"../../../Engine/Content/EngineMaterials/Widget3DPassThrough_Masked_OneSided.uasset" 464
"../../../Engine/Content/EngineMaterials/Widget3DPassThrough_Masked_OneSided.uexp" 465
"../../../Engine/Content/EngineMaterials/Widget3DPassThrough_Masked.uasset" 466
"../../../Engine/Content/EngineMaterials/Widget3DPassThrough_Masked.uexp" 467
"../../../Engine/Content/EngineMaterials/WeightMapPlaceholderTexture.uasset" 468
"../../../Engine/Content/EngineMaterials/WeightMapPlaceholderTexture.uexp" 469
"../../../Engine/Content/EngineMaterials/WeightMapArrayPlaceholderTexture.uasset" 470
"../../../Engine/Content/EngineMaterials/WeightMapArrayPlaceholderTexture.uexp" 471
"../../../Engine/Content/EngineMaterials/RemoveSurfaceMaterial.uasset" 472
"../../../Engine/Content/EngineMaterials/RemoveSurfaceMaterial.uexp" 473
"../../../Engine/Content/EngineMaterials/PreintegratedSkinBRDF.uasset" 474
"../../../Engine/Content/EngineMaterials/PreintegratedSkinBRDF.uexp" 475
"../../../Engine/Content/EngineMaterials/DefaultCalibrationGrayscale.uasset" 476
"../../../Engine/Content/EngineMaterials/DefaultCalibrationGrayscale.uexp" 477
"../../../Engine/Content/EngineMaterials/PPM_DefaultCalibrationGrayscale.uasset" 478
"../../../Engine/Content/EngineMaterials/PPM_DefaultCalibrationGrayscale.uexp" 479
"../../../Engine/Content/EngineMaterials/DefaultCalibrationColor.uasset" 480
"../../../Engine/Content/EngineMaterials/DefaultCalibrationColor.uexp" 481
"../../../Engine/Content/EngineMaterials/PPM_DefaultCalibrationColor.uasset" 482
"../../../Engine/Content/EngineMaterials/PPM_DefaultCalibrationColor.uexp" 483
"../../../Engine/Content/EngineMaterials/PhAT_JointLimitMaterial.uasset" 484
"../../../Engine/Content/EngineMaterials/PhAT_JointLimitMaterial.uexp" 485
"../../../Engine/Content/EngineMaterials/NaniteHiddenSectionMaterial.uasset" 486
"../../../Engine/Content/EngineMaterials/NaniteHiddenSectionMaterial.uexp" 487
"../../../Engine/Content/EngineMaterials/InvalidLightmapSettings.ubulk" 488
"../../../Engine/Content/EngineMaterials/InvalidLightmapSettings.uasset" 489
"../../../Engine/Content/EngineMaterials/InvalidLightmapSettings.uexp" 490
"../../../Engine/Content/EngineMaterials/M_InvalidLightmapSettings.uasset" 491
"../../../Engine/Content/EngineMaterials/M_InvalidLightmapSettings.uexp" 492
"../../../Engine/Content/EngineMaterials/MiniFont.uasset" 493
"../../../Engine/Content/EngineMaterials/MiniFont.uexp" 494
"../../../Engine/Content/EngineMaterials/GizmoMaterial.uasset" 495
"../../../Engine/Content/EngineMaterials/GizmoMaterial.uexp" 496
"../../../Engine/Content/EngineMaterials/BaseFlattenDiffuseMap_VT.uasset" 497
"../../../Engine/Content/EngineMaterials/BaseFlattenDiffuseMap_VT.uexp" 498
"../../../Engine/Content/EngineMaterials/BaseFlattenEmissiveMap_VT.uasset" 499
"../../../Engine/Content/EngineMaterials/BaseFlattenEmissiveMap_VT.uexp" 500
"../../../Engine/Content/EngineMaterials/BaseFlattenGrayscaleMap_VT.uasset" 501
"../../../Engine/Content/EngineMaterials/BaseFlattenGrayscaleMap_VT.uexp" 502
"../../../Engine/Content/EngineMaterials/BaseFlattenLinearColor_VT.uasset" 503
"../../../Engine/Content/EngineMaterials/BaseFlattenLinearColor_VT.uexp" 504
"../../../Engine/Content/EngineMaterials/BaseFlattenNormalMap_VT.uasset" 505
"../../../Engine/Content/EngineMaterials/BaseFlattenNormalMap_VT.uexp" 506
"../../../Engine/Content/EngineMaterials/Black_1x1_EXR_Texture_VT.uasset" 507
"../../../Engine/Content/EngineMaterials/Black_1x1_EXR_Texture_VT.uexp" 508
"../../../Engine/Content/EngineMaterials/FlattenMaterial_WS_Normal_VT.uasset" 509
"../../../Engine/Content/EngineMaterials/FlattenMaterial_WS_Normal_VT.uexp" 510
"../../../Engine/Content/EngineMaterials/FlattenMaterial_VT.uasset" 511
"../../../Engine/Content/EngineMaterials/FlattenMaterial_VT.uexp" 512
"../../../Engine/Content/EngineMaterials/BaseFlattenNormalMap.uasset" 513
"../../../Engine/Content/EngineMaterials/BaseFlattenNormalMap.uexp" 514
"../../../Engine/Content/EngineMaterials/BaseFlattenDiffuseMap.uasset" 515
"../../../Engine/Content/EngineMaterials/BaseFlattenDiffuseMap.uexp" 516
"../../../Engine/Content/EngineMaterials/BaseFlattenEmissiveMap.uasset" 517
"../../../Engine/Content/EngineMaterials/BaseFlattenEmissiveMap.uexp" 518
"../../../Engine/Content/EngineMaterials/BaseFlattenGrayscaleMap.uasset" 519
"../../../Engine/Content/EngineMaterials/BaseFlattenGrayscaleMap.uexp" 520
"../../../Engine/Content/EngineMaterials/BaseFlattenLinearColor.uasset" 521
"../../../Engine/Content/EngineMaterials/BaseFlattenLinearColor.uexp" 522
"../../../Engine/Content/Functions/Engine_MaterialFunctions02/PivotPainter2/Black_1x1_EXR_Texture.uasset" 523
"../../../Engine/Content/Functions/Engine_MaterialFunctions02/PivotPainter2/Black_1x1_EXR_Texture.uexp" 524
"../../../Engine/Content/EngineMaterials/FlattenMaterial.uasset" 525
"../../../Engine/Content/EngineMaterials/FlattenMaterial.uexp" 526
"../../../Engine/Content/EngineMaterials/FastBlueNoise_vec2_128x128x64.uasset" 527
"../../../Engine/Content/EngineMaterials/FastBlueNoise_vec2_128x128x64.uexp" 528
"../../../Engine/Content/EngineMaterials/FastBlueNoise_scalar_128x128x8.uasset" 529
"../../../Engine/Content/EngineMaterials/FastBlueNoise_scalar_128x128x8.uexp" 530
"../../../Engine/Content/EngineMaterials/FastBlueNoise_scalar_128x128x64.uasset" 531
"../../../Engine/Content/EngineMaterials/FastBlueNoise_scalar_128x128x64.uexp" 532
"../../../Engine/Content/EngineMaterials/DefaultWhiteGrid_Low.uasset" 533
"../../../Engine/Content/EngineMaterials/DefaultWhiteGrid_Low.uexp" 534
"../../../Engine/Content/EngineMaterials/EmissiveMeshMaterial.uasset" 535
"../../../Engine/Content/EngineMaterials/EmissiveMeshMaterial.uexp" 536
"../../../Engine/Content/EngineMaterials/DefaultWhiteGrid.ubulk" 537
"../../../Engine/Content/EngineMaterials/DefaultWhiteGrid.uasset" 538
"../../../Engine/Content/EngineMaterials/DefaultWhiteGrid.uexp" 539
"../../../Engine/Content/EngineFonts/RobotoDistanceField.uasset" 540
"../../../Engine/Content/EngineFonts/RobotoDistanceField.uexp" 541
"../../../Engine/Content/EngineMaterials/DefaultTextMaterialOpaque.uasset" 542
"../../../Engine/Content/EngineMaterials/DefaultTextMaterialOpaque.uexp" 543
"../../../Engine/Content/EngineMaterials/DefaultPostProcessMaterial.uasset" 544
"../../../Engine/Content/EngineMaterials/DefaultPostProcessMaterial.uexp" 545
"../../../Engine/Content/EngineMaterials/DefaultLightFunctionMaterial.uasset" 546
"../../../Engine/Content/EngineMaterials/DefaultLightFunctionMaterial.uexp" 547
"../../../Engine/Content/EngineMaterials/DefaultDeferredDecalMaterial.uasset" 548
"../../../Engine/Content/EngineMaterials/DefaultDeferredDecalMaterial.uexp" 549
"../../../Engine/Content/EngineMaterials/DefaultBokeh.uasset" 550
"../../../Engine/Content/EngineMaterials/DefaultBokeh.uexp" 551
"../../../Engine/Content/EngineMaterials/DefaultBloomKernel.uasset" 552
"../../../Engine/Content/EngineMaterials/DefaultBloomKernel.uexp" 553
"../../../Engine/Plugins/Interchange/Assets/Content/gltf/Textures/T_White_srgb.uasset" 554
"../../../Engine/Plugins/Interchange/Assets/Content/gltf/Textures/T_White_srgb.uexp" 555
"../../../Engine/Plugins/Interchange/Assets/Content/gltf/MaterialFunctions/MF_BaseColor.uasset" 556
"../../../Engine/Plugins/Interchange/Assets/Content/gltf/MaterialFunctions/MF_BaseColor.uexp" 557
"../../../Engine/Plugins/Interchange/Assets/Content/gltf/MaterialFunctions/MF_RotateV2.uasset" 558
"../../../Engine/Plugins/Interchange/Assets/Content/gltf/MaterialFunctions/MF_RotateV2.uexp" 559
"../../../Engine/Plugins/Interchange/Assets/Content/gltf/MaterialFunctions/MF_TransformUVs.uasset" 560
"../../../Engine/Plugins/Interchange/Assets/Content/gltf/MaterialFunctions/MF_TransformUVs.uexp" 561
"../../../Engine/Plugins/Interchange/Assets/Content/gltf/MaterialBodies/MF_Unlit_Body.uasset" 562
"../../../Engine/Plugins/Interchange/Assets/Content/gltf/MaterialBodies/MF_Unlit_Body.uexp" 563
"../../../Engine/Plugins/Interchange/Assets/Content/gltf/M_Unlit.uasset" 564
"../../../Engine/Plugins/Interchange/Assets/Content/gltf/M_Unlit.uexp" 565
"../../../Engine/Plugins/Interchange/Assets/Content/gltf/MaterialInstances/MI_Unlit_Opaque_DS.uasset" 566
"../../../Engine/Plugins/Interchange/Assets/Content/gltf/MaterialInstances/MI_Unlit_Opaque_DS.uexp" 567
"../../../Engine/Plugins/Interchange/Assets/Content/gltf/MaterialInstances/MI_Unlit_Opaque.uasset" 568
"../../../Engine/Plugins/Interchange/Assets/Content/gltf/MaterialInstances/MI_Unlit_Opaque.uexp" 569
"../../../Engine/Plugins/Interchange/Assets/Content/gltf/MaterialInstances/MI_Unlit_Mask_DS.uasset" 570
"../../../Engine/Plugins/Interchange/Assets/Content/gltf/MaterialInstances/MI_Unlit_Mask_DS.uexp" 571
"../../../Engine/Plugins/Interchange/Assets/Content/gltf/MaterialInstances/MI_Unlit_Mask.uasset" 572
"../../../Engine/Plugins/Interchange/Assets/Content/gltf/MaterialInstances/MI_Unlit_Mask.uexp" 573
"../../../Engine/Plugins/Interchange/Assets/Content/gltf/MaterialInstances/MI_Unlit_Blend_DS.uasset" 574
"../../../Engine/Plugins/Interchange/Assets/Content/gltf/MaterialInstances/MI_Unlit_Blend_DS.uexp" 575
"../../../Engine/Plugins/Interchange/Assets/Content/gltf/MaterialInstances/MI_Unlit_Blend.uasset" 576
"../../../Engine/Plugins/Interchange/Assets/Content/gltf/MaterialInstances/MI_Unlit_Blend.uexp" 577
"../../../Engine/Content/EngineMaterials/Good64x64TilingNoiseHighFreq.uasset" 578
"../../../Engine/Content/EngineMaterials/Good64x64TilingNoiseHighFreq.uexp" 579
"../../../Engine/Content/Functions/Engine_MaterialFunctions02/Texturing/ScreenAlignedPixelToPixelUVs.uasset" 580
"../../../Engine/Content/Functions/Engine_MaterialFunctions02/Texturing/ScreenAlignedPixelToPixelUVs.uexp" 581
"../../../Engine/Plugins/Interchange/Assets/Content/Utilities/New_LUT.uasset" 582
"../../../Engine/Plugins/Interchange/Assets/Content/Utilities/New_LUT.uexp" 583
"../../../Engine/Content/Functions/Engine_MaterialFunctions03/Math/RemapValueRange.uasset" 584
"../../../Engine/Content/Functions/Engine_MaterialFunctions03/Math/RemapValueRange.uexp" 585
"../../../Engine/Plugins/Interchange/Assets/Content/Functions/MF_Iridescence.uasset" 586
"../../../Engine/Plugins/Interchange/Assets/Content/Functions/MF_Iridescence.uexp" 587
"../../../Engine/Plugins/Interchange/Assets/Content/gltf/MaterialFunctions/MF_Fresnel_DS.uasset" 588
"../../../Engine/Plugins/Interchange/Assets/Content/gltf/MaterialFunctions/MF_Fresnel_DS.uexp" 589
"../../../Engine/Plugins/Interchange/Assets/Content/gltf/MaterialFunctions/MF_IOR.uasset" 590
"../../../Engine/Plugins/Interchange/Assets/Content/gltf/MaterialFunctions/MF_IOR.uexp" 591
"../../../Engine/Plugins/Interchange/Assets/Content/gltf/MaterialFunctions/MF_Iridescence.uasset" 592
"../../../Engine/Plugins/Interchange/Assets/Content/gltf/MaterialFunctions/MF_Iridescence.uexp" 593
"../../../Engine/Plugins/Interchange/Assets/Content/gltf/Textures/T_White_Linear.uasset" 594
"../../../Engine/Plugins/Interchange/Assets/Content/gltf/Textures/T_White_Linear.uexp" 595
"../../../Engine/Plugins/Interchange/Assets/Content/gltf/MaterialFunctions/MF_MetallicRoughness.uasset" 596
"../../../Engine/Plugins/Interchange/Assets/Content/gltf/MaterialFunctions/MF_MetallicRoughness.uexp" 597
"../../../Engine/Content/Functions/Engine_MaterialFunctions02/Math/Transform3x3Matrix.uasset" 598
"../../../Engine/Content/Functions/Engine_MaterialFunctions02/Math/Transform3x3Matrix.uexp" 599
"../../../Engine/Plugins/Interchange/Assets/Content/gltf/MaterialFunctions/MF_RotateNormals_TS.uasset" 600
"../../../Engine/Plugins/Interchange/Assets/Content/gltf/MaterialFunctions/MF_RotateNormals_TS.uexp" 601
"../../../Engine/Plugins/Interchange/Assets/Content/gltf/MaterialFunctions/MF_ScaleNormal.uasset" 602
"../../../Engine/Plugins/Interchange/Assets/Content/gltf/MaterialFunctions/MF_ScaleNormal.uexp" 603
"../../../Engine/Plugins/Interchange/Assets/Content/gltf/Textures/T_Generic_N.uasset" 604
"../../../Engine/Plugins/Interchange/Assets/Content/gltf/Textures/T_Generic_N.uexp" 605
"../../../Engine/Plugins/Interchange/Assets/Content/gltf/MaterialFunctions/MF_Normals.uasset" 606
"../../../Engine/Plugins/Interchange/Assets/Content/gltf/MaterialFunctions/MF_Normals.uexp" 607
"../../../Engine/Plugins/Interchange/Assets/Content/gltf/MaterialFunctions/MF_Occlusion.uasset" 608
"../../../Engine/Plugins/Interchange/Assets/Content/gltf/MaterialFunctions/MF_Occlusion.uexp" 609
"../../../Engine/Plugins/Interchange/Assets/Content/gltf/MaterialFunctions/MF_Specular.uasset" 610
"../../../Engine/Plugins/Interchange/Assets/Content/gltf/MaterialFunctions/MF_Specular.uexp" 611
"../../../Engine/Plugins/Interchange/Assets/Content/gltf/Textures/T_Anisotropy_Direction_Linear.uasset" 612
"../../../Engine/Plugins/Interchange/Assets/Content/gltf/Textures/T_Anisotropy_Direction_Linear.uexp" 613
"../../../Engine/Plugins/Interchange/Assets/Content/gltf/MaterialFunctions/MF_SpecularAnisotropy.uasset" 614
"../../../Engine/Plugins/Interchange/Assets/Content/gltf/MaterialFunctions/MF_SpecularAnisotropy.uexp" 615
"../../../Engine/Plugins/Interchange/Assets/Content/gltf/MaterialFunctions/MF_Temporal_Blur.uasset" 616
"../../../Engine/Plugins/Interchange/Assets/Content/gltf/MaterialFunctions/MF_Temporal_Blur.uexp" 617
"../../../Engine/Plugins/Interchange/Assets/Content/gltf/MaterialFunctions/MF_Transmission.uasset" 618
"../../../Engine/Plugins/Interchange/Assets/Content/gltf/MaterialFunctions/MF_Transmission.uexp" 619
"../../../Engine/Plugins/Interchange/Assets/Content/gltf/MaterialBodies/MF_Transmission_Body.uasset" 620
"../../../Engine/Plugins/Interchange/Assets/Content/gltf/MaterialBodies/MF_Transmission_Body.uexp" 621
"../../../Engine/Plugins/Interchange/Assets/Content/gltf/M_Transmission.uasset" 622
"../../../Engine/Plugins/Interchange/Assets/Content/gltf/M_Transmission.uexp" 623
"../../../Engine/Plugins/Interchange/Assets/Content/gltf/MaterialInstances/MI_Transmission_DS.uasset" 624
"../../../Engine/Plugins/Interchange/Assets/Content/gltf/MaterialInstances/MI_Transmission_DS.uexp" 625
"../../../Engine/Plugins/Interchange/Assets/Content/gltf/MaterialInstances/MI_Transmission.uasset" 626
"../../../Engine/Plugins/Interchange/Assets/Content/gltf/MaterialInstances/MI_Transmission.uexp" 627
"../../../Engine/Content/Functions/Engine_MaterialFunctions02/Math/AddComponents.uasset" 628
"../../../Engine/Content/Functions/Engine_MaterialFunctions02/Math/AddComponents.uexp" 629
"../../../Engine/Plugins/Interchange/Assets/Content/gltf/MaterialFunctions/MF_DiffuseSpecGloss.uasset" 630
"../../../Engine/Plugins/Interchange/Assets/Content/gltf/MaterialFunctions/MF_DiffuseSpecGloss.uexp" 631
"../../../Engine/Plugins/Interchange/Assets/Content/gltf/MaterialFunctions/MF_Emissive.uasset" 632
"../../../Engine/Plugins/Interchange/Assets/Content/gltf/MaterialFunctions/MF_Emissive.uexp" 633
"../../../Engine/Plugins/Interchange/Assets/Content/gltf/MaterialFunctions/MF_MaxComponentValue.uasset" 634
"../../../Engine/Plugins/Interchange/Assets/Content/gltf/MaterialFunctions/MF_MaxComponentValue.uexp" 635
"../../../Engine/Plugins/Interchange/Assets/Content/gltf/MaterialFunctions/MF_PerceivedBrightness.uasset" 636
"../../../Engine/Plugins/Interchange/Assets/Content/gltf/MaterialFunctions/MF_PerceivedBrightness.uexp" 637
"../../../Engine/Plugins/Interchange/Assets/Content/gltf/MaterialFunctions/MF_SpecGlossToMetalRoughness.uasset" 638
"../../../Engine/Plugins/Interchange/Assets/Content/gltf/MaterialFunctions/MF_SpecGlossToMetalRoughness.uexp" 639
"../../../Engine/Plugins/Interchange/Assets/Content/gltf/MaterialBodies/MF_SpecularGlossiness_Body.uasset" 640
"../../../Engine/Plugins/Interchange/Assets/Content/gltf/MaterialBodies/MF_SpecularGlossiness_Body.uexp" 641
"../../../Engine/Plugins/Interchange/Assets/Content/gltf/M_SpecularGlossiness.uasset" 642
"../../../Engine/Plugins/Interchange/Assets/Content/gltf/M_SpecularGlossiness.uexp" 643
"../../../Engine/Plugins/Interchange/Assets/Content/gltf/MaterialInstances/MI_SpecularGlossiness_Opaque_DS.uasset" 644
"../../../Engine/Plugins/Interchange/Assets/Content/gltf/MaterialInstances/MI_SpecularGlossiness_Opaque_DS.uexp" 645
"../../../Engine/Plugins/Interchange/Assets/Content/gltf/MaterialInstances/MI_SpecularGlossiness_Opaque.uasset" 646
"../../../Engine/Plugins/Interchange/Assets/Content/gltf/MaterialInstances/MI_SpecularGlossiness_Opaque.uexp" 647
"../../../Engine/Plugins/Interchange/Assets/Content/gltf/MaterialInstances/MI_SpecularGlossiness_Mask_DS.uasset" 648
"../../../Engine/Plugins/Interchange/Assets/Content/gltf/MaterialInstances/MI_SpecularGlossiness_Mask_DS.uexp" 649
"../../../Engine/Plugins/Interchange/Assets/Content/gltf/MaterialInstances/MI_SpecularGlossiness_Mask.uasset" 650
"../../../Engine/Plugins/Interchange/Assets/Content/gltf/MaterialInstances/MI_SpecularGlossiness_Mask.uexp" 651
"../../../Engine/Plugins/Interchange/Assets/Content/gltf/MaterialInstances/MI_SpecularGlossiness_Blend_DS.uasset" 652
"../../../Engine/Plugins/Interchange/Assets/Content/gltf/MaterialInstances/MI_SpecularGlossiness_Blend_DS.uexp" 653
"../../../Engine/Plugins/Interchange/Assets/Content/gltf/MaterialInstances/MI_SpecularGlossiness_Blend.uasset" 654
"../../../Engine/Plugins/Interchange/Assets/Content/gltf/MaterialInstances/MI_SpecularGlossiness_Blend.uexp" 655
"../../../Engine/Plugins/Interchange/Assets/Content/gltf/MaterialFunctions/MF_Sheen.uasset" 656
"../../../Engine/Plugins/Interchange/Assets/Content/gltf/MaterialFunctions/MF_Sheen.uexp" 657
"../../../Engine/Plugins/Interchange/Assets/Content/gltf/MaterialBodies/MF_Sheen_Body.uasset" 658
"../../../Engine/Plugins/Interchange/Assets/Content/gltf/MaterialBodies/MF_Sheen_Body.uexp" 659
"../../../Engine/Plugins/Interchange/Assets/Content/gltf/M_Sheen.uasset" 660
"../../../Engine/Plugins/Interchange/Assets/Content/gltf/M_Sheen.uexp" 661
"../../../Engine/Plugins/Interchange/Assets/Content/gltf/MaterialInstances/MI_Sheen_Opaque_DS.uasset" 662
"../../../Engine/Plugins/Interchange/Assets/Content/gltf/MaterialInstances/MI_Sheen_Opaque_DS.uexp" 663
"../../../Engine/Plugins/Interchange/Assets/Content/gltf/MaterialInstances/MI_Sheen_Opaque.uasset" 664
"../../../Engine/Plugins/Interchange/Assets/Content/gltf/MaterialInstances/MI_Sheen_Opaque.uexp" 665
"../../../Engine/Plugins/Interchange/Assets/Content/gltf/MaterialInstances/MI_Sheen_Mask_DS.uasset" 666
"../../../Engine/Plugins/Interchange/Assets/Content/gltf/MaterialInstances/MI_Sheen_Mask_DS.uexp" 667
"../../../Engine/Plugins/Interchange/Assets/Content/gltf/MaterialInstances/MI_Sheen_Mask.uasset" 668
"../../../Engine/Plugins/Interchange/Assets/Content/gltf/MaterialInstances/MI_Sheen_Mask.uexp" 669
"../../../Engine/Plugins/Interchange/Assets/Content/gltf/MaterialInstances/MI_Sheen_Blend_DS.uasset" 670
"../../../Engine/Plugins/Interchange/Assets/Content/gltf/MaterialInstances/MI_Sheen_Blend_DS.uexp" 671
"../../../Engine/Plugins/Interchange/Assets/Content/gltf/MaterialInstances/MI_Sheen_Blend.uasset" 672
"../../../Engine/Plugins/Interchange/Assets/Content/gltf/MaterialInstances/MI_Sheen_Blend.uexp" 673
"../../../Engine/Plugins/Interchange/Assets/Content/gltf/MaterialBodies/MF_Default_Body.uasset" 674
"../../../Engine/Plugins/Interchange/Assets/Content/gltf/MaterialBodies/MF_Default_Body.uexp" 675
"../../../Engine/Plugins/Interchange/Assets/Content/gltf/M_Default.uasset" 676
"../../../Engine/Plugins/Interchange/Assets/Content/gltf/M_Default.uexp" 677
"../../../Engine/Plugins/Interchange/Assets/Content/gltf/MaterialInstances/MI_Default_Opaque_DS.uasset" 678
"../../../Engine/Plugins/Interchange/Assets/Content/gltf/MaterialInstances/MI_Default_Opaque_DS.uexp" 679
"../../../Engine/Plugins/Interchange/Assets/Content/gltf/MaterialInstances/MI_Default_Opaque.uasset" 680
"../../../Engine/Plugins/Interchange/Assets/Content/gltf/MaterialInstances/MI_Default_Opaque.uexp" 681
"../../../Engine/Plugins/Interchange/Assets/Content/gltf/MaterialInstances/MI_Default_Mask_DS.uasset" 682
"../../../Engine/Plugins/Interchange/Assets/Content/gltf/MaterialInstances/MI_Default_Mask_DS.uexp" 683
"../../../Engine/Plugins/Interchange/Assets/Content/gltf/MaterialInstances/MI_Default_Mask.uasset" 684
"../../../Engine/Plugins/Interchange/Assets/Content/gltf/MaterialInstances/MI_Default_Mask.uexp" 685
"../../../Engine/Plugins/Interchange/Assets/Content/gltf/MaterialInstances/MI_Default_Blend_DS.uasset" 686
"../../../Engine/Plugins/Interchange/Assets/Content/gltf/MaterialInstances/MI_Default_Blend_DS.uexp" 687
"../../../Engine/Plugins/Interchange/Assets/Content/gltf/MaterialInstances/MI_Default_Blend.uasset" 688
"../../../Engine/Plugins/Interchange/Assets/Content/gltf/MaterialInstances/MI_Default_Blend.uexp" 689
"../../../Engine/Content/Functions/Engine_MaterialFunctions01/Texturing/FlattenNormal.uasset" 690
"../../../Engine/Content/Functions/Engine_MaterialFunctions01/Texturing/FlattenNormal.uexp" 691
"../../../Engine/Plugins/Interchange/Assets/Content/gltf/MaterialFunctions/MF_Clearcoat.uasset" 692
"../../../Engine/Plugins/Interchange/Assets/Content/gltf/MaterialFunctions/MF_Clearcoat.uexp" 693
"../../../Engine/Plugins/Interchange/Assets/Content/gltf/MaterialBodies/MF_ClearCoat_Body.uasset" 694
"../../../Engine/Plugins/Interchange/Assets/Content/gltf/MaterialBodies/MF_ClearCoat_Body.uexp" 695
"../../../Engine/Plugins/Interchange/Assets/Content/gltf/M_ClearCoat.uasset" 696
"../../../Engine/Plugins/Interchange/Assets/Content/gltf/M_ClearCoat.uexp" 697
"../../../Engine/Plugins/Interchange/Assets/Content/gltf/MaterialInstances/MI_ClearCoat_Opaque_DS.uasset" 698
"../../../Engine/Plugins/Interchange/Assets/Content/gltf/MaterialInstances/MI_ClearCoat_Opaque_DS.uexp" 699
"../../../Engine/Plugins/Interchange/Assets/Content/gltf/MaterialInstances/MI_ClearCoat_Opaque.uasset" 700
"../../../Engine/Plugins/Interchange/Assets/Content/gltf/MaterialInstances/MI_ClearCoat_Opaque.uexp" 701
"../../../Engine/Plugins/Interchange/Assets/Content/gltf/MaterialInstances/MI_ClearCoat_Mask_DS.uasset" 702
"../../../Engine/Plugins/Interchange/Assets/Content/gltf/MaterialInstances/MI_ClearCoat_Mask_DS.uexp" 703
"../../../Engine/Plugins/Interchange/Assets/Content/gltf/MaterialInstances/MI_ClearCoat_Mask.uasset" 704
"../../../Engine/Plugins/Interchange/Assets/Content/gltf/MaterialInstances/MI_ClearCoat_Mask.uexp" 705
"../../../Engine/Plugins/Interchange/Assets/Content/gltf/MaterialInstances/MI_ClearCoat_Blend_DS.uasset" 706
"../../../Engine/Plugins/Interchange/Assets/Content/gltf/MaterialInstances/MI_ClearCoat_Blend_DS.uexp" 707
"../../../Engine/Plugins/Interchange/Assets/Content/gltf/MaterialInstances/MI_ClearCoat_Blend.uasset" 708
"../../../Engine/Plugins/Interchange/Assets/Content/gltf/MaterialInstances/MI_ClearCoat_Blend.uexp" 709
"../../../Engine/Content/VREditor/TransformGizmo/Xray.uasset" 710
"../../../Engine/Content/VREditor/TransformGizmo/Xray.uexp" 711
"../../../Engine/Content/VREditor/TransformGizmo/Main.uasset" 712
"../../../Engine/Content/VREditor/TransformGizmo/Main.uexp" 713
"../../../Engine/Content/VREditor/TransformGizmo/SM_Sequencer_Node.uasset" 714
"../../../Engine/Content/VREditor/TransformGizmo/SM_Sequencer_Node.uexp" 715
"../../../Engine/Content/VREditor/TransformGizmo/TranslucentTransformGizmoMaterial.uasset" 716
"../../../Engine/Content/VREditor/TransformGizmo/TranslucentTransformGizmoMaterial.uexp" 717
"../../../Engine/Content/VREditor/LaserPointer/VR_LaserPower_01.ubulk" 718
"../../../Engine/Content/VREditor/LaserPointer/VR_LaserPower_01.uasset" 719
"../../../Engine/Content/VREditor/LaserPointer/VR_LaserPower_01.uexp" 720
"../../../Engine/Content/VREditor/TransformGizmo/TransformGizmoMaterial.uasset" 721
"../../../Engine/Content/VREditor/TransformGizmo/TransformGizmoMaterial.uexp" 722
"../../../Engine/Content/VREditor/TransformGizmo/BoundingBoxEdge.uasset" 723
"../../../Engine/Content/VREditor/TransformGizmo/BoundingBoxEdge.uexp" 724
"../../../Engine/Content/VREditor/TransformGizmo/BoundingBoxCorner.uasset" 725
"../../../Engine/Content/VREditor/TransformGizmo/BoundingBoxCorner.uexp" 726
"../../../Engine/Content/EngineResources/FilmGrains/Marcie_Grain_v3_128_M2_000.uasset" 727
"../../../Engine/Content/EngineResources/FilmGrains/Marcie_Grain_v3_128_M2_000.uexp" 728
"../../../Engine/Content/EngineResources/Development/ZenLogo_64.uasset" 729
"../../../Engine/Content/EngineResources/Development/ZenLogo_64.uexp" 730
"../../../Engine/Content/EngineMaterials/LTC/Sheen_LTC.uasset" 731
"../../../Engine/Content/EngineMaterials/LTC/Sheen_LTC.uexp" 732
"../../../Engine/Content/EngineMaterials/LTC/GGX_LTCMat.uasset" 733
"../../../Engine/Content/EngineMaterials/LTC/GGX_LTCMat.uexp" 734
"../../../Engine/Content/EngineMaterials/LTC/GGX_LTCAmp.uasset" 735
"../../../Engine/Content/EngineMaterials/LTC/GGX_LTCAmp.uexp" 736
"../../../Engine/Content/EngineMaterials/EnergyConservation/Sheen_Energy.uasset" 737
"../../../Engine/Content/EngineMaterials/EnergyConservation/Sheen_Energy.uexp" 738
"../../../Engine/Content/EngineMaterials/EnergyConservation/SheenLegacy_Energy.uasset" 739
"../../../Engine/Content/EngineMaterials/EnergyConservation/SheenLegacy_Energy.uexp" 740
"../../../Engine/Content/EngineMaterials/EnergyConservation/GGX_TransmissionEnergyArray.uasset" 741
"../../../Engine/Content/EngineMaterials/EnergyConservation/GGX_TransmissionEnergyArray.uexp" 742
"../../../Engine/Content/EngineMaterials/EnergyConservation/GGX_ReflectionEnergy.uasset" 743
"../../../Engine/Content/EngineMaterials/EnergyConservation/GGX_ReflectionEnergy.uexp" 744
"../../../Engine/Content/EngineMaterials/EnergyConservation/Diffuse_Energy.uasset" 745
"../../../Engine/Content/EngineMaterials/EnergyConservation/Diffuse_Energy.uexp" 746
"../../../Engine/Content/EditorResources/SequenceRecorder/RecordingIndicator.uasset" 747
"../../../Engine/Content/EditorResources/SequenceRecorder/RecordingIndicator.uexp" 748
"../../../Engine/Content/EditorResources/SequenceRecorder/Countdown.uasset" 749
"../../../Engine/Content/EditorResources/SequenceRecorder/Countdown.uexp" 750
"../../../Engine/Content/EditorMaterials/Camera/CineMat.uasset" 751
"../../../Engine/Content/EditorMaterials/Camera/CineMat.uexp" 752
"../../../Engine/Content/EditorMaterials/Camera/MI_CineMat_Rig.uasset" 753
"../../../Engine/Content/EditorMaterials/Camera/MI_CineMat_Rig.uexp" 754
"../../../Engine/Content/EditorMeshes/Camera/SM_RailRig_Track.uasset" 755
"../../../Engine/Content/EditorMeshes/Camera/SM_RailRig_Track.uexp" 756
"../../../Engine/Content/EditorMeshes/Camera/SM_RailRig_Mount.uasset" 757
"../../../Engine/Content/EditorMeshes/Camera/SM_RailRig_Mount.uexp" 758
"../../../Engine/Content/EditorMeshes/Camera/SM_CraneRig_Mount.uasset" 759
"../../../Engine/Content/EditorMeshes/Camera/SM_CraneRig_Mount.uexp" 760
"../../../Engine/Content/EditorMeshes/Camera/SM_CraneRig_Body.uasset" 761
"../../../Engine/Content/EditorMeshes/Camera/SM_CraneRig_Body.uexp" 762
"../../../Engine/Content/EditorMeshes/Camera/SM_CraneRig_Base.uasset" 763
"../../../Engine/Content/EditorMeshes/Camera/SM_CraneRig_Base.uexp" 764
"../../../Engine/Content/EditorMeshes/Camera/SM_CraneRig_Arm.uasset" 765
"../../../Engine/Content/EditorMeshes/Camera/SM_CraneRig_Arm.uexp" 766
"../../../Engine/Content/EditorMaterials/ParticleSystems/PSysThumbnail_OOD.ubulk" 767
"../../../Engine/Content/EditorMaterials/ParticleSystems/PSysThumbnail_OOD.uasset" 768
"../../../Engine/Content/EditorMaterials/ParticleSystems/PSysThumbnail_OOD.uexp" 769
"../../../Engine/Content/EditorMaterials/ParticleSystems/PSysThumbnail_NoImage.ubulk" 770
"../../../Engine/Content/EditorMaterials/ParticleSystems/PSysThumbnail_NoImage.uasset" 771
"../../../Engine/Content/EditorMaterials/ParticleSystems/PSysThumbnail_NoImage.uexp" 772
"../../../Engine/Content/EditorMaterials/Dataflow/DataflowVertexMaterial.uasset" 773
"../../../Engine/Content/EditorMaterials/Dataflow/DataflowVertexMaterial.uexp" 774
"../../../Engine/Content/EditorMaterials/Dataflow/DataflowTwoSidedVertexMaterial.uasset" 775
"../../../Engine/Content/EditorMaterials/Dataflow/DataflowTwoSidedVertexMaterial.uexp" 776
"../../../Engine/Content/Functions/Engine_MaterialFunctions01/Shading/PowerToRoughness.uasset" 777
"../../../Engine/Content/Functions/Engine_MaterialFunctions01/Shading/PowerToRoughness.uexp" 778
"../../../Engine/Content/Functions/Engine_MaterialFunctions01/Shading/ConvertFromDiffSpec.uasset" 779
"../../../Engine/Content/Functions/Engine_MaterialFunctions01/Shading/ConvertFromDiffSpec.uexp" 780
"../../../Engine/Content/EngineMaterials/Substrate/Volume/SubstrateSimpleVolumeLUT3D.uasset" 781
"../../../Engine/Content/EngineMaterials/Substrate/Volume/SubstrateSimpleVolumeLUT3D.uexp" 782
"../../../Engine/Content/EngineMaterials/Substrate/Volume/SubstrateSimpleVolumeEnvLUT3D.uasset" 783
"../../../Engine/Content/EngineMaterials/Substrate/Volume/SubstrateSimpleVolumeEnvLUT3D.uexp" 784
"../../../Engine/Content/EngineMaterials/Substrate/Glints2/AGlintTex2dArray2.uasset" 785
"../../../Engine/Content/EngineMaterials/Substrate/Glints2/AGlintTex2dArray2.uexp" 786
"../../../Engine/Content/EngineMaterials/Substrate/GLints/AGlintTex2dArray.uasset" 787
"../../../Engine/Content/EngineMaterials/Substrate/GLints/AGlintTex2dArray.uexp" 788
"../../../Engine/Content/ArtTools/RenderToTexture/Meshes/S_1_Unit_Plane.uasset" 789
"../../../Engine/Content/ArtTools/RenderToTexture/Meshes/S_1_Unit_Plane.uexp" 790
"L:/GitHub/massey-unreal/NeoTeAikaSem1/Content/NeoGame/Player/BP_PlayerNController.uasset" 791
"L:/GitHub/massey-unreal/NeoTeAikaSem1/Content/NeoGame/Player/BP_PlayerNController.uexp" 792
"L:/GitHub/massey-unreal/NeoTeAikaSem1/Content/NeoGame/Art/xhair.uasset" 793
"L:/GitHub/massey-unreal/NeoTeAikaSem1/Content/NeoGame/Art/xhair.uexp" 794
"L:/GitHub/massey-unreal/NeoTeAikaSem1/Content/NeoGame/Art/ui_border_rim.uasset" 795
"L:/GitHub/massey-unreal/NeoTeAikaSem1/Content/NeoGame/Art/ui_border_rim.uexp" 796
"L:/GitHub/massey-unreal/NeoTeAikaSem1/Content/NeoGame/Art/UI/ui_corner.uasset" 797
"L:/GitHub/massey-unreal/NeoTeAikaSem1/Content/NeoGame/Art/UI/ui_corner.uexp" 798
"L:/GitHub/massey-unreal/NeoTeAikaSem1/Content/NeoGame/Art/UI/xhair1.uasset" 799
"L:/GitHub/massey-unreal/NeoTeAikaSem1/Content/NeoGame/Art/UI/xhair1.uexp" 800
"L:/GitHub/massey-unreal/NeoTeAikaSem1/Content/NeoGame/UI/PlayerHUD.uasset" 801
"L:/GitHub/massey-unreal/NeoTeAikaSem1/Content/NeoGame/UI/PlayerHUD.uexp" 802
"L:/GitHub/massey-unreal/NeoTeAikaSem1/Content/NeoGame/Audio/gate_test_through.ubulk" 803
"L:/GitHub/massey-unreal/NeoTeAikaSem1/Content/NeoGame/Audio/gate_test_through.uasset" 804
"L:/GitHub/massey-unreal/NeoTeAikaSem1/Content/NeoGame/Audio/gate_test_through.uexp" 805
"L:/GitHub/massey-unreal/NeoTeAikaSem1/Content/FPWeapon/Mesh/SK_FPGun_Skeleton.uasset" 806
"L:/GitHub/massey-unreal/NeoTeAikaSem1/Content/FPWeapon/Mesh/SK_FPGun_Skeleton.uexp" 807
"L:/GitHub/massey-unreal/NeoTeAikaSem1/Content/FPWeapon/Mesh/SK_FPGun_Physics.uasset" 808
"L:/GitHub/massey-unreal/NeoTeAikaSem1/Content/FPWeapon/Mesh/SK_FPGun_Physics.uexp" 809
"../../../Engine/Content/Functions/MaterialLayerFunctions/MatLayerBlend_Simple.uasset" 810
"../../../Engine/Content/Functions/MaterialLayerFunctions/MatLayerBlend_Simple.uexp" 811
"../../../Engine/Content/Functions/MaterialLayerFunctions/MatLayerBlend_NormalBlend.uasset" 812
"../../../Engine/Content/Functions/MaterialLayerFunctions/MatLayerBlend_NormalBlend.uexp" 813
"L:/GitHub/massey-unreal/NeoTeAikaSem1/Content/FPWeapon/Textures/T_FPGun_N.ubulk" 814
"L:/GitHub/massey-unreal/NeoTeAikaSem1/Content/FPWeapon/Textures/T_FPGun_N.uasset" 815
"L:/GitHub/massey-unreal/NeoTeAikaSem1/Content/FPWeapon/Textures/T_FPGun_N.uexp" 816
"L:/GitHub/massey-unreal/NeoTeAikaSem1/Content/FPWeapon/Textures/T_FPGun_M.ubulk" 817
"L:/GitHub/massey-unreal/NeoTeAikaSem1/Content/FPWeapon/Textures/T_FPGun_M.uasset" 818
"L:/GitHub/massey-unreal/NeoTeAikaSem1/Content/FPWeapon/Textures/T_FPGun_M.uexp" 819
"L:/GitHub/massey-unreal/NeoTeAikaSem1/Content/FPWeapon/Materials/MaterialLayers/T_ML_Rubber_Blue_01_N.ubulk" 820
"L:/GitHub/massey-unreal/NeoTeAikaSem1/Content/FPWeapon/Materials/MaterialLayers/T_ML_Rubber_Blue_01_N.uasset" 821
"L:/GitHub/massey-unreal/NeoTeAikaSem1/Content/FPWeapon/Materials/MaterialLayers/T_ML_Rubber_Blue_01_N.uexp" 822
"L:/GitHub/massey-unreal/NeoTeAikaSem1/Content/FPWeapon/Materials/MaterialLayers/T_ML_Rubber_Blue_01_D.ubulk" 823
"L:/GitHub/massey-unreal/NeoTeAikaSem1/Content/FPWeapon/Materials/MaterialLayers/T_ML_Rubber_Blue_01_D.uasset" 824
"L:/GitHub/massey-unreal/NeoTeAikaSem1/Content/FPWeapon/Materials/MaterialLayers/T_ML_Rubber_Blue_01_D.uexp" 825
"L:/GitHub/massey-unreal/NeoTeAikaSem1/Content/FPWeapon/Materials/MaterialLayers/T_ML_Aluminum01_N.ubulk" 826
"L:/GitHub/massey-unreal/NeoTeAikaSem1/Content/FPWeapon/Materials/MaterialLayers/T_ML_Aluminum01_N.uasset" 827
"L:/GitHub/massey-unreal/NeoTeAikaSem1/Content/FPWeapon/Materials/MaterialLayers/T_ML_Aluminum01_N.uexp" 828
"L:/GitHub/massey-unreal/NeoTeAikaSem1/Content/FPWeapon/Materials/MaterialLayers/T_ML_Aluminum01.ubulk" 829
"L:/GitHub/massey-unreal/NeoTeAikaSem1/Content/FPWeapon/Materials/MaterialLayers/T_ML_Aluminum01.uasset" 830
"L:/GitHub/massey-unreal/NeoTeAikaSem1/Content/FPWeapon/Materials/MaterialLayers/T_ML_Aluminum01.uexp" 831
"L:/GitHub/massey-unreal/NeoTeAikaSem1/Content/FPWeapon/Materials/MaterialLayers/ML_SoftMetal_UE4.uasset" 832
"L:/GitHub/massey-unreal/NeoTeAikaSem1/Content/FPWeapon/Materials/MaterialLayers/ML_SoftMetal_UE4.uexp" 833
"L:/GitHub/massey-unreal/NeoTeAikaSem1/Content/FPWeapon/Materials/MaterialLayers/ML_Screen.uasset" 834
"L:/GitHub/massey-unreal/NeoTeAikaSem1/Content/FPWeapon/Materials/MaterialLayers/ML_Screen.uexp" 835
"L:/GitHub/massey-unreal/NeoTeAikaSem1/Content/FPWeapon/Materials/MaterialLayers/ML_Plastic_Shiny_Beige.uasset" 836
"L:/GitHub/massey-unreal/NeoTeAikaSem1/Content/FPWeapon/Materials/MaterialLayers/ML_Plastic_Shiny_Beige.uexp" 837
"L:/GitHub/massey-unreal/NeoTeAikaSem1/Content/FPWeapon/Materials/MaterialLayers/ML_GlossyBlack_Latex_UE4.uasset" 838
"L:/GitHub/massey-unreal/NeoTeAikaSem1/Content/FPWeapon/Materials/MaterialLayers/ML_GlossyBlack_Latex_UE4.uexp" 839
"L:/GitHub/massey-unreal/NeoTeAikaSem1/Content/FPWeapon/Materials/M_FPGun.uasset" 840
"L:/GitHub/massey-unreal/NeoTeAikaSem1/Content/FPWeapon/Materials/M_FPGun.uexp" 841
"L:/GitHub/massey-unreal/NeoTeAikaSem1/Content/FPWeapon/Mesh/SK_FPGun.uasset" 842
"L:/GitHub/massey-unreal/NeoTeAikaSem1/Content/FPWeapon/Mesh/SK_FPGun.uexp" 843
"L:/GitHub/massey-unreal/NeoTeAikaSem1/Content/FirstPersonArms/Character/Mesh/SK_Mannequin_Arms_Skeleton.uasset" 844
"L:/GitHub/massey-unreal/NeoTeAikaSem1/Content/FirstPersonArms/Character/Mesh/SK_Mannequin_Arms_Skeleton.uexp" 845
"../../../Engine/Content/Animation/DefaultAnimCurveCompressionSettings.uasset" 846
"../../../Engine/Content/Animation/DefaultAnimCurveCompressionSettings.uexp" 847
"../../../Engine/Content/Animation/DefaultAnimBoneCompressionSettings.uasset" 848
"../../../Engine/Content/Animation/DefaultAnimBoneCompressionSettings.uexp" 849
"L:/GitHub/massey-unreal/NeoTeAikaSem1/Content/FirstPersonArms/Animations/FP_Rifle_Fire.uasset" 850
"L:/GitHub/massey-unreal/NeoTeAikaSem1/Content/FirstPersonArms/Animations/FP_Rifle_Fire.uexp" 851
"L:/GitHub/massey-unreal/NeoTeAikaSem1/Content/FirstPersonArms/Animations/FP_Rifle_Shoot_Montage.uasset" 852
"L:/GitHub/massey-unreal/NeoTeAikaSem1/Content/FirstPersonArms/Animations/FP_Rifle_Shoot_Montage.uexp" 853
"../../../Engine/Content/Animation/DefaultRecorderBoneCompression.uasset" 854
"../../../Engine/Content/Animation/DefaultRecorderBoneCompression.uexp" 855
"L:/GitHub/massey-unreal/NeoTeAikaSem1/Content/FirstPersonArms/Animations/FP_Run_Fwd.uasset" 856
"L:/GitHub/massey-unreal/NeoTeAikaSem1/Content/FirstPersonArms/Animations/FP_Run_Fwd.uexp" 857
"L:/GitHub/massey-unreal/NeoTeAikaSem1/Content/FirstPersonArms/Animations/FP_Rifle_Run.uasset" 858
"L:/GitHub/massey-unreal/NeoTeAikaSem1/Content/FirstPersonArms/Animations/FP_Rifle_Run.uexp" 859
"L:/GitHub/massey-unreal/NeoTeAikaSem1/Content/FirstPersonArms/Animations/FP_Rifle_Land.uasset" 860
"L:/GitHub/massey-unreal/NeoTeAikaSem1/Content/FirstPersonArms/Animations/FP_Rifle_Land.uexp" 861
"../../../Engine/Content/Animation/DefaultVariableFrameStrippingSettings.uasset" 862
"../../../Engine/Content/Animation/DefaultVariableFrameStrippingSettings.uexp" 863
"L:/GitHub/massey-unreal/NeoTeAikaSem1/Content/FirstPersonArms/Animations/FP_Rifle_Jump.uasset" 864
"L:/GitHub/massey-unreal/NeoTeAikaSem1/Content/FirstPersonArms/Animations/FP_Rifle_Jump.uexp" 865
"L:/GitHub/massey-unreal/NeoTeAikaSem1/Content/FirstPersonArms/Animations/FP_Rifle_Idle.uasset" 866
"L:/GitHub/massey-unreal/NeoTeAikaSem1/Content/FirstPersonArms/Animations/FP_Rifle_Idle.uexp" 867
"L:/GitHub/massey-unreal/NeoTeAikaSem1/Content/FirstPersonArms/Animations/FP_Rifle_Falling.uasset" 868
"L:/GitHub/massey-unreal/NeoTeAikaSem1/Content/FirstPersonArms/Animations/FP_Rifle_Falling.uexp" 869
"L:/GitHub/massey-unreal/NeoTeAikaSem1/Content/FirstPersonArms/Animations/FP_Land.uasset" 870
"L:/GitHub/massey-unreal/NeoTeAikaSem1/Content/FirstPersonArms/Animations/FP_Land.uexp" 871
"L:/GitHub/massey-unreal/NeoTeAikaSem1/Content/FirstPersonArms/Animations/FP_Jump.uasset" 872
"L:/GitHub/massey-unreal/NeoTeAikaSem1/Content/FirstPersonArms/Animations/FP_Jump.uexp" 873
"L:/GitHub/massey-unreal/NeoTeAikaSem1/Content/FirstPersonArms/Animations/FP_Idle.uasset" 874
"L:/GitHub/massey-unreal/NeoTeAikaSem1/Content/FirstPersonArms/Animations/FP_Idle.uexp" 875
"L:/GitHub/massey-unreal/NeoTeAikaSem1/Content/FirstPersonArms/Animations/FP_Falling.uasset" 876
"L:/GitHub/massey-unreal/NeoTeAikaSem1/Content/FirstPersonArms/Animations/FP_Falling.uexp" 877
"L:/GitHub/massey-unreal/NeoTeAikaSem1/Content/FirstPersonArms/Animations/FirstPerson_AnimBP.uasset" 878
"L:/GitHub/massey-unreal/NeoTeAikaSem1/Content/FirstPersonArms/Animations/FirstPerson_AnimBP.uexp" 879
"L:/GitHub/massey-unreal/NeoTeAikaSem1/Content/FirstPersonArms/Character/Mesh/SK_Mannequin_Arms_PhysicsAsset.uasset" 880
"L:/GitHub/massey-unreal/NeoTeAikaSem1/Content/FirstPersonArms/Character/Mesh/SK_Mannequin_Arms_PhysicsAsset.uexp" 881
"L:/GitHub/massey-unreal/NeoTeAikaSem1/Content/FirstPersonArms/Character/Textures/Manny/T_Manny_02_Tan.ubulk" 882
"L:/GitHub/massey-unreal/NeoTeAikaSem1/Content/FirstPersonArms/Character/Textures/Manny/T_Manny_02_Tan.uasset" 883
"L:/GitHub/massey-unreal/NeoTeAikaSem1/Content/FirstPersonArms/Character/Textures/Manny/T_Manny_02_Tan.uexp" 884
"L:/GitHub/massey-unreal/NeoTeAikaSem1/Content/FirstPersonArms/Character/Textures/Manny/T_Manny_02_N.ubulk" 885
"L:/GitHub/massey-unreal/NeoTeAikaSem1/Content/FirstPersonArms/Character/Textures/Manny/T_Manny_02_N.uasset" 886
"L:/GitHub/massey-unreal/NeoTeAikaSem1/Content/FirstPersonArms/Character/Textures/Manny/T_Manny_02_N.uexp" 887
"L:/GitHub/massey-unreal/NeoTeAikaSem1/Content/FirstPersonArms/Character/Textures/Manny/T_Manny_02_MSR_MSK.ubulk" 888
"L:/GitHub/massey-unreal/NeoTeAikaSem1/Content/FirstPersonArms/Character/Textures/Manny/T_Manny_02_MSR_MSK.uasset" 889
"L:/GitHub/massey-unreal/NeoTeAikaSem1/Content/FirstPersonArms/Character/Textures/Manny/T_Manny_02_MSR_MSK.uexp" 890
"L:/GitHub/massey-unreal/NeoTeAikaSem1/Content/FirstPersonArms/Character/Textures/Manny/T_Manny_02_D.ubulk" 891
"L:/GitHub/massey-unreal/NeoTeAikaSem1/Content/FirstPersonArms/Character/Textures/Manny/T_Manny_02_D.uasset" 892
"L:/GitHub/massey-unreal/NeoTeAikaSem1/Content/FirstPersonArms/Character/Textures/Manny/T_Manny_02_D.uexp" 893
"L:/GitHub/massey-unreal/NeoTeAikaSem1/Content/FirstPersonArms/Character/Textures/Manny/T_Manny_02_CCRCCPlastic_MSK.ubulk" 894
"L:/GitHub/massey-unreal/NeoTeAikaSem1/Content/FirstPersonArms/Character/Textures/Manny/T_Manny_02_CCRCCPlastic_MSK.uasset" 895
"L:/GitHub/massey-unreal/NeoTeAikaSem1/Content/FirstPersonArms/Character/Textures/Manny/T_Manny_02_CCRCCPlastic_MSK.uexp" 896
"L:/GitHub/massey-unreal/NeoTeAikaSem1/Content/FirstPersonArms/Character/Textures/Manny/T_Manny_02_BN.ubulk" 897
"L:/GitHub/massey-unreal/NeoTeAikaSem1/Content/FirstPersonArms/Character/Textures/Manny/T_Manny_02_BN.uasset" 898
"L:/GitHub/massey-unreal/NeoTeAikaSem1/Content/FirstPersonArms/Character/Textures/Manny/T_Manny_02_BN.uexp" 899
"L:/GitHub/massey-unreal/NeoTeAikaSem1/Content/FirstPersonArms/Character/Textures/Manny/T_Manny_02_ASAOPMASK_MSK.ubulk" 900
"L:/GitHub/massey-unreal/NeoTeAikaSem1/Content/FirstPersonArms/Character/Textures/Manny/T_Manny_02_ASAOPMASK_MSK.uasset" 901
"L:/GitHub/massey-unreal/NeoTeAikaSem1/Content/FirstPersonArms/Character/Textures/Manny/T_Manny_02_ASAOPMASK_MSK.uexp" 902
"L:/GitHub/massey-unreal/NeoTeAikaSem1/Content/FirstPersonArms/Character/Textures/Manny/T_Manny_01_Tan.ubulk" 903
"L:/GitHub/massey-unreal/NeoTeAikaSem1/Content/FirstPersonArms/Character/Textures/Manny/T_Manny_01_Tan.uasset" 904
"L:/GitHub/massey-unreal/NeoTeAikaSem1/Content/FirstPersonArms/Character/Textures/Manny/T_Manny_01_Tan.uexp" 905
"L:/GitHub/massey-unreal/NeoTeAikaSem1/Content/FirstPersonArms/Character/Textures/Manny/T_Manny_01_N.ubulk" 906
"L:/GitHub/massey-unreal/NeoTeAikaSem1/Content/FirstPersonArms/Character/Textures/Manny/T_Manny_01_N.uasset" 907
"L:/GitHub/massey-unreal/NeoTeAikaSem1/Content/FirstPersonArms/Character/Textures/Manny/T_Manny_01_N.uexp" 908
"L:/GitHub/massey-unreal/NeoTeAikaSem1/Content/FirstPersonArms/Character/Textures/Manny/T_Manny_01_MSR_MSK.ubulk" 909
"L:/GitHub/massey-unreal/NeoTeAikaSem1/Content/FirstPersonArms/Character/Textures/Manny/T_Manny_01_MSR_MSK.uasset" 910
"L:/GitHub/massey-unreal/NeoTeAikaSem1/Content/FirstPersonArms/Character/Textures/Manny/T_Manny_01_MSR_MSK.uexp" 911
"L:/GitHub/massey-unreal/NeoTeAikaSem1/Content/FirstPersonArms/Character/Textures/Manny/T_Manny_01_D.ubulk" 912
"L:/GitHub/massey-unreal/NeoTeAikaSem1/Content/FirstPersonArms/Character/Textures/Manny/T_Manny_01_D.uasset" 913
"L:/GitHub/massey-unreal/NeoTeAikaSem1/Content/FirstPersonArms/Character/Textures/Manny/T_Manny_01_D.uexp" 914
"L:/GitHub/massey-unreal/NeoTeAikaSem1/Content/FirstPersonArms/Character/Textures/Manny/T_Manny_01_CCRCCPlastic_MSK.ubulk" 915
"L:/GitHub/massey-unreal/NeoTeAikaSem1/Content/FirstPersonArms/Character/Textures/Manny/T_Manny_01_CCRCCPlastic_MSK.uasset" 916
"L:/GitHub/massey-unreal/NeoTeAikaSem1/Content/FirstPersonArms/Character/Textures/Manny/T_Manny_01_CCRCCPlastic_MSK.uexp" 917
"L:/GitHub/massey-unreal/NeoTeAikaSem1/Content/FirstPersonArms/Character/Textures/Manny/T_Manny_01_BN.ubulk" 918
"L:/GitHub/massey-unreal/NeoTeAikaSem1/Content/FirstPersonArms/Character/Textures/Manny/T_Manny_01_BN.uasset" 919
"L:/GitHub/massey-unreal/NeoTeAikaSem1/Content/FirstPersonArms/Character/Textures/Manny/T_Manny_01_BN.uexp" 920
"L:/GitHub/massey-unreal/NeoTeAikaSem1/Content/FirstPersonArms/Character/Textures/Manny/T_Manny_01_ASAOPMASK_MSK.ubulk" 921
"L:/GitHub/massey-unreal/NeoTeAikaSem1/Content/FirstPersonArms/Character/Textures/Manny/T_Manny_01_ASAOPMASK_MSK.uasset" 922
"L:/GitHub/massey-unreal/NeoTeAikaSem1/Content/FirstPersonArms/Character/Textures/Manny/T_Manny_01_ASAOPMASK_MSK.uexp" 923
"L:/GitHub/massey-unreal/NeoTeAikaSem1/Content/FirstPersonArms/Character/Materials/Functions/ChromaticCurve.uasset" 924
"L:/GitHub/massey-unreal/NeoTeAikaSem1/Content/FirstPersonArms/Character/Materials/Functions/ChromaticCurve.uexp" 925
"L:/GitHub/massey-unreal/NeoTeAikaSem1/Content/FirstPersonArms/Character/Materials/Functions/CA_Mannequin.uasset" 926
"L:/GitHub/massey-unreal/NeoTeAikaSem1/Content/FirstPersonArms/Character/Materials/Functions/CA_Mannequin.uexp" 927
"L:/GitHub/massey-unreal/NeoTeAikaSem1/Content/FirstPersonArms/Character/Materials/Functions/MF_Diffraction.uasset" 928
"L:/GitHub/massey-unreal/NeoTeAikaSem1/Content/FirstPersonArms/Character/Materials/Functions/MF_Diffraction.uexp" 929
"L:/GitHub/massey-unreal/NeoTeAikaSem1/Content/FirstPersonArms/Character/Textures/Shared/T_UE_Logo_M.uasset" 930
"L:/GitHub/massey-unreal/NeoTeAikaSem1/Content/FirstPersonArms/Character/Textures/Shared/T_UE_Logo_M.uexp" 931
"L:/GitHub/massey-unreal/NeoTeAikaSem1/Content/FirstPersonArms/Character/Materials/Functions/MF_logo3layers.uasset" 932
"L:/GitHub/massey-unreal/NeoTeAikaSem1/Content/FirstPersonArms/Character/Materials/Functions/MF_logo3layers.uexp" 933
"L:/GitHub/massey-unreal/NeoTeAikaSem1/Content/FirstPersonArms/Character/Materials/Functions/ML_BaseColorFallOff.uasset" 934
"L:/GitHub/massey-unreal/NeoTeAikaSem1/Content/FirstPersonArms/Character/Materials/Functions/ML_BaseColorFallOff.uexp" 935
"L:/GitHub/massey-unreal/NeoTeAikaSem1/Content/FirstPersonArms/Character/Materials/M_Mannequin.uasset" 936
"L:/GitHub/massey-unreal/NeoTeAikaSem1/Content/FirstPersonArms/Character/Materials/M_Mannequin.uexp" 937
"L:/GitHub/massey-unreal/NeoTeAikaSem1/Content/FirstPersonArms/Character/Materials/Instances/Manny/MI_Manny_01.uasset" 938
"L:/GitHub/massey-unreal/NeoTeAikaSem1/Content/FirstPersonArms/Character/Materials/Instances/Manny/MI_Manny_01.uexp" 939
"L:/GitHub/massey-unreal/NeoTeAikaSem1/Content/FirstPersonArms/Character/Materials/Instances/Manny/MI_Manny_02.uasset" 940
"L:/GitHub/massey-unreal/NeoTeAikaSem1/Content/FirstPersonArms/Character/Materials/Instances/Manny/MI_Manny_02.uexp" 941
"L:/GitHub/massey-unreal/NeoTeAikaSem1/Content/FirstPersonArms/Character/Mesh/SK_Mannequin_Arms.uasset" 942
"L:/GitHub/massey-unreal/NeoTeAikaSem1/Content/FirstPersonArms/Character/Mesh/SK_Mannequin_Arms.uexp" 943
"L:/GitHub/massey-unreal/NeoTeAikaSem1/Content/FirstPerson/Input/Actions/IA_Move.uasset" 944
"L:/GitHub/massey-unreal/NeoTeAikaSem1/Content/FirstPerson/Input/Actions/IA_Move.uexp" 945
"L:/GitHub/massey-unreal/NeoTeAikaSem1/Content/FirstPerson/Input/Actions/IA_Look.uasset" 946
"L:/GitHub/massey-unreal/NeoTeAikaSem1/Content/FirstPerson/Input/Actions/IA_Look.uexp" 947
"L:/GitHub/massey-unreal/NeoTeAikaSem1/Content/FirstPerson/Input/Actions/IA_Jump.uasset" 948
"L:/GitHub/massey-unreal/NeoTeAikaSem1/Content/FirstPerson/Input/Actions/IA_Jump.uexp" 949
"L:/GitHub/massey-unreal/NeoTeAikaSem1/Content/FirstPerson/Blueprints/BP_FirstPersonCharacter.uasset" 950
"L:/GitHub/massey-unreal/NeoTeAikaSem1/Content/FirstPerson/Blueprints/BP_FirstPersonCharacter.uexp" 951
"L:/GitHub/massey-unreal/NeoTeAikaSem1/Content/FirstPerson/Input/Actions/IA_Shoot.uasset" 952
"L:/GitHub/massey-unreal/NeoTeAikaSem1/Content/FirstPerson/Input/Actions/IA_Shoot.uexp" 953
"L:/GitHub/massey-unreal/NeoTeAikaSem1/Content/FirstPerson/Input/IMC_Weapons.uasset" 954
"L:/GitHub/massey-unreal/NeoTeAikaSem1/Content/FirstPerson/Input/IMC_Weapons.uexp" 955
"L:/GitHub/massey-unreal/NeoTeAikaSem1/Content/FPWeapon/Materials/BaseMaterial.uasset" 956
"L:/GitHub/massey-unreal/NeoTeAikaSem1/Content/FPWeapon/Materials/BaseMaterial.uexp" 957
"L:/GitHub/massey-unreal/NeoTeAikaSem1/Content/FPWeapon/Materials/FirstPersonProjectileMaterial.uasset" 958
"L:/GitHub/massey-unreal/NeoTeAikaSem1/Content/FPWeapon/Materials/FirstPersonProjectileMaterial.uexp" 959
"L:/GitHub/massey-unreal/NeoTeAikaSem1/Content/FPWeapon/Mesh/FirstPersonProjectileMesh.uasset" 960
"L:/GitHub/massey-unreal/NeoTeAikaSem1/Content/FPWeapon/Mesh/FirstPersonProjectileMesh.uexp" 961
"L:/GitHub/massey-unreal/NeoTeAikaSem1/Content/FirstPerson/Blueprints/BP_FirstPersonProjectile.uasset" 962
"L:/GitHub/massey-unreal/NeoTeAikaSem1/Content/FirstPerson/Blueprints/BP_FirstPersonProjectile.uexp" 963
"L:/GitHub/massey-unreal/NeoTeAikaSem1/Content/FirstPerson/Blueprints/BP_Weapon_Component.uasset" 964
"L:/GitHub/massey-unreal/NeoTeAikaSem1/Content/FirstPerson/Blueprints/BP_Weapon_Component.uexp" 965
"L:/GitHub/massey-unreal/NeoTeAikaSem1/Content/NeoGame/Art/TextureCameraMat.uasset" 966
"L:/GitHub/massey-unreal/NeoTeAikaSem1/Content/NeoGame/Art/TextureCameraMat.uexp" 967
"L:/GitHub/massey-unreal/NeoTeAikaSem1/Content/NeoGame/Player/BP_PlayerN.uasset" 968
"L:/GitHub/massey-unreal/NeoTeAikaSem1/Content/NeoGame/Player/BP_PlayerN.uexp" 969
"L:/GitHub/massey-unreal/NeoTeAikaSem1/Content/NeoGame/Core/GM_FirstPersonGame.uasset" 970
"L:/GitHub/massey-unreal/NeoTeAikaSem1/Content/NeoGame/Core/GM_FirstPersonGame.uexp" 971
"../../../Engine/Content/EngineResources/LandscapeVisibilityLayerInfo.uasset" 972
"../../../Engine/Content/EngineResources/LandscapeVisibilityLayerInfo.uexp" 973
"../../../Engine/Content/VREditor/TransformGizmo/TranslucentTransformGizmoMaterial_Inst.uasset" 974
"../../../Engine/Content/VREditor/TransformGizmo/TranslucentTransformGizmoMaterial_Inst.uexp" 975
"../../../Engine/Content/VREditor/TransformGizmo/TransformGizmoMaterial_Inst.uasset" 976
"../../../Engine/Content/VREditor/TransformGizmo/TransformGizmoMaterial_Inst.uexp" 977
"../../../Engine/Content/VREditor/Sounds/UI/Drop_Item_From_ContentBrowser.ubulk" 978
"../../../Engine/Content/VREditor/Sounds/UI/Drop_Item_From_ContentBrowser.uasset" 979
"../../../Engine/Content/VREditor/Sounds/UI/Drop_Item_From_ContentBrowser.uexp" 980
"../../../Engine/Content/VREditor/TransformGizmo/UniformScaleHandle.uasset" 981
"../../../Engine/Content/VREditor/TransformGizmo/UniformScaleHandle.uexp" 982
"../../../Engine/Content/VREditor/TransformGizmo/TranslateArrowHandle.uasset" 983
"../../../Engine/Content/VREditor/TransformGizmo/TranslateArrowHandle.uexp" 984
"../../../Engine/Content/Functions/Engine_MaterialFunctions02/SplitComponents.uasset" 985
"../../../Engine/Content/Functions/Engine_MaterialFunctions02/SplitComponents.uexp" 986
"../../../Engine/Content/VREditor/SnapGrid/SnapGridMaterial.uasset" 987
"../../../Engine/Content/VREditor/SnapGrid/SnapGridMaterial.uexp" 988
"../../../Engine/Content/VREditor/SnapGrid/SnapGridPlaneMesh.uasset" 989
"../../../Engine/Content/VREditor/SnapGrid/SnapGridPlaneMesh.uexp" 990
"../../../Engine/Content/VREditor/Sounds/UI/Gizmo_Handle_Clicked.ubulk" 991
"../../../Engine/Content/VREditor/Sounds/UI/Gizmo_Handle_Clicked.uasset" 992
"../../../Engine/Content/VREditor/Sounds/UI/Gizmo_Handle_Clicked.uexp" 993
"../../../Engine/Content/VREditor/Sounds/UI/Object_PickUp.ubulk" 994
"../../../Engine/Content/VREditor/Sounds/UI/Object_PickUp.uasset" 995
"../../../Engine/Content/VREditor/Sounds/UI/Object_PickUp.uexp" 996
"../../../Engine/Content/VREditor/Sounds/UI/Object_Snaps_To_Another_Actor.ubulk" 997
"../../../Engine/Content/VREditor/Sounds/UI/Object_Snaps_To_Another_Actor.uasset" 998
"../../../Engine/Content/VREditor/Sounds/UI/Object_Snaps_To_Another_Actor.uexp" 999
"../../../Engine/Content/VREditor/Sounds/UI/Object_Snaps_To_Grid.ubulk" 1000
"../../../Engine/Content/VREditor/Sounds/UI/Object_Snaps_To_Grid.uasset" 1001
"../../../Engine/Content/VREditor/Sounds/UI/Object_Snaps_To_Grid.uexp" 1002
"../../../Engine/Content/VREditor/Sounds/UI/Scaling_Down.ubulk" 1003
"../../../Engine/Content/VREditor/Sounds/UI/Scaling_Down.uasset" 1004
"../../../Engine/Content/VREditor/Sounds/UI/Scaling_Down.uexp" 1005
"../../../Engine/Content/VREditor/Sounds/UI/Scaling_Up.ubulk" 1006
"../../../Engine/Content/VREditor/Sounds/UI/Scaling_Up.uasset" 1007
"../../../Engine/Content/VREditor/Sounds/UI/Scaling_Up.uexp" 1008
"../../../Engine/Content/VREditor/Sounds/UI/Selection_Changes.ubulk" 1009
"../../../Engine/Content/VREditor/Sounds/UI/Selection_Changes.uasset" 1010
"../../../Engine/Content/VREditor/Sounds/UI/Selection_Changes.uexp" 1011
"../../../Engine/Content/VREditor/TransformGizmo/PlaneTranslationHandle.uasset" 1012
"../../../Engine/Content/VREditor/TransformGizmo/PlaneTranslationHandle.uexp" 1013
"../../../Engine/Content/VREditor/TransformGizmo/RotationHandleFull.uasset" 1014
"../../../Engine/Content/VREditor/TransformGizmo/RotationHandleFull.uexp" 1015
"../../../Engine/Content/VREditor/TransformGizmo/RotationHandleIndicator.uasset" 1016
"../../../Engine/Content/VREditor/TransformGizmo/RotationHandleIndicator.uexp" 1017
"../../../Engine/Content/VREditor/TransformGizmo/RotationHandleQuarter.uasset" 1018
"../../../Engine/Content/VREditor/TransformGizmo/RotationHandleQuarter.uexp" 1019
"../../../Engine/Content/VREditor/TransformGizmo/StartRotationHandleIndicator.uasset" 1020
"../../../Engine/Content/VREditor/TransformGizmo/StartRotationHandleIndicator.uexp" 1021
"../../../Engine/Content/VREditor/TransformGizmo/TransformGizmoFreeRotation.uasset" 1022
"../../../Engine/Content/VREditor/TransformGizmo/TransformGizmoFreeRotation.uexp" 1023
"../../../Engine/Plugins/Animation/DeformerGraph/Content/DeformerFunctions/DG_Function_LinearBlendSkin_Morph_Cloth.uasset" 1024
"../../../Engine/Plugins/Animation/DeformerGraph/Content/DeformerFunctions/DG_Function_LinearBlendSkin_Morph_Cloth.uexp" 1025
"../../../Engine/Plugins/Animation/DeformerGraph/Content/Deformers/DG_LinearBlendSkin_Morph_Cloth.uasset" 1026
"../../../Engine/Plugins/Animation/DeformerGraph/Content/Deformers/DG_LinearBlendSkin_Morph_Cloth.uexp" 1027
"../../../Engine/Plugins/Animation/DeformerGraph/Content/DeformerFunctions/DG_Function_LinearBlendSkin_Morph_Cloth_PositionOnly.uasset" 1028
"../../../Engine/Plugins/Animation/DeformerGraph/Content/DeformerFunctions/DG_Function_LinearBlendSkin_Morph_Cloth_PositionOnly.uexp" 1029
"../../../Engine/Plugins/Animation/DeformerGraph/Content/DeformerFunctions/DG_Function_ComputeNormalsTangents.uasset" 1030
"../../../Engine/Plugins/Animation/DeformerGraph/Content/DeformerFunctions/DG_Function_ComputeNormalsTangents.uexp" 1031
"../../../Engine/Plugins/Animation/DeformerGraph/Content/Deformers/DG_LinearBlendSkin_Morph_Cloth_RecomputeNormals.uasset" 1032
"../../../Engine/Plugins/Animation/DeformerGraph/Content/Deformers/DG_LinearBlendSkin_Morph_Cloth_RecomputeNormals.uexp" 1033
"../../../Engine/Plugins/NNE/NNEDenoiser/Content/NNEDT_Oidn2-3_Balanced.uasset" 1034
"../../../Engine/Plugins/NNE/NNEDenoiser/Content/NNEDT_Oidn2-3_Balanced.uexp" 1035
"../../../Engine/Plugins/NNE/NNEDenoiser/Content/NNEDT_Oidn2-3_Balanced_Alpha.uasset" 1036
"../../../Engine/Plugins/NNE/NNEDenoiser/Content/NNEDT_Oidn2-3_Balanced_Alpha.uexp" 1037
"../../../Engine/Plugins/NNE/NNEDenoiser/Content/NNED_Oidn2-3_Balanced.uasset" 1038
"../../../Engine/Plugins/NNE/NNEDenoiser/Content/NNED_Oidn2-3_Balanced.uexp" 1039
"../../../Engine/Plugins/NNE/NNEDenoiser/Content/NNED_Oidn2-3_Balanced_Alpha.uasset" 1040
"../../../Engine/Plugins/NNE/NNEDenoiser/Content/NNED_Oidn2-3_Balanced_Alpha.uexp" 1041
"../../../Engine/Plugins/NNE/NNEDenoiser/Content/NNED_Oidn2-3_Fast.uasset" 1042
"../../../Engine/Plugins/NNE/NNEDenoiser/Content/NNED_Oidn2-3_Fast.uexp" 1043
"../../../Engine/Plugins/NNE/NNEDenoiser/Content/NNED_Oidn2-3_Fast_Alpha.uasset" 1044
"../../../Engine/Plugins/NNE/NNEDenoiser/Content/NNED_Oidn2-3_Fast_Alpha.uexp" 1045
"../../../Engine/Plugins/NNE/NNEDenoiser/Content/NNED_Oidn2-3_HighQuality.uasset" 1046
"../../../Engine/Plugins/NNE/NNEDenoiser/Content/NNED_Oidn2-3_HighQuality.uexp" 1047
"../../../Engine/Plugins/NNE/NNEDenoiser/Content/NNED_Oidn2-3_HighQuality_Alpha.uasset" 1048
"../../../Engine/Plugins/NNE/NNEDenoiser/Content/NNED_Oidn2-3_HighQuality_Alpha.uexp" 1049
"../../../Engine/Content/Maps/Entry_BuiltData.uasset" 1050
"../../../Engine/Content/Maps/Entry_BuiltData.uexp" 1051
"../../../Engine/Content/Maps/Entry.uexp" 1052
"../../../Engine/Content/Maps/Entry.umap" 1053
"../../../Engine/Content/BasicShapes/Cube.uasset" 1054
"../../../Engine/Content/BasicShapes/Cube.uexp" 1055
"../../../Engine/Content/BasicShapes/Cone.uasset" 1056
"../../../Engine/Content/BasicShapes/Cone.uexp" 1057
"../../../Engine/Content/BasicShapes/Plane.uasset" 1058
"../../../Engine/Content/BasicShapes/Plane.uexp" 1059
"../../../Engine/Content/EngineMaterials/DefaultPhysicalMaterial.uasset" 1060
"../../../Engine/Content/EngineMaterials/DefaultPhysicalMaterial.uexp" 1061
"L:/GitHub/massey-unreal/NeoTeAikaSem1/Content/StarterContent/Textures/T_MacroVariation.uasset" 1062
"L:/GitHub/massey-unreal/NeoTeAikaSem1/Content/StarterContent/Textures/T_MacroVariation.uexp" 1063
"L:/GitHub/massey-unreal/NeoTeAikaSem1/Content/StarterContent/Textures/T_Detail_Rocky_N.ubulk" 1064
"L:/GitHub/massey-unreal/NeoTeAikaSem1/Content/StarterContent/Textures/T_Detail_Rocky_N.uasset" 1065
"L:/GitHub/massey-unreal/NeoTeAikaSem1/Content/StarterContent/Textures/T_Detail_Rocky_N.uexp" 1066
"L:/GitHub/massey-unreal/NeoTeAikaSem1/Content/StarterContent/Textures/T_Brick_Clay_New_N.uasset" 1067
"L:/GitHub/massey-unreal/NeoTeAikaSem1/Content/StarterContent/Textures/T_Brick_Clay_New_N.uexp" 1068
"L:/GitHub/massey-unreal/NeoTeAikaSem1/Content/StarterContent/Textures/T_Brick_Clay_New_M.uasset" 1069
"L:/GitHub/massey-unreal/NeoTeAikaSem1/Content/StarterContent/Textures/T_Brick_Clay_New_M.uexp" 1070
"L:/GitHub/massey-unreal/NeoTeAikaSem1/Content/StarterContent/Textures/T_Brick_Clay_New_D.ubulk" 1071
"L:/GitHub/massey-unreal/NeoTeAikaSem1/Content/StarterContent/Textures/T_Brick_Clay_New_D.uasset" 1072
"L:/GitHub/massey-unreal/NeoTeAikaSem1/Content/StarterContent/Textures/T_Brick_Clay_New_D.uexp" 1073
"L:/GitHub/massey-unreal/NeoTeAikaSem1/Content/StarterContent/Materials/M_Brick_Clay_New.uasset" 1074
"L:/GitHub/massey-unreal/NeoTeAikaSem1/Content/StarterContent/Materials/M_Brick_Clay_New.uexp" 1075
"L:/GitHub/massey-unreal/NeoTeAikaSem1/Content/NeoGame/Art/Models/skyobj_tex.uasset" 1076
"L:/GitHub/massey-unreal/NeoTeAikaSem1/Content/NeoGame/Art/Models/skyobj_tex.uexp" 1077
"L:/GitHub/massey-unreal/NeoTeAikaSem1/Content/NeoGame/Art/Models/skyobj_mat.uasset" 1078
"L:/GitHub/massey-unreal/NeoTeAikaSem1/Content/NeoGame/Art/Models/skyobj_mat.uexp" 1079
"L:/GitHub/massey-unreal/NeoTeAikaSem1/Content/NeoGame/Art/Models/skyobj.uasset" 1080
"L:/GitHub/massey-unreal/NeoTeAikaSem1/Content/NeoGame/Art/Models/skyobj.uexp" 1081
"L:/GitHub/massey-unreal/NeoTeAikaSem1/Content/NeoGame/Objects/FakeSky.uasset" 1082
"L:/GitHub/massey-unreal/NeoTeAikaSem1/Content/NeoGame/Objects/FakeSky.uexp" 1083
"L:/GitHub/massey-unreal/NeoTeAikaSem1/Content/NeoGame/Levels/TestLevel_BuiltData.ubulk" 1084
"L:/GitHub/massey-unreal/NeoTeAikaSem1/Content/NeoGame/Levels/TestLevel_BuiltData.uasset" 1085
"L:/GitHub/massey-unreal/NeoTeAikaSem1/Content/NeoGame/Levels/TestLevel_BuiltData.uexp" 1086
"../../../Engine/Content/BasicShapes/Sphere.uasset" 1087
"../../../Engine/Content/BasicShapes/Sphere.uexp" 1088
"L:/GitHub/massey-unreal/NeoTeAikaSem1/Content/StarterContent/Textures/T_Door_N.ubulk" 1089
"L:/GitHub/massey-unreal/NeoTeAikaSem1/Content/StarterContent/Textures/T_Door_N.uasset" 1090
"L:/GitHub/massey-unreal/NeoTeAikaSem1/Content/StarterContent/Textures/T_Door_N.uexp" 1091
"L:/GitHub/massey-unreal/NeoTeAikaSem1/Content/StarterContent/Textures/T_Door_M.ubulk" 1092
"L:/GitHub/massey-unreal/NeoTeAikaSem1/Content/StarterContent/Textures/T_Door_M.uasset" 1093
"L:/GitHub/massey-unreal/NeoTeAikaSem1/Content/StarterContent/Textures/T_Door_M.uexp" 1094
"L:/GitHub/massey-unreal/NeoTeAikaSem1/Content/StarterContent/Props/Materials/M_Door.uasset" 1095
"L:/GitHub/massey-unreal/NeoTeAikaSem1/Content/StarterContent/Props/Materials/M_Door.uexp" 1096
"L:/GitHub/massey-unreal/NeoTeAikaSem1/Content/NeoGame/Art/MaterialLibrary/Emissive/matEmissive.uasset" 1097
"L:/GitHub/massey-unreal/NeoTeAikaSem1/Content/NeoGame/Art/MaterialLibrary/Emissive/matEmissive.uexp" 1098
"L:/GitHub/massey-unreal/NeoTeAikaSem1/Content/NeoGame/Art/MaterialLibrary/Emissive/matLightGreen.uasset" 1099
"L:/GitHub/massey-unreal/NeoTeAikaSem1/Content/NeoGame/Art/MaterialLibrary/Emissive/matLightGreen.uexp" 1100
"L:/GitHub/massey-unreal/NeoTeAikaSem1/Content/NeoGame/Art/MaterialLibrary/Emissive/matLightRed.uasset" 1101
"L:/GitHub/massey-unreal/NeoTeAikaSem1/Content/NeoGame/Art/MaterialLibrary/Emissive/matLightRed.uexp" 1102
"L:/GitHub/massey-unreal/NeoTeAikaSem1/Content/NeoGame/Blueprints/BP_Door.uasset" 1103
"L:/GitHub/massey-unreal/NeoTeAikaSem1/Content/NeoGame/Blueprints/BP_Door.uexp" 1104
"L:/GitHub/massey-unreal/NeoTeAikaSem1/Content/NeoGame/Art/MaterialLibrary/Green/texture_02.ubulk" 1105
"L:/GitHub/massey-unreal/NeoTeAikaSem1/Content/NeoGame/Art/MaterialLibrary/Green/texture_02.uasset" 1106
"L:/GitHub/massey-unreal/NeoTeAikaSem1/Content/NeoGame/Art/MaterialLibrary/Green/texture_02.uexp" 1107
"L:/GitHub/massey-unreal/NeoTeAikaSem1/Content/NeoGame/Art/MaterialLibrary/Green/texture_02_Mat.uasset" 1108
"L:/GitHub/massey-unreal/NeoTeAikaSem1/Content/NeoGame/Art/MaterialLibrary/Green/texture_02_Mat.uexp" 1109
"L:/GitHub/massey-unreal/NeoTeAikaSem1/Content/NeoGame/Art/MaterialLibrary/Light/texture_06.ubulk" 1110
"L:/GitHub/massey-unreal/NeoTeAikaSem1/Content/NeoGame/Art/MaterialLibrary/Light/texture_06.uasset" 1111
"L:/GitHub/massey-unreal/NeoTeAikaSem1/Content/NeoGame/Art/MaterialLibrary/Light/texture_06.uexp" 1112
"L:/GitHub/massey-unreal/NeoTeAikaSem1/Content/NeoGame/Art/MaterialLibrary/Light/texture_06_Mat.uasset" 1113
"L:/GitHub/massey-unreal/NeoTeAikaSem1/Content/NeoGame/Art/MaterialLibrary/Light/texture_06_Mat.uexp" 1114
"L:/GitHub/massey-unreal/NeoTeAikaSem1/Content/NeoGame/Art/MaterialLibrary/Orange/texture_09.ubulk" 1115
"L:/GitHub/massey-unreal/NeoTeAikaSem1/Content/NeoGame/Art/MaterialLibrary/Orange/texture_09.uasset" 1116
"L:/GitHub/massey-unreal/NeoTeAikaSem1/Content/NeoGame/Art/MaterialLibrary/Orange/texture_09.uexp" 1117
"L:/GitHub/massey-unreal/NeoTeAikaSem1/Content/NeoGame/Art/MaterialLibrary/Orange/texture_09_Mat.uasset" 1118
"L:/GitHub/massey-unreal/NeoTeAikaSem1/Content/NeoGame/Art/MaterialLibrary/Orange/texture_09_Mat.uexp" 1119
"L:/GitHub/massey-unreal/NeoTeAikaSem1/Content/NeoGame/Art/MaterialLibrary/Purple/texture_09.ubulk" 1120
"L:/GitHub/massey-unreal/NeoTeAikaSem1/Content/NeoGame/Art/MaterialLibrary/Purple/texture_09.uasset" 1121
"L:/GitHub/massey-unreal/NeoTeAikaSem1/Content/NeoGame/Art/MaterialLibrary/Purple/texture_09.uexp" 1122
"L:/GitHub/massey-unreal/NeoTeAikaSem1/Content/NeoGame/Art/MaterialLibrary/Purple/texture_09_Mat.uasset" 1123
"L:/GitHub/massey-unreal/NeoTeAikaSem1/Content/NeoGame/Art/MaterialLibrary/Purple/texture_09_Mat.uexp" 1124
"L:/GitHub/massey-unreal/NeoTeAikaSem1/Content/NeoGame/Art/MaterialLibrary/Red/texture_09.ubulk" 1125
"L:/GitHub/massey-unreal/NeoTeAikaSem1/Content/NeoGame/Art/MaterialLibrary/Red/texture_09.uasset" 1126
"L:/GitHub/massey-unreal/NeoTeAikaSem1/Content/NeoGame/Art/MaterialLibrary/Red/texture_09.uexp" 1127
"L:/GitHub/massey-unreal/NeoTeAikaSem1/Content/NeoGame/Art/MaterialLibrary/Red/texture_09_Mat.uasset" 1128
"L:/GitHub/massey-unreal/NeoTeAikaSem1/Content/NeoGame/Art/MaterialLibrary/Red/texture_09_Mat.uexp" 1129
"L:/GitHub/massey-unreal/NeoTeAikaSem1/Content/NeoGame/Art/Models/alien.uasset" 1130
"L:/GitHub/massey-unreal/NeoTeAikaSem1/Content/NeoGame/Art/Models/alien.uexp" 1131
"L:/GitHub/massey-unreal/NeoTeAikaSem1/Content/StarterContent/Particles/Materials/m_flare_01.uasset" 1132
"L:/GitHub/massey-unreal/NeoTeAikaSem1/Content/StarterContent/Particles/Materials/m_flare_01.uexp" 1133
"L:/GitHub/massey-unreal/NeoTeAikaSem1/Content/NeoGame/Blueprints/placeholderPylon.uasset" 1134
"L:/GitHub/massey-unreal/NeoTeAikaSem1/Content/NeoGame/Blueprints/placeholderPylon.uexp" 1135
"L:/GitHub/massey-unreal/NeoTeAikaSem1/Content/LevelPrototyping/Materials/M_Solid.uasset" 1136
"L:/GitHub/massey-unreal/NeoTeAikaSem1/Content/LevelPrototyping/Materials/M_Solid.uexp" 1137
"L:/GitHub/massey-unreal/NeoTeAikaSem1/Content/LevelPrototyping/Materials/MI_Solid_Blue.uasset" 1138
"L:/GitHub/massey-unreal/NeoTeAikaSem1/Content/LevelPrototyping/Materials/MI_Solid_Blue.uexp" 1139
"L:/GitHub/massey-unreal/NeoTeAikaSem1/Content/NeoGame/Blueprints/BP_Init.uasset" 1140
"L:/GitHub/massey-unreal/NeoTeAikaSem1/Content/NeoGame/Blueprints/BP_Init.uexp" 1141
"L:/GitHub/massey-unreal/NeoTeAikaSem1/Content/NeoGame/Art/MaterialLibrary/Pylon.uasset" 1142
"L:/GitHub/massey-unreal/NeoTeAikaSem1/Content/NeoGame/Art/MaterialLibrary/Pylon.uexp" 1143
"L:/GitHub/massey-unreal/NeoTeAikaSem1/Content/NeoGame/Art/Models/pylon_base.uasset" 1144
"L:/GitHub/massey-unreal/NeoTeAikaSem1/Content/NeoGame/Art/Models/pylon_base.uexp" 1145
"L:/GitHub/massey-unreal/NeoTeAikaSem1/Content/NeoGame/Art/TextureCameraMat_Mat.uasset" 1146
"L:/GitHub/massey-unreal/NeoTeAikaSem1/Content/NeoGame/Art/TextureCameraMat_Mat.uexp" 1147
"L:/GitHub/massey-unreal/NeoTeAikaSem1/Content/NeoGame/Audio/pylonatten.uasset" 1148
"L:/GitHub/massey-unreal/NeoTeAikaSem1/Content/NeoGame/Audio/pylonatten.uexp" 1149
"L:/GitHub/massey-unreal/NeoTeAikaSem1/Content/NeoGame/Audio/Pylon.uasset" 1150
"L:/GitHub/massey-unreal/NeoTeAikaSem1/Content/NeoGame/Audio/Pylon.uexp" 1151
"L:/GitHub/massey-unreal/NeoTeAikaSem1/Content/NeoGame/Levels/TestLevel.uexp" 1152
"L:/GitHub/massey-unreal/NeoTeAikaSem1/Content/NeoGame/Levels/TestLevel.ubulk" 1153
"L:/GitHub/massey-unreal/NeoTeAikaSem1/Content/NeoGame/Levels/TestLevel.umap" 1154
