"L:/GitHub/massey-unreal/NeoTeAikaSem1/NeoTeAikaSem1.uproject" 1
"../../../Engine/Plugins/AudioGameplay/AudioGameplay.uplugin" 2
"../../../Engine/Plugins/BlueprintFileUtils/BlueprintFileUtils.uplugin" 3
"../../../Engine/Plugins/ChaosClothAssetEditor/ChaosClothAssetEditor.uplugin" 4
"../../../Engine/Plugins/ChaosVD/ChaosVD.uplugin" 5
"../../../Engine/Plugins/ChaosCloth/ChaosCloth.uplugin" 6
"../../../Engine/Plugins/Bridge/Bridge.uplugin" 7
"../../../Engine/Plugins/DiscoveryBeaconReceiver/DiscoveryBeaconReceiver.uplugin" 8
"../../../Engine/Plugins/ChaosClothAsset/ChaosClothAsset.uplugin" 9
"../../../Engine/Plugins/Fab/Fab.uplugin" 10
"../../../Engine/Plugins/EnhancedInput/EnhancedInput.uplugin" 11
"../../../Engine/Plugins/ChaosInsights/ChaosInsights.uplugin" 12
"../../../Engine/Plugins/AudioInsights/AudioInsights.uplugin" 13
"../../../Engine/Plugins/Chooser/Chooser.uplugin" 14
"../../../Engine/Plugins/FastBuildController/FastBuildController.uplugin" 15
"../../../Engine/Plugins/IoStoreInsights/IoStoreInsights.uplugin" 16
"../../../Engine/Plugins/MassInsights/MassInsights.uplugin" 17
"../../../Engine/Plugins/LightWeightInstancesEditor/LightWeightInstancesEditor.uplugin" 18
"../../../Engine/Plugins/Mutable/Mutable.uplugin" 19
"../../../Engine/Plugins/MeshPainting/MeshPainting.uplugin" 20
"../../../Engine/Plugins/MemoryUsageQueries/MemoryUsageQueries.uplugin" 21
"../../../Engine/Plugins/PCG/PCG.uplugin" 22
"../../../Engine/Plugins/CmdLinkServer/CmdLinkServer.uplugin" 23
"../../../Engine/Plugins/ScriptPlugin/ScriptPlugin.uplugin" 24
"../../../Engine/Plugins/RenderGraphInsights/RenderGraphInsights.uplugin" 25
"../../../Engine/Plugins/TextureGraph/TextureGraph.uplugin" 26
"../../../Engine/Plugins/TraceUtilities/TraceUtilities.uplugin" 27
"../../../Engine/Plugins/UbaController/UbaController.uplugin" 28
"../../../Engine/Plugins/XGEController/XGEController.uplugin" 29
"../../../Engine/Plugins/WorldMetrics/WorldMetrics.uplugin" 30
"../../../Engine/Plugins/Developer/AnimationSharing/AnimationSharing.uplugin" 31
"../../../Engine/Plugins/Compositing/OpenCVLensDistortion/OpenCVLensDistortion.uplugin" 32
"../../../Engine/Plugins/Developer/CLionSourceCodeAccess/CLionSourceCodeAccess.uplugin" 33
"../../../Engine/Plugins/Compositing/LensDistortion/LensDistortion.uplugin" 34
"../../../Engine/Plugins/Developer/CodeLiteSourceCodeAccess/CodeLiteSourceCodeAccess.uplugin" 35
"../../../Engine/Plugins/Developer/DumpGPUServices/DumpGPUServices.uplugin" 36
"../../../Engine/Plugins/Developer/DirectoryPlaceholder/DirectoryPlaceholder.uplugin" 37
"../../../Engine/Plugins/JsonBlueprintUtilities/JsonBlueprintUtilities.uplugin" 38
"../../../Engine/Plugins/Developer/FieldNotificationTrace/FieldNotificationTrace.uplugin" 39
"../../../Engine/Plugins/Developer/GitSourceControl/GitSourceControl.uplugin" 40
"../../../Engine/Plugins/Developer/KDevelopSourceCodeAccess/KDevelopSourceCodeAccess.uplugin" 41
"../../../Engine/Plugins/Developer/NamingTokens/NamingTokens.uplugin" 42
"../../../Engine/Plugins/AudioGameplayVolume/AudioGameplayVolume.uplugin" 43
"../../../Engine/Plugins/Compositing/OpenColorIO/OpenColorIO.uplugin" 44
"../../../Engine/Plugins/Developer/PixWinPlugin/PixWinPlugin.uplugin" 45
"../../../Engine/Plugins/Developer/PerforceSourceControl/PerforceSourceControl.uplugin" 46
"../../../Engine/Plugins/Developer/BlankPlugin/BlankPlugin.uplugin" 47
"../../../Engine/Plugins/Developer/N10XSourceCodeAccess/N10XSourceCodeAccess.uplugin" 48
"../../../Engine/Plugins/Developer/OneSkyLocalizationService/OneSkyLocalizationService.uplugin" 49
"../../../Engine/Plugins/Developer/PlasticSourceControl/PlasticSourceControl.uplugin" 50
"../../../Engine/Plugins/Developer/PluginUtils/PluginUtils.uplugin" 51
"../../../Engine/Plugins/Developer/ProjectLauncher/ProjectLauncher.uplugin" 52
"../../../Engine/Plugins/Developer/RenderDocPlugin/RenderDocPlugin.uplugin" 53
"../../../Engine/Plugins/Developer/RiderSourceCodeAccess/RiderSourceCodeAccess.uplugin" 54
"../../../Engine/Plugins/Developer/PropertyAccessNode/PropertyAccessNode.uplugin" 55
"../../../Engine/Plugins/Developer/SubversionSourceControl/SubversionSourceControl.uplugin" 56
"../../../Engine/Plugins/Developer/NullSourceCodeAccess/NullSourceCodeAccess.uplugin" 57
"../../../Engine/Plugins/Developer/TraceDataFiltering/TraceDataFilters.uplugin" 58
"../../../Engine/Plugins/Developer/XcodeGPUDebuggerPlugin/XcodeGPUDebuggerPlugin.uplugin" 59
"../../../Engine/Plugins/Developer/VisualStudioSourceCodeAccess/VisualStudioSourceCodeAccess.uplugin" 60
"../../../Engine/Plugins/Developer/XCodeSourceCodeAccess/XCodeSourceCodeAccess.uplugin" 61
"../../../Engine/Plugins/Developer/VisualStudioCodeSourceCodeAccess/VisualStudioCodeSourceCodeAccess.uplugin" 62
"../../../Engine/Plugins/Experimental/AbilitySystemGameFeatureActions/AbilitySystemGameFeatureActions.uplugin" 63
"../../../Engine/Plugins/Experimental/ActorPalette/ActorPalette.uplugin" 64
"../../../Engine/Plugins/Developer/TextureFormatOodle/TextureFormatOodle.uplugin" 65
"../../../Engine/Plugins/Experimental/AdvancedRenamer/AdvancedRenamer.uplugin" 66
"../../../Engine/Plugins/Experimental/AnimNextControlRig/AnimNextControlRig.uplugin" 67
"../../../Engine/Plugins/Experimental/AnimNext/AnimNext.uplugin" 68
"../../../Engine/Plugins/Compositing/Composure/Composure.uplugin" 69
"../../../Engine/Plugins/Experimental/AnimNextAnimGraph/AnimNextAnimGraph.uplugin" 70
"../../../Engine/Plugins/Experimental/AnimNextStateTree/AnimNextStateTree.uplugin" 71
"../../../Engine/Plugins/Developer/UObjectPlugin/UObjectPlugin.uplugin" 72
"../../../Engine/Plugins/Experimental/AnimNextPoseSearch/AnimNextPoseSearch.uplugin" 73
"../../../Engine/Plugins/Experimental/AnimNextWarping/AnimNextWarping.uplugin" 74
"../../../Engine/Plugins/Experimental/AnimToTexture/AnimToTexture.uplugin" 75
"../../../Engine/Plugins/Experimental/AutomationUtils/AutomationUtils.uplugin" 76
"../../../Engine/Plugins/Experimental/AvalancheDisplayCluster/AvalancheDisplayCluster.uplugin" 77
"../../../Engine/Plugins/Experimental/AsyncMessageSystemTests/AsyncMessageSystemTests.uplugin" 78
"../../../Engine/Plugins/Experimental/AvalancheDataLink/AvalancheDataLink.uplugin" 79
"../../../Engine/Plugins/Experimental/AvalancheSequenceNavigator/AvalancheSequenceNavigator.uplugin" 80
"../../../Engine/Plugins/Experimental/AvalancheSceneState/AvalancheSceneState.uplugin" 81
"../../../Engine/Plugins/Experimental/AsyncMessageSystem/AsyncMessageSystem.uplugin" 82
"../../../Engine/Plugins/Experimental/BlueprintStats/BlueprintStats.uplugin" 83
"../../../Engine/Plugins/Experimental/BlueprintSnapNodes/BlueprintSnapNodes.uplugin" 84
"../../../Engine/Plugins/Experimental/Buoyancy/Buoyancy.uplugin" 85
"../../../Engine/Plugins/Developer/TraceSourceFiltering/TraceSourceFilters.uplugin" 86
"../../../Engine/Plugins/Experimental/ChaosCachingUSD/ChaosCachingUSD.uplugin" 87
"../../../Engine/Plugins/Experimental/ChaosClothEditor/ChaosClothEditor.uplugin" 88
"../../../Engine/Plugins/Experimental/ChaosEditor/ChaosEditor.uplugin" 89
"../../../Engine/Plugins/Experimental/BackChannel/BackChannel.uplugin" 90
"../../../Engine/Plugins/Experimental/CelestialVault/CelestialVault.uplugin" 91
"../../../Engine/Plugins/Experimental/ChaosFlesh/ChaosFlesh.uplugin" 92
"../../../Engine/Plugins/Experimental/ChaosMover/ChaosMover.uplugin" 93
"../../../Engine/Plugins/Experimental/ChaosModularVehicleExamples/ChaosModularVehicleExamples.uplugin" 94
"../../../Engine/Plugins/Experimental/ChaosModularVehicle/ChaosModularVehicle.uplugin" 95
"../../../Engine/Plugins/Experimental/AnimNextChooser/AnimNextChooser.uplugin" 96
"../../../Engine/Plugins/Experimental/ChaosNiagara/ChaosNiagara.uplugin" 97
"../../../Engine/Plugins/Experimental/ChaosUserDataPT/ChaosUserDataPT.uplugin" 98
"../../../Engine/Plugins/Experimental/ChaosVehiclesPlugin/ChaosVehiclesPlugin.uplugin" 99
"../../../Engine/Plugins/Experimental/ChaosOutfitAsset/ChaosOutfitAsset.uplugin" 100
"../../../Engine/Plugins/Experimental/CharacterAI/CharacterAI.uplugin" 101
"../../../Engine/Plugins/Experimental/CineCameraRigs/CineCameraRigs.uplugin" 102
"../../../Engine/Plugins/Experimental/CineCameraSceneCapture/CineCameraSceneCapture.uplugin" 103
"../../../Engine/Plugins/Experimental/CodeEditor/CodeEditor.uplugin" 104
"../../../Engine/Plugins/Experimental/CodeView/CodeView.uplugin" 105
"../../../Engine/Plugins/Experimental/CommonConversation/CommonConversation.uplugin" 106
"../../../Engine/Plugins/Experimental/Dataflow/Dataflow.uplugin" 107
"../../../Engine/Plugins/Experimental/ControlFlows/ControlFlows.uplugin" 108
"../../../Engine/Plugins/Experimental/ChaosSolverPlugin/ChaosSolverPlugin.uplugin" 109
"../../../Engine/Plugins/Experimental/DataLinkOAuth/DataLinkOAuth.uplugin" 110
"../../../Engine/Plugins/Experimental/DaySequence/DaySequence.uplugin" 111
"../../../Engine/Plugins/Experimental/DataLink/DataLink.uplugin" 112
"../../../Engine/Plugins/Experimental/ColorCorrectRegions/ColorCorrectRegions.uplugin" 113
"../../../Engine/Plugins/Experimental/DefaultInstallBundleManager/DefaultInstallBundleManager.uplugin" 114
"../../../Engine/Plugins/Experimental/EditorPerformance/EditorPerformance.uplugin" 115
"../../../Engine/Plugins/Experimental/EditorDataStorage/EditorDataStorage.uplugin" 116
"../../../Engine/Plugins/Experimental/EditorDataStorageFeatures/EditorDataStorageFeatures.uplugin" 117
"../../../Engine/Plugins/Experimental/EditorTelemetry/EditorTelemetry.uplugin" 118
"../../../Engine/Plugins/Experimental/EvaluationNotifies/EvaluationNotifies.uplugin" 119
"../../../Engine/Plugins/Experimental/FieldSystemPlugin/FieldSystemPlugin.uplugin" 120
"../../../Engine/Plugins/Experimental/FloatingProperties/FloatingProperties.uplugin" 121
"../../../Engine/Plugins/Experimental/Fracture/Fracture.uplugin" 122
"../../../Engine/Plugins/Experimental/FullBodyIK/FullBodyIK.uplugin" 123
"../../../Engine/Plugins/Experimental/GameInputWindows/GameInputWindows.uplugin" 124
"../../../Engine/Plugins/Experimental/FastGeoStreaming/FastGeoStreaming.uplugin" 125
"../../../Engine/Plugins/Experimental/GameplayBehaviors/GameplayBehaviors.uplugin" 126
"../../../Engine/Plugins/Experimental/GameplayGraph/GameplayGraph.uplugin" 127
"../../../Engine/Plugins/Experimental/GameplayTargetingSystem/TargetingSystem.uplugin" 128
"../../../Engine/Plugins/Experimental/GeometryCacheAbcFile/GeometryCacheAbcFile.uplugin" 129
"../../../Engine/Plugins/Experimental/Gauntlet/Gauntlet.uplugin" 130
"../../../Engine/Plugins/Experimental/CinematicPrestreaming/CinematicPrestreaming.uplugin" 131
"../../../Engine/Plugins/Experimental/GeometryCollectionPlugin/GeometryCollectionPlugin.uplugin" 132
"../../../Engine/Plugins/Experimental/GeometryDataflow/GeometryDataflow.uplugin" 133
"../../../Engine/Plugins/Experimental/GeometryCacheLevelSequenceBaker/GeometryCacheLevelSequenceBaker.uplugin" 134
"../../../Engine/Plugins/Experimental/GeometryFlow/GeometryFlow.uplugin" 135
"../../../Engine/Plugins/Experimental/GPULightmass/GPULightmass.uplugin" 136
"../../../Engine/Plugins/Experimental/HairCardGenerator/HairCardGenerator.uplugin" 137
"../../../Engine/Plugins/Experimental/GizmoFramework/GizmoFramework.uplugin" 138
"../../../Engine/Plugins/Experimental/GizmoEdMode/GizmoEdMode.uplugin" 139
"../../../Engine/Plugins/Experimental/HairStrandsMutable/HairStrandsMutable.uplugin" 140
"../../../Engine/Plugins/Experimental/HairModelingToolset/HairModelingToolset.uplugin" 141
"../../../Engine/Plugins/Experimental/ImagePlate/ImagePlate.uplugin" 142
"../../../Engine/Plugins/Experimental/ImageWidgets/ImageWidgets.uplugin" 143
"../../../Engine/Plugins/Experimental/InlineMaterialInstance/InlineMaterialInstance.uplugin" 144
"../../../Engine/Plugins/Experimental/ImpostorBaker/ImpostorBaker.uplugin" 145
"../../../Engine/Plugins/Experimental/Iris/Iris.uplugin" 146
"../../../Engine/Plugins/Experimental/InteractionInterface/InteractionInterface.uplugin" 147
"../../../Engine/Plugins/Experimental/InstanceDataObjectFixupTool/InstanceDataObjectFixupTool.uplugin" 148
"../../../Engine/Plugins/Experimental/JWT/JWT.uplugin" 149
"../../../Engine/Plugins/Experimental/LandscapePatch/LandscapePatch.uplugin" 150
"../../../Engine/Plugins/Experimental/Landmass/Landmass.uplugin" 151
"../../../Engine/Plugins/Experimental/ChaosCaching/ChaosCaching.uplugin" 152
"../../../Engine/Plugins/Experimental/LevelSequenceNavigatorBridge/LevelSequenceNavigatorBridge.uplugin" 153
"../../../Engine/Plugins/Experimental/LearningAgents/LearningAgents.uplugin" 154
"../../../Engine/Plugins/Experimental/LiveLinkFaceImporter/LiveLinkFaceImporter.uplugin" 155
"../../../Engine/Plugins/Experimental/LiveLinkControlRig/LiveLinkControlRig.uplugin" 156
"../../../Engine/Plugins/Experimental/LocalizableMessage/LocalizableMessage.uplugin" 157
"../../../Engine/Plugins/Experimental/LowLevelNetTrace/LowLevelNetTrace.uplugin" 158
"../../../Engine/Plugins/Experimental/LiveLinkOpenVR/LiveLinkOpenVR.uplugin" 159
"../../../Engine/Plugins/Experimental/MediaStream/MediaStream.uplugin" 160
"../../../Engine/Plugins/Experimental/MediaViewer/MediaViewer.uplugin" 161
"../../../Engine/Plugins/Experimental/MeshModelingToolsetExp/MeshModelingToolsetExp.uplugin" 162
"../../../Engine/Plugins/Experimental/MeshResizing/MeshResizing.uplugin" 163
"../../../Engine/Plugins/Experimental/MetasoundExperimental/MetasoundExperimental.uplugin" 164
"../../../Engine/Plugins/Experimental/MotoSynth/MotoSynth.uplugin" 165
"../../../Engine/Plugins/Experimental/Mover/Mover.uplugin" 166
"../../../Engine/Plugins/Experimental/MoverAnimNext/MoverAnimNext.uplugin" 167
"../../../Engine/Plugins/Experimental/MoverExamples/MoverExamples.uplugin" 168
"../../../Engine/Plugins/Experimental/MoverIntegrations/MoverIntegrations.uplugin" 169
"../../../Engine/Plugins/Experimental/MovieSceneAnimMixer/MovieSceneAnimMixer.uplugin" 170
"../../../Engine/Plugins/Experimental/MLflow/MLflow.uplugin" 171
"../../../Engine/Plugins/Experimental/MovieScenePoseSearchTracks/MovieScenePoseSearchTracks.uplugin" 172
"../../../Engine/Plugins/Experimental/MoverTests/MoverTests.uplugin" 173
"../../../Engine/Plugins/Experimental/MutableClothing/MutableClothing.uplugin" 174
"../../../Engine/Plugins/Experimental/NaniteDisplacedMesh/NaniteDisplacedMesh.uplugin" 175
"../../../Engine/Plugins/Experimental/MutablePopulation/MutablePopulation.uplugin" 176
"../../../Engine/Plugins/Experimental/NeuralRendering/NeuralRendering.uplugin" 177
"../../../Engine/Plugins/Experimental/NFORDenoise/NFORDenoise.uplugin" 178
"../../../Engine/Plugins/Experimental/NNERuntimeBasicCpu/NNERuntimeBasicCpu.uplugin" 179
"../../../Engine/Plugins/Experimental/NNERuntimeCoreML/NNERuntimeCoreML.uplugin" 180
"../../../Engine/Plugins/Experimental/NNERuntimeRDG/NNERuntimeRDG.uplugin" 181
"../../../Engine/Plugins/Experimental/NNERuntimeIREE/NNERuntimeIREE.uplugin" 182
"../../../Engine/Plugins/Experimental/OptiXDenoise/OptiXDenoise.uplugin" 183
"../../../Engine/Plugins/Experimental/PCGBiomeCore/PCGBiomeCore.uplugin" 184
"../../../Engine/Plugins/Experimental/PanoramicCapture/PanoramicCapture.uplugin" 185
"../../../Engine/Plugins/Experimental/OpenImageDenoise/OpenImageDenoise.uplugin" 186
"../../../Engine/Plugins/Experimental/PhysicsControl/PhysicsControl.uplugin" 187
"../../../Engine/Plugins/Experimental/PCGBiomeSample/PCGBiomeSample.uplugin" 188
"../../../Engine/Plugins/Experimental/PixelStreamingPlayer/PixelStreamingPlayer.uplugin" 189
"../../../Engine/Plugins/Experimental/PlainPropsUObject/PlainPropsUObject.uplugin" 190
"../../../Engine/Plugins/Experimental/PlainProps/PlainProps.uplugin" 191
"../../../Engine/Plugins/Experimental/PlanarCutPlugin/PlanarCut.uplugin" 192
"../../../Engine/Plugins/Experimental/PluginReferenceViewer/PluginReferenceViewer.uplugin" 193
"../../../Engine/Plugins/Experimental/PluginAudit/PluginAudit.uplugin" 194
"../../../Engine/Plugins/Experimental/PSDImporter/PSDImporter.uplugin" 195
"../../../Engine/Plugins/Experimental/PlatformCrypto/PlatformCrypto.uplugin" 196
"../../../Engine/Plugins/Experimental/PluginTemplateTool/PluginTemplateTool.uplugin" 197
"../../../Engine/Plugins/Experimental/PSDImporterMaterialDesignerBridge/PSDImporterMaterialDesignerBridge.uplugin" 198
"../../../Engine/Plugins/Experimental/RawInput/RawInput.uplugin" 199
"../../../Engine/Plugins/Experimental/PythonScriptPlugin/PythonScriptPlugin.uplugin" 200
"../../../Engine/Plugins/Experimental/PythonFoundationPackages/PythonFoundationPackages.uplugin" 201
"../../../Engine/Plugins/Experimental/QuicMessaging/QuicMessaging.uplugin" 202
"../../../Engine/Plugins/Experimental/PostProcessMaterialChainGraph/PostProcessMaterialChainGraph.uplugin" 203
"../../../Engine/Plugins/Experimental/RemoteSession/RemoteSession.uplugin" 204
"../../../Engine/Plugins/Experimental/MotorSimOutputMotoSynth/MotorSimOutputMotoSynth.uplugin" 205
"../../../Engine/Plugins/Experimental/RemoteControlComponents/RemoteControlComponents.uplugin" 206
"../../../Engine/Plugins/Experimental/RazerChromaDevices/RazerChromaDevices.uplugin" 207
"../../../Engine/Plugins/Experimental/RigLogicAnimNext/RigLogicAnimNext.uplugin" 208
"../../../Engine/Plugins/Experimental/RigLogicMutable/RigLogicMutable.uplugin" 209
"../../../Engine/Plugins/Experimental/RuntimeTelemetry/RuntimeTelemetry.uplugin" 210
"../../../Engine/Plugins/Experimental/SceneState/SceneState.uplugin" 211
"../../../Engine/Plugins/Experimental/SecuritySandbox/SecuritySandbox.uplugin" 212
"../../../Engine/Plugins/Experimental/ScreenReader/ScreenReader.uplugin" 213
"../../../Engine/Plugins/Experimental/SequenceNavigator/SequenceNavigator.uplugin" 214
"../../../Engine/Plugins/Experimental/SerializationUtils/SerializationUtils.uplugin" 215
"../../../Engine/Plugins/Experimental/Shotgrid/Shotgrid.uplugin" 216
"../../../Engine/Plugins/Experimental/SimpleHMD/SimpleHMD.uplugin" 217
"../../../Engine/Plugins/Experimental/SkeletalReduction/SkeletalReduction.uplugin" 218
"../../../Engine/Plugins/Experimental/SlateScreenReader/SlateScreenReader.uplugin" 219
"../../../Engine/Plugins/Experimental/SlateModelViewViewModel/SlateModelViewViewModel.uplugin" 220
"../../../Engine/Plugins/Experimental/SlateIM/SlateIM.uplugin" 221
"../../../Engine/Plugins/Experimental/SpatialReadiness/SpatialReadiness.uplugin" 222
"../../../Engine/Plugins/Experimental/StructUtils/StructUtils.uplugin" 223
"../../../Engine/Plugins/Experimental/SubmitToolEditor/SubmitToolEditor.uplugin" 224
"../../../Engine/Plugins/Experimental/SubtitlesAndClosedCaptions/SubtitlesAndClosedCaptions.uplugin" 225
"../../../Engine/Plugins/Experimental/SurfaceEffects/SurfaceEffects.uplugin" 226
"../../../Engine/Plugins/Experimental/Tensorboard/Tensorboard.uplugin" 227
"../../../Engine/Plugins/Experimental/TechAudioTools/TechAudioTools.uplugin" 228
"../../../Engine/Plugins/Experimental/SVGImporter/SVGImporter.uplugin" 229
"../../../Engine/Plugins/Experimental/TargetDeviceServicesScripting/TargetDeviceServicesScripting.uplugin" 230
"../../../Engine/Plugins/Experimental/Text3D/Text3D.uplugin" 231
"../../../Engine/Plugins/Experimental/TetMeshing/TetMeshing.uplugin" 232
"../../../Engine/Plugins/Experimental/TextToSpeech/TextToSpeech.uplugin" 233
"../../../Engine/Plugins/Experimental/ToolPresets/ToolPresets.uplugin" 234
"../../../Engine/Plugins/Experimental/UIFramework/UIFramework.uplugin" 235
"../../../Engine/Plugins/Experimental/TextureMediaPlayer/TextureMediaPlayer.uplugin" 236
"../../../Engine/Plugins/Experimental/UserToolBoxBasicCommand/UserToolBoxBasicCommand.uplugin" 237
"../../../Engine/Plugins/Experimental/WaterAdvanced/WaterAdvanced.uplugin" 238
"../../../Engine/Plugins/Experimental/VirtualHeightfieldMesh/VirtualHeightfieldMesh.uplugin" 239
"../../../Engine/Plugins/Experimental/WidgetEditorToolPalette/WidgetEditorToolPalette.uplugin" 240
"../../../Engine/Plugins/Experimental/UserToolBoxCore/UserToolBoxCore.uplugin" 241
"../../../Engine/Plugins/Experimental/Volumetrics/Volumetrics.uplugin" 242
"../../../Engine/Plugins/Messaging/UdpMessaging/UdpMessaging.uplugin" 243
"../../../Engine/Plugins/Experimental/WebSocketMessaging/WebSocketMessaging.uplugin" 244
"../../../Engine/Plugins/Messaging/TcpMessaging/TcpMessaging.uplugin" 245
"../../../Engine/Plugins/Experimental/VirtualProductionUtilities/VirtualProductionUtilities.uplugin" 246
"../../../Engine/Plugins/Experimental/WebSocketNetworking/WebSocketNetworking.uplugin" 247
"../../../Engine/Plugins/NNE/NNERuntimeORT/NNERuntimeORT.uplugin" 248
"../../../Engine/Plugins/Messaging/MessagingDebugger/MessagingDebugger.uplugin" 249
"../../../Engine/Plugins/Performance/AutomatedPerfTesting/AutomatedPerfTesting.uplugin" 250
"../../../Engine/Plugins/Experimental/Water/Water.uplugin" 251
"../../../Engine/Plugins/Experimental/XRCreativeFramework/XRCreativeFramework.uplugin" 252
"../../../Engine/Plugins/Performance/PerformanceMonitor/PerformanceMonitor.uplugin" 253
"../../../Engine/Plugins/Experimental/Workspace/Workspace.uplugin" 254
"../../../Engine/Plugins/Tests/AutomationDriverTests/AutomationDriverTests.uplugin" 255
"../../../Engine/Plugins/Editor/AssetManagerEditor/AssetManagerEditor.uplugin" 256
"../../../Engine/Plugins/Tests/CQTest/CQTest.uplugin" 257
"../../../Engine/Plugins/Tests/EditorTests/EditorTests.uplugin" 258
"../../../Engine/Plugins/Editor/AssetRegistryExport/AssetRegistryExport.uplugin" 259
"../../../Engine/Plugins/Experimental/StateGraph/StateGraph.uplugin" 260
"../../../Engine/Plugins/Experimental/WaterExtras/WaterExtras.uplugin" 261
"../../../Engine/Plugins/Experimental/DynamicMaterialMediaStreamBridge/DynamicMaterialMediaStreamBridge.uplugin" 262
"../../../Engine/Plugins/NNE/NNEDenoiser/NNEDenoiser.uplugin" 263
"../../../Engine/Plugins/Tests/CQTestEnhancedInput/CQTestEnhancedInput.uplugin" 264
"../../../Engine/Plugins/Experimental/RenderGrid/RenderGrid.uplugin" 265
"../../../Engine/Plugins/Editor/AssetReferenceRestrictions/AssetReferenceRestrictions.uplugin" 266
"../../../Engine/Plugins/Tests/FunctionalTestingEditor/FunctionalTestingEditor.uplugin" 267
"../../../Engine/Plugins/Tests/FbxAutomationTestBuilder/FbxAutomationTestBuilder.uplugin" 268
"../../../Engine/Plugins/Tests/PythonAutomationTest/PythonAutomationTest.uplugin" 269
"../../../Engine/Plugins/Experimental/WaveFunctionCollapse/WaveFunctionCollapse.uplugin" 270
"../../../Engine/Plugins/Tests/RuntimeTests/RuntimeTests.uplugin" 271
"../../../Engine/Plugins/Tests/TestSamples/TestSamples.uplugin" 272
"../../../Engine/Plugins/Tests/TestFramework/TestFramework.uplugin" 273
"../../../Engine/Plugins/Tests/InterchangeTests/InterchangeTests.uplugin" 274
"../../../Engine/Plugins/Editor/AssetSearch/AssetSearch.uplugin" 275
"../../../Engine/Plugins/Editor/BlueprintHeaderView/BlueprintHeaderView.uplugin" 276
"../../../Engine/Plugins/Editor/ColorGrading/ColorGrading.uplugin" 277
"../../../Engine/Plugins/Editor/ChangelistReview/ChangelistReview.uplugin" 278
"../../../Engine/Plugins/Editor/CryptoKeys/CryptoKeys.uplugin" 279
"../../../Engine/Plugins/Editor/ConsoleVariablesEditor/ConsoleVariables.uplugin" 280
"../../../Engine/Plugins/Editor/CurveEditorTools/CurveEditorTools.uplugin" 281
"../../../Engine/Plugins/Editor/DataValidation/DataValidation.uplugin" 282
"../../../Engine/Plugins/Editor/DisplayClusterLaunch/DisplayClusterLaunch.uplugin" 283
"../../../Engine/Plugins/Editor/EditorDebugTools/EditorDebugTools.uplugin" 284
"../../../Engine/Plugins/Editor/EditorScriptingUtilities/EditorScriptingUtilities.uplugin" 285
"../../../Engine/Plugins/Editor/EngineAssetDefinitions/EngineAssetDefinitions.uplugin" 286
"../../../Engine/Plugins/Editor/FacialAnimation/FacialAnimation.uplugin" 287
"../../../Engine/Plugins/Editor/GameplayTagsEditor/GameplayTagsEditor.uplugin" 288
"../../../Engine/Plugins/Editor/GeometryMode/GeometryMode.uplugin" 289
"../../../Engine/Plugins/Editor/GuidedTutorials/GuidedTutorials.uplugin" 290
"../../../Engine/Plugins/Editor/LiveUpdateForSlate/LiveUpdateForSlate.uplugin" 291
"../../../Engine/Plugins/Editor/MacGraphicsSwitching/MacGraphicsSwitching.uplugin" 292
"../../../Engine/Plugins/Editor/MakeCookedEditorAsDLC/MakeCookedEditorAsDLC.uplugin" 293
"../../../Engine/Plugins/Editor/MeshLODToolset/MeshLODToolset.uplugin" 294
"../../../Engine/Plugins/Editor/MaterialAnalyzer/MaterialAnalyzer.uplugin" 295
"../../../Engine/Plugins/Editor/MobileLauncherProfileWizard/MobileLauncherProfileWizard.uplugin" 296
"../../../Engine/Plugins/Editor/ModelingToolsEditorMode/ModelingToolsEditorMode.uplugin" 297
"../../../Engine/Plugins/Editor/PluginBrowser/PluginBrowser.uplugin" 298
"../../../Engine/Plugins/Editor/ModelViewViewModelPreview/ModelViewViewModelPreview.uplugin" 299
"../../../Engine/Plugins/Editor/ProxyLODPlugin/ProxyLODPlugin.uplugin" 300
"../../../Engine/Plugins/Importers/AlembicHairImporter/AlembicHairImporter.uplugin" 301
"../../../Engine/Plugins/Importers/USDImporter/USDImporter.uplugin" 302
"../../../Engine/Plugins/Editor/SpeedTreeImporter/SpeedTreeImporter.uplugin" 303
"../../../Engine/Plugins/Importers/USDImporterMDL/USDImporterMDL.uplugin" 304
"../../../Engine/Plugins/Editor/SequencerAnimTools/SequencerAnimTools.uplugin" 305
"../../../Engine/Plugins/Importers/AlembicImporter/AlembicImporter.uplugin" 306
"../../../Engine/Plugins/Editor/StylusInput/StylusInput.uplugin" 307
"../../../Engine/Plugins/Editor/StaticMeshEditorModeling/StaticMeshEditorModeling.uplugin" 308
"../../../Engine/Plugins/Editor/UMGWidgetPreview/UMGWidgetPreview.uplugin" 309
"../../../Engine/Plugins/Importers/USDMultiUser/USDMultiUser.uplugin" 310
"../../../Engine/Plugins/Editor/WorldPartitionHLODUtilities/WorldPartitionHLODUtilities.uplugin" 311
"../../../Engine/Plugins/Editor/UVEditor/UVEditor.uplugin" 312
"../../../Engine/Plugins/Editor/EditorSysConfigAssistant/EditorSysConfigAssistant.uplugin" 313
"../../../Engine/Plugins/Media/AjaMedia/AjaMedia.uplugin" 314
"../../../Engine/Plugins/Media/AndroidMedia/AndroidMedia.uplugin" 315
"../../../Engine/Plugins/Media/AppleProResDecoderElectra/AppleProResDecoderElectra.uplugin" 316
"../../../Engine/Plugins/Editor/WaveformEditor/WaveformEditor.uplugin" 317
"../../../Engine/Plugins/Tests/WidgetAutomationTests/WidgetAutomationTests.uplugin" 318
"../../../Engine/Plugins/Media/AudioCaptureTimecodeProvider/AudioCaptureTimecodeProvider.uplugin" 319
"../../../Engine/Plugins/Media/AvidDNxMedia/AvidDNxMedia.uplugin" 320
"../../../Engine/Plugins/Media/BlackmagicMedia/BlackmagicMedia.uplugin" 321
"../../../Engine/Plugins/Media/BinkMedia/BinkMedia.uplugin" 322
"../../../Engine/Plugins/Tests/RHITests/RHITests.uplugin" 323
"../../../Engine/Plugins/Media/D3D12VideoDecodersElectra/D3D12VideoDecodersElectra.uplugin" 324
"../../../Engine/Plugins/Media/AndroidCamera/AndroidCamera.uplugin" 325
"../../../Engine/Plugins/Media/ElectraPlayer/ElectraPlayer.uplugin" 326
"../../../Engine/Plugins/Media/AppleProResMedia/AppleProResMedia.uplugin" 327
"../../../Engine/Plugins/Media/ElectraCDM/ElectraCDM.uplugin" 328
"../../../Engine/Plugins/Media/ElectraCodecs/ElectraCodecs.uplugin" 329
"../../../Engine/Plugins/Media/ElectraSubtitles/ElectraSubtitles.uplugin" 330
"../../../Engine/Plugins/Media/ElectraUtil/ElectraUtil.uplugin" 331
"../../../Engine/Plugins/Media/FlacDecoderElectra/FlacDecoderElectra.uplugin" 332
"../../../Engine/Plugins/Media/HAPMedia/HAPMedia.uplugin" 333
"../../../Engine/Plugins/Media/ImgMedia/ImgMedia.uplugin" 334
"../../../Engine/Plugins/Media/HardwareEncoders/HardwareEncoders.uplugin" 335
"../../../Engine/Plugins/Media/LinearTimecode/LinearTimecode.uplugin" 336
"../../../Engine/Plugins/Media/MediaCompositing/MediaCompositing.uplugin" 337
"../../../Engine/Plugins/Media/HAPDecoderElectra/HAPDecoderElectra.uplugin" 338
"../../../Engine/Plugins/Editor/BlueprintMaterialTextureNodes/BlueprintMaterialTextureNodes.uplugin" 339
"../../../Engine/Plugins/Media/AvidDNxHDDecoderElectra/AvidDNxHDDecoderElectra.uplugin" 340
"../../../Engine/Plugins/Media/MediaIOFramework/MediaIOFramework.uplugin" 341
"../../../Engine/Plugins/Media/MfMedia/MfMedia.uplugin" 342
"../../../Engine/Plugins/Media/MediaPlayerEditor/MediaPlayerEditor.uplugin" 343
"../../../Engine/Plugins/Editor/ScriptableToolsEditorMode/ScriptableToolsEditorMode.uplugin" 344
"../../../Engine/Plugins/Media/NDIMedia/NDIMedia.uplugin" 345
"../../../Engine/Plugins/MetaHuman/MetaHumanAnimator/MetaHuman.uplugin" 346
"../../../Engine/Plugins/Media/OpusDecoderElectra/OpusDecoderElectra.uplugin" 347
"../../../Engine/Plugins/Media/PixelCapture/PixelCapture.uplugin" 348
"../../../Engine/Plugins/MetaHuman/MetaHumanCalibrationProcessing/MetaHumanCalibrationProcessing.uplugin" 349
"../../../Engine/Plugins/Media/PixelStreaming/PixelStreaming.uplugin" 350
"../../../Engine/Plugins/Editor/SampleToolsEditorMode/SampleToolsEditorMode.uplugin" 351
"../../../Engine/Plugins/MetaHuman/MetaHumanCharacter/MetaHumanCharacter.uplugin" 352
"../../../Engine/Plugins/Media/WebMMedia/WebMMedia.uplugin" 353
"../../../Engine/Plugins/MetaHuman/MetaHumanCoreTechLib/MetaHumanCoreTech.uplugin" 354
"../../../Engine/Plugins/Media/WmfMedia/WmfMedia.uplugin" 355
"../../../Engine/Plugins/Media/VPxDecoderElectra/VPxDecoderElectra.uplugin" 356
"../../../Engine/Plugins/Media/TimecodeSynchronizer/TimecodeSynchronizer.uplugin" 357
"../../../Engine/Plugins/Media/MediaMovieStreamer/MediaMovieStreamer.uplugin" 358
"../../../Engine/Plugins/Online/EOSOverlayInputProvider/EOSOverlayInputProvider.uplugin" 359
"../../../Engine/Plugins/Online/OnlineServicesEOSGS/OnlineServicesEOSGS.uplugin" 360
"../../../Engine/Plugins/Media/MediaPlate/MediaPlate.uplugin" 361
"../../../Engine/Plugins/Media/MediaFrameworkUtilities/MediaFrameworkUtilities.uplugin" 362
"../../../Engine/Plugins/MetaHuman/MetaHumanLiveLink/MetaHumanLiveLink.uplugin" 363
"../../../Engine/Plugins/Online/OnlineBase/OnlineBase.uplugin" 364
"../../../Engine/Plugins/Media/AvfMedia/AvfMedia.uplugin" 365
"../../../Engine/Plugins/Online/OnlineServicesEpicCommon/OnlineServicesEpicCommon.uplugin" 366
"../../../Engine/Plugins/Online/OnlineServicesOSSAdapter/OnlineServicesOSSAdapter.uplugin" 367
"../../../Engine/Plugins/Online/OnlineServicesNull/OnlineServicesNull.uplugin" 368
"../../../Engine/Plugins/Online/OnlineSubsystemApple/OnlineSubsystemApple.uplugin" 369
"../../../Engine/Plugins/Online/OnlineSubsystem/OnlineSubsystem.uplugin" 370
"../../../Engine/Plugins/Online/OnlineServicesEOS/OnlineServicesEOS.uplugin" 371
"../../../Engine/Plugins/Online/OnlineSubsystemEOS/OnlineSubsystemEOS.uplugin" 372
"../../../Engine/Plugins/Online/OnlineSubsystemFacebook/OnlineSubsystemFacebook.uplugin" 373
"../../../Engine/Plugins/Online/OnlineSubsystemGoogle/OnlineSubsystemGoogle.uplugin" 374
"../../../Engine/Plugins/Online/OnlineSubsystemSteam/OnlineSubsystemSteam.uplugin" 375
"../../../Engine/Plugins/Online/OnlineSubsystemNull/OnlineSubsystemNull.uplugin" 376
"../../../Engine/Plugins/Online/OnlineSubsystemTencent/OnlineSubsystemTencent.uplugin" 377
"../../../Engine/Plugins/Runtime/ActorLayerUtilities/ActorLayerUtilities.uplugin" 378
"../../../Engine/Plugins/Online/SocketSubsystemEOS/SocketSubsystemEOS.uplugin" 379
"../../../Engine/Plugins/Online/EOSShared/EOSShared.uplugin" 380
"../../../Engine/Plugins/Online/SocketSubsystemSteamIP/SocketSubsystemSteamIP.uplugin" 381
"../../../Engine/Plugins/MetaHuman/MetaHumanSDK/MetaHumanSDK.uplugin" 382
"../../../Engine/Plugins/Runtime/ADM/ADM.uplugin" 383
"../../../Engine/Plugins/Media/PixelStreaming2/PixelStreaming2.uplugin" 384
"../../../Engine/Plugins/Runtime/AndroidDeviceProfileSelector/AndroidDeviceProfileSelector.uplugin" 385
"../../../Engine/Plugins/Runtime/AndroidFileServer/AndroidFileServer.uplugin" 386
"../../../Engine/Plugins/Online/OnlineSubsystemAmazon/OnlineSubsystemAmazon.uplugin" 387
"../../../Engine/Plugins/Runtime/AndroidMoviePlayer/AndroidMoviePlayer.uplugin" 388
"../../../Engine/Plugins/Runtime/AndroidPermission/AndroidPermission.uplugin" 389
"../../../Engine/Plugins/Runtime/AnimationBudgetAllocator/AnimationBudgetAllocator.uplugin" 390
"../../../Engine/Plugins/Runtime/ApexDestruction/ApexDestruction.uplugin" 391
"../../../Engine/Plugins/Runtime/AndroidBackgroundService/AndroidBackgroundService.uplugin" 392
"../../../Engine/Plugins/Runtime/AppleImageUtils/AppleImageUtils.uplugin" 393
"../../../Engine/Plugins/Runtime/AppleMoviePlayer/AppleMoviePlayer.uplugin" 394
"../../../Engine/Plugins/Runtime/AudioCapture/AudioCapture.uplugin" 395
"../../../Engine/Plugins/Runtime/ArchVisCharacter/ArchVisCharacter.uplugin" 396
"../../../Engine/Plugins/Runtime/AssetTags/AssetTags.uplugin" 397
"../../../Engine/Plugins/Runtime/AudioMotorSim/AudioMotorSim.uplugin" 398
"../../../Engine/Plugins/Runtime/AudioModulation/AudioModulation.uplugin" 399
"../../../Engine/Plugins/Runtime/AudioWidgets/AudioWidgets.uplugin" 400
"../../../Engine/Plugins/Runtime/AudioSynesthesia/AudioSynesthesia.uplugin" 401
"../../../Engine/Plugins/Online/OnlineFramework/OnlineFramework.uplugin" 402
"../../../Engine/Plugins/Runtime/CableComponent/CableComponent.uplugin" 403
"../../../Engine/Plugins/Online/WebAuth/WebAuth.uplugin" 404
"../../../Engine/Plugins/Runtime/ChunkDownloader/ChunkDownloader.uplugin" 405
"../../../Engine/Plugins/Runtime/CommonUI/CommonUI.uplugin" 406
"../../../Engine/Plugins/Runtime/ComputeFramework/ComputeFramework.uplugin" 407
"../../../Engine/Plugins/Online/OnlineSubsystemUtils/OnlineSubsystemUtils.uplugin" 408
"../../../Engine/Plugins/Runtime/CustomMeshComponent/CustomMeshComponent.uplugin" 409
"../../../Engine/Plugins/Runtime/DataRegistry/DataRegistry.uplugin" 410
"../../../Engine/Plugins/Online/OnlineServices/OnlineServices.uplugin" 411
"../../../Engine/Plugins/Runtime/ExampleDeviceProfileSelector/ExampleDeviceProfileSelector.uplugin" 412
"../../../Engine/Plugins/Runtime/GameInput/GameInput.uplugin" 413
"../../../Engine/Plugins/Runtime/GameplayBehaviorSmartObjects/GameplayBehaviorSmartObjects.uplugin" 414
"../../../Engine/Plugins/Runtime/GameplayInteractions/GameplayInteractions.uplugin" 415
"../../../Engine/Plugins/Runtime/GameFeatures/GameFeatures.uplugin" 416
"../../../Engine/Plugins/Runtime/GameplayStateTree/GameplayStateTree.uplugin" 417
"../../../Engine/Plugins/Runtime/GeometryCache/GeometryCache.uplugin" 418
"../../../Engine/Plugins/Runtime/GeoReferencing/GeoReferencing.uplugin" 419
"../../../Engine/Plugins/Runtime/GeometryProcessing/GeometryProcessing.uplugin" 420
"../../../Engine/Plugins/Runtime/GooglePAD/GooglePAD.uplugin" 421
"../../../Engine/Plugins/Runtime/HairStrands/HairStrands.uplugin" 422
"../../../Engine/Plugins/Runtime/Harmonix/Harmonix.uplugin" 423
"../../../Engine/Plugins/Runtime/HDRIBackdrop/HDRIBackdrop.uplugin" 424
"../../../Engine/Plugins/Runtime/HPMotionController/HPMotionController.uplugin" 425
"../../../Engine/Plugins/Runtime/Firebase/Firebase.uplugin" 426
"../../../Engine/Plugins/Runtime/InputDebugging/InputDebugging.uplugin" 427
"../../../Engine/Plugins/Runtime/HTTPChunkInstaller/HTTPChunkInstaller.uplugin" 428
"../../../Engine/Plugins/Runtime/IOSDeviceProfileSelector/IOSDeviceProfileSelector.uplugin" 429
"../../../Engine/Plugins/Runtime/InstancedActors/InstancedActors.uplugin" 430
"../../../Engine/Plugins/Runtime/LevelStreamingPersistence/LevelStreamingPersistence.uplugin" 431
"../../../Engine/Plugins/Runtime/IOSReplayKit/IOSReplayKit.uplugin" 432
"../../../Engine/Plugins/Runtime/LinuxDeviceProfileSelector/LinuxDeviceProfileSelector.uplugin" 433
"../../../Engine/Plugins/Runtime/LiveLinkOvernDisplay/LiveLinkOverNDisplay.uplugin" 434
"../../../Engine/Plugins/Runtime/LocationServicesBPLibrary/LocationServicesBPLibrary.uplugin" 435
"../../../Engine/Plugins/Runtime/LocationServicesAndroidImpl/LocationServicesAndroidImpl.uplugin" 436
"../../../Engine/Plugins/Runtime/MassEntity/MassEntity.uplugin" 437
"../../../Engine/Plugins/Runtime/GeometryScripting/GeometryScripting.uplugin" 438
"../../../Engine/Plugins/Runtime/LocationServicesIOSImpl/LocationServicesIOSImpl.uplugin" 439
"../../../Engine/Plugins/Runtime/MeshModelingToolset/MeshModelingToolset.uplugin" 440
"../../../Engine/Plugins/Runtime/Metasound/Metasound.uplugin" 441
"../../../Engine/Plugins/Runtime/MixedRealityCaptureFramework/MixedRealityCaptureFramework.uplugin" 442
"../../../Engine/Plugins/Runtime/MobilePatchingUtils/MobilePatchingUtils.uplugin" 443
"../../../Engine/Plugins/Runtime/MassGameplay/MassGameplay.uplugin" 444
"../../../Engine/Plugins/Runtime/MicrosoftSpatialAudio/MicroSoftSpatialSound.uplugin" 445
"../../../Engine/Plugins/Runtime/MIDIDevice/MIDIDevice.uplugin" 446
"../../../Engine/Plugins/Runtime/ModelViewViewModel/ModelViewViewModel.uplugin" 447
"../../../Engine/Plugins/Runtime/ModularGameplay/ModularGameplay.uplugin" 448
"../../../Engine/Plugins/Runtime/GameplayAbilities/GameplayAbilities.uplugin" 449
"../../../Engine/Plugins/Runtime/MultiServerReplication/MultiServerReplication.uplugin" 450
"../../../Engine/Plugins/Runtime/NavCorridor/NavCorridor.uplugin" 451
"../../../Engine/Plugins/Runtime/MusicEnvironment/MusicEnvironment.uplugin" 452
"../../../Engine/Plugins/Runtime/nDisplay/nDisplay.uplugin" 453
"../../../Engine/Plugins/Runtime/nDisplayModularFeatures/nDisplayModularFeatures.uplugin" 454
"../../../Engine/Plugins/Runtime/NetworkPredictionInsights/NetworkPredictionInsights.uplugin" 455
"../../../Engine/Plugins/Runtime/OpenCV/OpenCV.uplugin" 456
"../../../Engine/Plugins/Runtime/NetworkPrediction/NetworkPrediction.uplugin" 457
"../../../Engine/Plugins/Runtime/OpenXREyeTracker/OpenXREyeTracker.uplugin" 458
"../../../Engine/Plugins/Runtime/OpenXRViveTracker/OpenXRViveTracker.uplugin" 459
"../../../Engine/Plugins/Runtime/GoogleCloudMessaging/GoogleCloudMessaging.uplugin" 460
"../../../Engine/Plugins/Runtime/OpenXRHandTracking/OpenXRHandTracking.uplugin" 461
"../../../Engine/Plugins/Runtime/OptionalMobileFeaturesBPLibrary/OptionalMobileFeaturesBPLibrary.uplugin" 462
"../../../Engine/Plugins/Runtime/MsQuic/MsQuic.uplugin" 463
"../../../Engine/Plugins/Runtime/OpenXRMsftHandInteraction/OpenXRMsftHandInteraction.uplugin" 464
"../../../Engine/Plugins/Runtime/OSC/OSC.uplugin" 465
"../../../Engine/Plugins/Runtime/ProceduralMeshComponent/ProceduralMeshComponent.uplugin" 466
"../../../Engine/Plugins/Runtime/PropertyAccess/PropertyAccessEditor.uplugin" 467
"../../../Engine/Plugins/Runtime/PropertyBindingUtils/PropertyBindingUtils.uplugin" 468
"../../../Engine/Plugins/Runtime/ScriptableToolsFramework/ScriptableToolsFramework.uplugin" 469
"../../../Engine/Plugins/Runtime/MobileFSR/MobileFSR.uplugin" 470
"../../../Engine/Plugins/Runtime/ReplicationSystemTestPlugin/ReplicationSystemTestPlugin.uplugin" 471
"../../../Engine/Plugins/Runtime/RigVM/RigVM.uplugin" 472
"../../../Engine/Plugins/Runtime/PreLoadScreenMoviePlayer/PreLoadScreenMoviePlayer.uplugin" 473
"../../../Engine/Plugins/Runtime/ResonanceAudio/ResonanceAudio.uplugin" 474
"../../../Engine/Plugins/Runtime/SkeletalMerging/SkeletalMerging.uplugin" 475
"../../../Engine/Plugins/Runtime/SmartObjects/SmartObjects.uplugin" 476
"../../../Engine/Plugins/Runtime/SoundCueTemplates/SoundCueTemplates.uplugin" 477
"../../../Engine/Plugins/Runtime/RenderTrace/RenderTrace.uplugin" 478
"../../../Engine/Plugins/Runtime/SoundMod/SoundMod.uplugin" 479
"../../../Engine/Plugins/Runtime/SoundFields/SoundFields.uplugin" 480
"../../../Engine/Plugins/Runtime/Soundscape/Soundscape.uplugin" 481
"../../../Engine/Plugins/Runtime/SoundUtilities/SoundUtilities.uplugin" 482
"../../../Engine/Plugins/Runtime/Spatialization/Spatialization.uplugin" 483
"../../../Engine/Plugins/Runtime/StateTree/StateTree.uplugin" 484
"../../../Engine/Plugins/Runtime/USDCore/USDCore.uplugin" 485
"../../../Engine/Plugins/Runtime/SunPosition/SunPosition.uplugin" 486
"../../../Engine/Plugins/Runtime/Synthesis/Synthesis.uplugin" 487
"../../../Engine/Plugins/Runtime/WarpUtils/WarpUtils.uplugin" 488
"../../../Engine/Plugins/Web/HttpBlueprint/HttpBlueprint.uplugin" 489
"../../../Engine/Plugins/Runtime/OpenXR/OpenXR.uplugin" 490
"../../../Engine/Plugins/Runtime/ReplicationGraph/ReplicationGraph.uplugin" 491
"../../../Engine/Plugins/Runtime/WebMMoviePlayer/WebMMoviePlayer.uplugin" 492
"../../../Engine/Plugins/Runtime/WindowsMoviePlayer/WindowsMoviePlayer.uplugin" 493
"../../../Engine/Plugins/Runtime/WaveTable/WaveTable.uplugin" 494
"../../../Engine/Plugins/Runtime/WorldConditions/WorldConditions.uplugin" 495
"../../../Engine/Plugins/NetcodeUnitTest/NUTUnrealEngine/NUTUnrealEngine.uplugin" 496
"../../../Engine/Plugins/NetcodeUnitTest/NetcodeUnitTest/NetcodeUnitTest.uplugin" 497
"../../../Engine/Plugins/Runtime/ZoneGraphAnnotations/ZoneGraphAnnotations.uplugin" 498
"../../../Engine/Plugins/Runtime/WebBrowserNativeProxy/WebBrowserNativeProxy.uplugin" 499
"../../../Engine/Plugins/Runtime/XRBase/XRBase.uplugin" 500
"../../../Engine/Plugins/Runtime/NetworkPredictionExtras/NetworkPredictionExtras.uplugin" 501
"../../../Engine/Plugins/Runtime/SignificanceManager/SignificanceManager.uplugin" 502
"../../../Engine/Plugins/VirtualProduction/Avalanche/Avalanche.uplugin" 503
"../../../Engine/Plugins/VirtualProduction/ActorModifierCore/ActorModifierCore.uplugin" 504
"../../../Engine/Plugins/VirtualProduction/CameraCalibrationCore/CameraCalibrationCore.uplugin" 505
"../../../Engine/Plugins/VirtualProduction/ActorModifier/ActorModifier.uplugin" 506
"../../../Engine/Plugins/VirtualProduction/CameraCalibrationML/CameraCalibrationML.uplugin" 507
"../../../Engine/Plugins/VirtualProduction/CinematicAssemblyTools/CinematicAssemblyTools.uplugin" 508
"../../../Engine/Plugins/Runtime/WebBrowserWidget/WebBrowserWidget.uplugin" 509
"../../../Engine/Plugins/VirtualProduction/ClonerEffector/ClonerEffector.uplugin" 510
"../../../Engine/Plugins/Runtime/ZoneGraph/ZoneGraph.uplugin" 511
"../../../Engine/Plugins/Runtime/WindowsDeviceProfileSelector/WindowsDeviceProfileSelector.uplugin" 512
"../../../Engine/Plugins/Slate/SlateInsights/SlateInsights.uplugin" 513
"../../../Engine/Plugins/Slate/SlateScripting/SlateScripting.uplugin" 514
"../../../Engine/Plugins/VirtualProduction/CameraCalibration/CameraCalibration.uplugin" 515
"../../../Engine/Plugins/VirtualProduction/CaptureData/CaptureData.uplugin" 516
"../../../Engine/Plugins/VirtualProduction/CustomDetailsView/CustomDetailsView.uplugin" 517
"../../../Engine/Plugins/VirtualProduction/CompositePlane/CompositePlane.uplugin" 518
"../../../Engine/Plugins/VirtualProduction/DynamicMaterial/DynamicMaterial.uplugin" 519
"../../../Engine/Plugins/VirtualProduction/ICVFXTesting/ICVFXTesting.uplugin" 520
"../../../Engine/Plugins/VirtualProduction/ICVFX/ICVFX.uplugin" 521
"../../../Engine/Plugins/VirtualProduction/LensComponent/LensComponent.uplugin" 522
"../../../Engine/Plugins/Portal/LauncherChunkInstaller/LauncherChunkInstaller.uplugin" 523
"../../../Engine/Plugins/VirtualProduction/LiveLinkCamera/LiveLinkCamera.uplugin" 524
"../../../Engine/Plugins/VirtualProduction/LiveLinkFreeD/LiveLinkFreeD.uplugin" 525
"../../../Engine/Plugins/VirtualProduction/LiveLinkLens/LiveLinkLens.uplugin" 526
"../../../Engine/Plugins/VirtualProduction/LiveLinkMasterLockit/LiveLinkMasterLockit.uplugin" 527
"../../../Engine/Plugins/VirtualProduction/LiveLinkInputDevice/LiveLinkInputDevice.uplugin" 528
"../../../Engine/Plugins/VirtualProduction/LiveLinkVRPN/LiveLinkVRPN.uplugin" 529
"../../../Engine/Plugins/VirtualProduction/LiveLinkOpenTrackIO/LiveLinkOpenTrackIO.uplugin" 530
"../../../Engine/Plugins/VirtualProduction/LiveLinkXR/LiveLinkXR.uplugin" 531
"../../../Engine/Plugins/VirtualProduction/MultiUserTakes/MultiUserTakes.uplugin" 532
"../../../Engine/Plugins/VirtualProduction/LevelSnapshots/LevelSnapshots.uplugin" 533
"../../../Engine/Plugins/VirtualProduction/LiveLinkPrestonMDR/LiveLinkPrestonMDR.uplugin" 534
"../../../Engine/Plugins/VirtualProduction/PerformanceCaptureWorkflow/PerformanceCaptureWorkflow.uplugin" 535
"../../../Engine/Plugins/VirtualProduction/RemoteControl/RemoteControl.uplugin" 536
"../../../Engine/Plugins/VirtualProduction/OperatorStack/OperatorStack.uplugin" 537
"../../../Engine/Plugins/VirtualProduction/PropertyAnimator/PropertyAnimator.uplugin" 538
"../../../Engine/Plugins/VirtualProduction/PropertyAnimatorCore/PropertyAnimatorCore.uplugin" 539
"../../../Engine/Plugins/VirtualProduction/RemoteControlProtocolMIDI/RemoteControlProtocolMIDI.uplugin" 540
"../../../Engine/Plugins/VirtualProduction/RemoteControlProtocolDMX/RemoteControlProtocolDMX.uplugin" 541
"../../../Engine/Plugins/VirtualProduction/RemoteControlInterception/RemoteControlInterception.uplugin" 542
"../../../Engine/Plugins/VirtualProduction/RemoteControlProtocolOSC/RemoteControlProtocolOSC.uplugin" 543
"../../../Engine/Plugins/VirtualProduction/RemoteControlWebInterface/RemoteControlWebInterface.uplugin" 544
"../../../Engine/Plugins/VirtualProduction/StageMonitoring/StageMonitoring.uplugin" 545
"../../../Engine/Plugins/VirtualProduction/StormSync/StormSync.uplugin" 546
"../../../Engine/Plugins/MovieScene/ActorSequence/ActorSequence.uplugin" 547
"../../../Engine/Plugins/VirtualProduction/SequencerPlaylists/SequencerPlaylists.uplugin" 548
"../../../Engine/Plugins/VirtualProduction/DataCharts/DataCharts.uplugin" 549
"../../../Engine/Plugins/VirtualProduction/StormSyncAvalancheBridge/StormSyncAvalancheBridge.uplugin" 550
"../../../Engine/Plugins/MovieScene/LevelSequenceEditor/LevelSequenceEditor.uplugin" 551
"../../../Engine/Plugins/VirtualProduction/Switchboard/Switchboard.uplugin" 552
"../../../Engine/Plugins/MovieScene/MoviePipelineMaskRenderPass/MoviePipelineMaskRenderPass.uplugin" 553
"../../../Engine/Plugins/VirtualProduction/TimedDataMonitor/TimedDataMonitor.uplugin" 554
"../../../Engine/Plugins/VirtualProduction/TextureShare/TextureShare.uplugin" 555
"../../../Engine/Plugins/VirtualProduction/VirtualCamera/VirtualCamera.uplugin" 556
"../../../Engine/Plugins/VirtualProduction/VirtualCameraCore/VirtualCameraCore.uplugin" 557
"../../../Engine/Plugins/VirtualProduction/Takes/Takes.uplugin" 558
"../../../Engine/Plugins/MovieScene/MovieRenderPipeline/MovieRenderPipeline.uplugin" 559
"../../../Engine/Plugins/2D/Paper2D/Paper2D.uplugin" 560
"../../../Engine/Plugins/MovieScene/MovieSceneTextTrack/MovieSceneTextTrack.uplugin" 561
"../../../Engine/Plugins/AI/EnvironmentQueryEditor/EnvironmentQueryEditor.uplugin" 562
"../../../Engine/Plugins/AI/MassAI/MassAI.uplugin" 563
"../../../Engine/Plugins/Animation/ACLPlugin/ACLPlugin.uplugin" 564
"../../../Engine/Plugins/MovieScene/TemplateSequence/TemplateSequence.uplugin" 565
"../../../Engine/Plugins/MovieScene/CustomizableSequencerTracks/CustomizableSequencerTracks.uplugin" 566
"../../../Engine/Plugins/VirtualProduction/VirtualScouting/VirtualScouting.uplugin" 567
"../../../Engine/Plugins/MovieScene/ReplayTracks/ReplayTracks.uplugin" 568
"../../../Engine/Plugins/AI/HTNPlanner/HTNPlanner.uplugin" 569
"../../../Engine/Plugins/MovieScene/SequencerScripting/SequencerScripting.uplugin" 570
"../../../Engine/Plugins/AI/MLAdapter/MLAdapter.uplugin" 571
"../../../Engine/Plugins/AI/MassCrowd/MassCrowd.uplugin" 572
"../../../Engine/Plugins/Animation/AnimationModifierLibrary/AnimationModifierLibrary.uplugin" 573
"../../../Engine/Plugins/AI/AISupport/AISupport.uplugin" 574
"../../../Engine/Plugins/Animation/AnimationWarping/AnimationWarping.uplugin" 575
"../../../Engine/Plugins/Animation/AnimatorKit/AnimatorKit.uplugin" 576
"../../../Engine/Plugins/Animation/AnimationData/AnimationData.uplugin" 577
"../../../Engine/Plugins/Animation/BlendSpaceMotionAnalysis/BlendSpaceMotionAnalysis.uplugin" 578
"../../../Engine/Plugins/Animation/BlendStack/BlendStack.uplugin" 579
"../../../Engine/Plugins/Animation/ControlRigModules/ControlRigModules.uplugin" 580
"../../../Engine/Plugins/Animation/ControlRig/ControlRig.uplugin" 581
"../../../Engine/Plugins/Animation/ControlRigSpline/ControlRigSpline.uplugin" 582
"../../../Engine/Plugins/Animation/DeformerGraph/DeformerGraph.uplugin" 583
"../../../Engine/Plugins/Animation/IKRig/IKRig.uplugin" 584
"../../../Engine/Plugins/Animation/GameplayInsights/GameplayInsights.uplugin" 585
"../../../Engine/Plugins/Animation/DNACalib/DNACalib.uplugin" 586
"../../../Engine/Plugins/Animation/LiveLink/LiveLink.uplugin" 587
"../../../Engine/Plugins/Animation/LiveLinkCurveDebugUI/LiveLinkCurveDebugUI.uplugin" 588
"../../../Engine/Plugins/Animation/GeneSplicer/GeneSplicer.uplugin" 589
"../../../Engine/Plugins/Animation/LiveLinkDevice/LiveLinkDevice.uplugin" 590
"../../../Engine/Plugins/Cameras/EngineCameras/EngineCameras.uplugin" 591
"../../../Engine/Plugins/Cameras/GameplayCameras/GameplayCameras.uplugin" 592
"../../../Engine/Plugins/Animation/LiveLinkExampleDevice/LiveLinkExampleDevice.uplugin" 593
"../../../Engine/Plugins/Compression/OodleNetwork/OodleNetwork.uplugin" 594
"../../../Engine/Plugins/Enterprise/AxFImporter/AxFImporter.uplugin" 595
"../../../Engine/Plugins/Animation/LiveLinkHub/LiveLinkHub.uplugin" 596
"../../../Engine/Plugins/Cameras/CameraShakePreviewer/CameraShakePreviewer.uplugin" 597
"../../../Engine/Plugins/Enterprise/DataprepEditor/DataprepEditor.uplugin" 598
"../../../Engine/Plugins/Animation/RigLogic/RigLogic.uplugin" 599
"../../../Engine/Plugins/Animation/MotionWarping/MotionWarping.uplugin" 600
"../../../Engine/Plugins/Animation/SkeletalMeshModelingTools/SkeletalMeshModelingTools.uplugin" 601
"../../../Engine/Plugins/Animation/PerformanceCaptureCore/PerformanceCaptureCore.uplugin" 602
"../../../Engine/Plugins/Animation/PoseSearch/PoseSearch.uplugin" 603
"../../../Engine/Plugins/Animation/TweeningUtils/TweeningUtils.uplugin" 604
"../../../Engine/Plugins/FX/Cascade/Cascade.uplugin" 605
"../../../Engine/Plugins/Enterprise/DatasmithCADImporter/DatasmithCADImporter.uplugin" 606
"../../../Engine/Plugins/Enterprise/DatasmithC4DImporter/DatasmithC4DImporter.uplugin" 607
"../../../Engine/Plugins/Enterprise/DatasmithContent/DatasmithContent.uplugin" 608
"../../../Engine/Plugins/FX/CascadeToNiagaraConverter/CascadeToNiagaraConverter.uplugin" 609
"../../../Engine/Plugins/Enterprise/DatasmithFBXImporter/DatasmithFBXImporter.uplugin" 610
"../../../Engine/Plugins/Enterprise/DatasmithImporter/DatasmithImporter.uplugin" 611
"../../../Engine/Plugins/Enterprise/GLTFExporter/GLTFExporter.uplugin" 612
"../../../Engine/Plugins/Enterprise/LidarPointCloud/LidarPointCloud.uplugin" 613
"../../../Engine/Plugins/FX/ExampleCustomDataInterface/ExampleCustomDataInterface.uplugin" 614
"../../../Engine/Plugins/Enterprise/MDLImporter/MDLImporter.uplugin" 615
"../../../Engine/Plugins/Enterprise/VariantManager/VariantManager.uplugin" 616
"../../../Engine/Plugins/FX/NiagaraFluids/NiagaraFluids.uplugin" 617
"../../../Engine/Plugins/Enterprise/VariantManagerContent/VariantManagerContent.uplugin" 618
"../../../Engine/Plugins/FX/NiagaraMRQ/NiagaraMRQ.uplugin" 619
"../../../Engine/Plugins/Interchange/Assets/InterchangeAssets.uplugin" 620
"../../../Engine/Plugins/Protocols/MQTT/MQTT.uplugin" 621
"../../../Engine/Plugins/FX/Niagara/Niagara.uplugin" 622
"../../../Engine/Plugins/PCGInterops/PCGExternalDataInterop/PCGExternalDataInterop.uplugin" 623
"../../../Engine/Plugins/Interchange/Editor/InterchangeEditor.uplugin" 624
"../../../Engine/Plugins/Interchange/Runtime/Interchange.uplugin" 625
"../../../Engine/Plugins/Runtime/Advertising/IOSTapJoy/IOSTapJoy.uplugin" 626
"../../../Engine/Plugins/Editor/Localization/PortableObjectFileDataSource/PortableObjectFileDataSource.uplugin" 627
"../../../Engine/Plugins/Experimental/Compositing/HoldoutComposite/HoldoutComposite.uplugin" 628
"../../../Engine/Plugins/Experimental/Compositing/CompositeCore/CompositeCore.uplugin" 629
"../../../Engine/Plugins/Editor/ContentBrowser/ContentBrowserAssetDataSource/ContentBrowserAssetDataSource.uplugin" 630
"../../../Engine/Plugins/Animation/MLDeformer/ChaosClothGenerator/ChaosClothGenerator.uplugin" 631
"../../../Engine/Plugins/Editor/ContentBrowser/ContentBrowserAliasDataSource/ContentBrowserAliasDataSource.uplugin" 632
"../../../Engine/Plugins/Animation/MLDeformer/ChaosFleshGenerator/ChaosFleshGenerator.uplugin" 633
"../../../Engine/Plugins/Editor/ContentBrowser/ContentBrowserClassDataSource/ContentBrowserClassDataSource.uplugin" 634
"../../../Engine/Plugins/Animation/AnimationLocomotionLibrary/AnimationLocomotionLibrary.uplugin" 635
"../../../Engine/Plugins/Editor/ContentBrowser/ContentBrowserFileDataSource/ContentBrowserFileDataSource.uplugin" 636
"../../../Engine/Plugins/VirtualProduction/DMX/DatasmithMVR/DatasmithMVR.uplugin" 637
"../../../Engine/Plugins/VirtualProduction/DMX/DMXControlConsole/DMXControlConsole.uplugin" 638
"../../../Engine/Plugins/VirtualProduction/DMX/DMXEngine/DMXEngine.uplugin" 639
"../../../Engine/Plugins/VirtualProduction/DMX/DMXFixtures/DMXFixtures.uplugin" 640
"../../../Engine/Plugins/VirtualProduction/DMX/DMXPixelMapping/DMXPixelMapping.uplugin" 641
"../../../Engine/Plugins/VirtualProduction/DMX/DMXGDTF/DMXGDTF.uplugin" 642
"../../../Engine/Plugins/VirtualProduction/DMX/DMXProtocol/DMXProtocol.uplugin" 643
"../../../Engine/Plugins/VirtualProduction/DMX/DMXDisplayCluster/DMXDisplayCluster.uplugin" 644
"../../../Engine/Plugins/Experimental/VirtualProduction/LedWallCalibration/LedWallCalibration.uplugin" 645
"../../../Engine/Plugins/Experimental/VirtualProduction/VPSettings/VPSettings.uplugin" 646
"../../../Engine/Plugins/Experimental/VirtualProduction/VPRoles/VPRoles.uplugin" 647
"../../../Engine/Plugins/Experimental/Animation/ContextualAnimation/ContextualAnimation.uplugin" 648
"../../../Engine/Plugins/Experimental/Animation/CurveExpression/CurveExpression.uplugin" 649
"../../../Engine/Plugins/Animation/MLDeformer/MLDeformerFramework/MLDeformerFramework.uplugin" 650
"../../../Engine/Plugins/Animation/MLDeformer/NearestNeighborModel/NearestNeighborModel.uplugin" 651
"../../../Engine/Plugins/Experimental/Animation/HierarchyTable/HierarchyTable.uplugin" 652
"../../../Engine/Plugins/Animation/MLDeformer/VertexDeltaModel/VertexDeltaModel.uplugin" 653
"../../../Engine/Plugins/VirtualProduction/DMX/DMXModularFeatures/DMXModularFeatures.uplugin" 654
"../../../Engine/Plugins/Animation/MLDeformer/NeuralMorphModel/NeuralMorphModel.uplugin" 655
"../../../Engine/Plugins/Experimental/Animation/Locomotor/Locomotor.uplugin" 656
"../../../Engine/Plugins/Experimental/Animation/PackedAttributes/PackedAttributes.uplugin" 657
"../../../Engine/Plugins/Experimental/Animation/HierarchyTableAnimation/HierarchyTableAnimation.uplugin" 658
"../../../Engine/Plugins/Experimental/Animation/MotionTrajectory/MotionTrajectory.uplugin" 659
"../../../Engine/Plugins/Experimental/Animation/RigMapper/RigMapper.uplugin" 660
"../../../Engine/Plugins/Experimental/Animation/Optimus/Optimus.uplugin" 661
"../../../Engine/Plugins/Experimental/MetaHuman/MetaHumanRuntime/MetaHumanRuntime.uplugin" 662
"../../../Engine/Plugins/Experimental/Animation/SkeletonTemplateFramework/SkeletonTemplateFramework.uplugin" 663
"../../../Engine/Plugins/Experimental/Animation/TrajectoryTools/TrajectoryTools.uplugin" 664
"../../../Engine/Plugins/Runtime/Nvidia/GeForceNOWWrapper/GeForceNOWWrapper.uplugin" 665
"../../../Engine/Plugins/Experimental/AVCodecs/AVCodecsCore/AVCodecsCore.uplugin" 666
"../../../Engine/Plugins/Runtime/Nvidia/Reflex/Reflex.uplugin" 667
"../../../Engine/Plugins/Experimental/Animation/SkeletalMeshMorphTargetEditingTools/SkeletalMeshMorphTargetEditingTools.uplugin" 668
"../../../Engine/Plugins/Experimental/AVCodecs/VTCodecs/VTCodecs.uplugin" 669
"../../../Engine/Plugins/Experimental/AVCodecs/LibVpxCodecs/LibVpxCodecs.uplugin" 670
"../../../Engine/Plugins/Experimental/AVCodecs/WMFCodecs/WMFCodecs.uplugin" 671
"../../../Engine/Plugins/Experimental/Web/WebAPI/WebAPI.uplugin" 672
"../../../Engine/Plugins/FX/NiagaraSimCaching/NiagaraSimCaching.uplugin" 673
"../../../Engine/Plugins/Runtime/XR/XRScribe/XRScribe.uplugin" 674
"../../../Engine/Plugins/Experimental/AVCodecs/AMFCodecs/AMFCodecs.uplugin" 675
"../../../Engine/Plugins/Experimental/AVCodecs/NVCodecs/NVCodecs.uplugin" 676
"../../../Engine/Plugins/Runtime/AR/ARUtilities/ARUtilities.uplugin" 677
"../../../Engine/Plugins/Runtime/Analytics/Adjust/Adjust.uplugin" 678
"../../../Engine/Plugins/Runtime/XR/XRVisualization/XRVisualization.uplugin" 679
"../../../Engine/Plugins/Runtime/Analytics/AnalyticsBlueprintLibrary/AnalyticsBlueprintLibrary.uplugin" 680
"../../../Engine/Plugins/Runtime/Analytics/AnalyticsMulticast/AnalyticsMulticast.uplugin" 681
"../../../Engine/Plugins/Experimental/PCGInterops/PCGInstancedActorsInterop/PCGInstancedActorsInterop.uplugin" 682
"../../../Engine/Plugins/Experimental/PCGInterops/PCGWaterInterop/PCGWaterInterop.uplugin" 683
"../../../Engine/Plugins/Experimental/PCGInterops/PCGNiagaraInterop/PCGNiagaraInterop.uplugin" 684
"../../../Engine/Plugins/Runtime/Analytics/FileLogging/FileLogging.uplugin" 685
"../../../Engine/Plugins/Runtime/Steam/SteamAudio/SteamAudio.uplugin" 686
"../../../Engine/Plugins/Experimental/CharacterFXEditor/ExampleCharacterFXEditor/ExampleCharacterFXEditor.uplugin" 687
"../../../Engine/Plugins/Experimental/CharacterFXEditor/BaseCharacterFXEditor/BaseCharacterFXEditor.uplugin" 688
"../../../Engine/Plugins/VirtualProduction/Rivermax/RivermaxCore/RivermaxCore.uplugin" 689
"../../../Engine/Plugins/Experimental/Enterprise/DataprepGeometryOperations/DataprepGeometryOperations.uplugin" 690
"../../../Engine/Plugins/VirtualProduction/Rivermax/RivermaxMedia/RivermaxMedia.uplugin" 691
"../../../Engine/Plugins/Runtime/Steam/SteamController/SteamController.uplugin" 692
"../../../Engine/Plugins/Experimental/Enterprise/DatasmithInterchange/DatasmithInterchange.uplugin" 693
"../../../Engine/Plugins/Experimental/Enterprise/DatasmithRuntime/DatasmithRuntime.uplugin" 694
"../../../Engine/Plugins/Runtime/Steam/SteamShared/SteamShared.uplugin" 695
"../../../Engine/Plugins/VirtualProduction/Rivermax/RivermaxSync/RivermaxSync.uplugin" 696
"../../../Engine/Plugins/Runtime/MeshReconstruction/DummyMeshReconstructor/DummyMeshReconstructor.uplugin" 697
"../../../Engine/Plugins/Runtime/Windows/XInputDevice/XInputDevice.uplugin" 698
"../../../Engine/Plugins/Runtime/Steam/SteamSockets/SteamSockets.uplugin" 699
"../../../Engine/Plugins/Editor/ObjectMixer/LightMixer/LightMixer.uplugin" 700
"../../../Engine/Plugins/Runtime/Windows/WinDualShock/WinDualShock.uplugin" 701
"../../../Engine/Plugins/Editor/ObjectMixer/ObjectMixer/ObjectMixer.uplugin" 702
"../../../Engine/Plugins/Online/Android/OnlineSubsystemGooglePlay/OnlineSubsystemGooglePlay.uplugin" 703
"../../../Engine/Plugins/Online/VoiceChat/EOSVoiceChat/EOSVoiceChat.uplugin" 704
"../../../Engine/Plugins/Runtime/Database/ADOSupport/ADOSupport.uplugin" 705
"../../../Engine/Plugins/Runtime/Database/DatabaseSupport/DatabaseSupport.uplugin" 706
"../../../Engine/Plugins/Runtime/PacketHandlers/AESGCMHandlerComponent/AESGCMHandlerComponent.uplugin" 707
"../../../Engine/Plugins/Online/VoiceChat/VoiceChat/VoiceChat.uplugin" 708
"../../../Engine/Plugins/Runtime/Database/SQLiteSupport/SQLiteSupport.uplugin" 709
"../../../Engine/Plugins/Runtime/Database/SQLiteCore/SQLiteCore.uplugin" 710
"../../../Engine/Plugins/PCGInterops/PCGGeometryScriptInterop/PCGGeometryScriptInterop.uplugin" 711
"../../../Engine/Plugins/Online/IOS/OnlineSubsystemIOS/OnlineSubsystemIOS.uplugin" 712
"../../../Engine/Plugins/Interchange/Extensions/OpenUSD/InterchangeOpenUSD.uplugin" 713
"../../../Engine/Plugins/Interchange/Extensions/OpenVDB/InterchangeOpenVDB.uplugin" 714
"../../../Engine/Plugins/VirtualProduction/CaptureManager/CaptureManagerCore/CaptureManagerCore.uplugin" 715
"../../../Engine/Plugins/Runtime/PacketHandlers/DTLSHandlerComponent/DTLSHandlerComponent.uplugin" 716
"../../../Engine/Plugins/VirtualProduction/CaptureManager/CaptureManagerDevices/CaptureManagerDevices.uplugin" 717
"../../../Engine/Plugins/Online/Android/AndroidFetchBackgroundDownload/AndroidFetchBackgroundDownload.uplugin" 718
"../../../Engine/Plugins/VirtualProduction/CaptureManager/CaptureManagerEditor/CaptureManagerEditor.uplugin" 719
"../../../Engine/Plugins/Developer/Concert/ConcertMain/ConcertMain.uplugin" 720
"../../../Engine/Plugins/Runtime/PacketHandlers/AESHandlerComponent/AESHandlerComponent.uplugin" 721
"../../../Engine/Plugins/Runtime/AR/AppleAR/AppleARKit/AppleARKit.uplugin" 722
"../../../Engine/Plugins/Runtime/AR/AppleAR/AppleARKitFaceSupport/AppleARKitFaceSupport.uplugin" 723
"../../../Engine/Plugins/Runtime/AR/Google/GoogleARCoreServices/GoogleARCoreServices.uplugin" 724
"../../../Engine/Plugins/Developer/Concert/ConcertScripting/ConcertReplicationScripting/ConcertReplicationScripting.uplugin" 725
"../../../Engine/Plugins/Runtime/AR/Google/GoogleARCore/GoogleARCore.uplugin" 726
"../../../Engine/Plugins/Developer/Concert/ConcertUI/ConcertClientSharedSlate/ConcertClientSharedSlate.uplugin" 727
"../../../Engine/Plugins/Developer/Concert/ConcertUI/ConcertSharedSlate/ConcertSharedSlate.uplugin" 728
"../../../Engine/Plugins/Developer/Concert/ConcertInsights/ConcertInsightsCore/ConcertInsightsCore.uplugin" 729
"../../../Engine/Plugins/Experimental/Animation/MLDeformer/DetailPoseModel/DetailPoseModel.uplugin" 730
"../../../Engine/Plugins/Developer/Concert/ConcertInsights/ConcertInsightsClient/ConcertInsightsClient.uplugin" 731
"../../../Engine/Plugins/Developer/Concert/ConcertInsights/ConcertInsightsServer/ConcertInsightsServer.uplugin" 732
"../../../Engine/Plugins/Developer/Concert/ConcertInsights/ConcertInsightsVisualizer/ConcertInsightsVisualizer.uplugin" 733
"../../../Engine/Plugins/Developer/Concert/ConcertSync/ConcertSyncClient/ConcertSyncClient.uplugin" 734
"../../../Engine/Plugins/Runtime/Database/RemoteDatabaseSupport/RemoteDatabaseSupport.uplugin" 735
"../../../Engine/Plugins/Developer/Concert/ConcertSync/ConcertSyncCore/ConcertSyncCore.uplugin" 736
"../../../Engine/Plugins/VirtualProduction/GeometryMask/GeometryMask.uplugin" 737
"../../../Engine/Plugins/Developer/Concert/ConcertApp/MultiUserClient/MultiUserClient.uplugin" 738
"../../../Engine/Plugins/Developer/Concert/ConcertSync/ConcertSyncServer/ConcertSyncServer.uplugin" 739
"../../../Engine/Plugins/Developer/Concert/ConcertApp/DisasterRecoveryClient/DisasterRecoveryClient.uplugin" 740
"../../../Engine/Plugins/Developer/Concert/ConcertApp/MultiUserServer/MultiUserServer.uplugin" 741
"../../../Engine/Plugins/Developer/Concert/ConcertSync/ConcertSyncTest/ConcertSyncTest.uplugin" 742
"../../../Engine/Plugins/VirtualProduction/CaptureManager/CaptureManagerApp/CaptureManagerApp.uplugin" 743
"../../../Engine/Plugins/VirtualProduction/EpicStageApp/EpicStageApp.uplugin" 744
"../../../Engine/Platforms/Android/Plugins/RigLogic/RigLogic_Android.uplugin" 745
"../../../Engine/Platforms/Android/Plugins/Animation/ACLPlugin/ACLPlugin_Android.uplugin" 746
"../../../Engine/Platforms/IOS/Plugins/RigLogic/RigLogic_IOS.uplugin" 747
"../../../Engine/Content/Internationalization/icudt64l/cnvalias.icu" 748
"../../../Engine/Content/Internationalization/icudt64l/res_index.res" 749
"../../../Engine/Content/Internationalization/icudt64l/plurals.res" 750
"../../../Engine/Content/Internationalization/icudt64l/lang/en_NZ.res" 751
"../../../Engine/Content/Internationalization/icudt64l/lang/pool.res" 752
"../../../Engine/Content/Internationalization/icudt64l/lang/en_001.res" 753
"../../../Engine/Content/Internationalization/icudt64l/lang/en.res" 754
"../../../Engine/Content/Internationalization/icudt64l/lang/root.res" 755
"../../../Engine/Content/Internationalization/icudt64l/region/en_NZ.res" 756
"../../../Engine/Content/Internationalization/icudt64l/region/pool.res" 757
"../../../Engine/Content/Internationalization/icudt64l/region/en.res" 758
"../../../Engine/Content/Internationalization/icudt64l/region/root.res" 759
"../../../Engine/Content/Internationalization/icudt64l/windowsZones.res" 760
"../../../Engine/Content/Internationalization/icudt64l/zoneinfo64.res" 761
"../../../Engine/Content/Internationalization/icudt64l/keyTypeData.res" 762
"../../../Engine/Content/Internationalization/icudt64l/timezoneTypes.res" 763
"../../../Engine/Content/Internationalization/icudt64l/likelySubtags.res" 764
"../../../Engine/Content/Internationalization/icudt64l/en_US.res" 765
"../../../Engine/Content/Internationalization/icudt64l/pool.res" 766
"../../../Engine/Content/Internationalization/icudt64l/en.res" 767
"../../../Engine/Content/Internationalization/icudt64l/root.res" 768
"../../../Engine/Content/Internationalization/icudt64l/supplementalData.res" 769
"../../../Engine/Config/ConfigRedirects.ini" 770
"C:/Users/neo/AppData/Local/UnrealEngine/5.6/Saved/Config/WindowsEditor/Manifest.ini" 771
"../../../Engine/Config/BaseEngine.ini" 772
"../../../Engine/Config/Windows/BaseWindowsEngine.ini" 773
"L:/GitHub/massey-unreal/NeoTeAikaSem1/Config/DefaultEngine.ini" 774
"../../../Engine/Config/BaseGame.ini" 775
"L:/GitHub/massey-unreal/NeoTeAikaSem1/Config/DefaultGame.ini" 776
"../../../Engine/Config/Windows/WindowsGame.ini" 777
"L:/GitHub/massey-unreal/NeoTeAikaSem1/Saved/Config/WindowsEditor/Game.ini" 778
"../../../Engine/Config/BaseInput.ini" 779
"../../../Engine/Config/Windows/BaseWindowsInput.ini" 780
"L:/GitHub/massey-unreal/NeoTeAikaSem1/Config/DefaultInput.ini" 781
"../../../Engine/Config/Windows/WindowsInput.ini" 782
"L:/GitHub/massey-unreal/NeoTeAikaSem1/Saved/Config/WindowsEditor/Input.ini" 783
"../../../Engine/Config/BaseDeviceProfiles.ini" 784
"../../../Engine/Config/BaseGameUserSettings.ini" 785
"L:/GitHub/massey-unreal/NeoTeAikaSem1/Config/DefaultGameUserSettings.ini" 786
"L:/GitHub/massey-unreal/NeoTeAikaSem1/Saved/Config/WindowsEditor/GameUserSettings.ini" 787
"../../../Engine/Config/BaseScalability.ini" 788
"../../../Engine/Config/BaseRuntimeOptions.ini" 789
"../../../Engine/Config/BaseInstallBundle.ini" 790
"../../../Engine/Config/BaseHardware.ini" 791
"../../../Engine/Config/BaseCompat.ini" 792
"../../../Engine/Config/BaseLightmass.ini" 793
"../../../Engine/Config/BaseEditor.ini" 794
"L:/GitHub/massey-unreal/NeoTeAikaSem1/Config/DefaultEditor.ini" 795
"L:/GitHub/massey-unreal/NeoTeAikaSem1/Saved/Config/WindowsEditor/Editor.ini" 796
"../../../Engine/Config/BaseMaterialExpressions.ini" 797
"../../../Engine/Config/BaseEditorPerProjectUserSettings.ini" 798
"L:/GitHub/massey-unreal/NeoTeAikaSem1/Config/DefaultEditorPerProjectUserSettings.ini" 799
"../../../Engine/Config/Windows/WindowsEditorPerProjectUserSettings.ini" 800
"L:/GitHub/massey-unreal/NeoTeAikaSem1/Saved/Config/WindowsEditor/EditorPerProjectUserSettings.ini" 801
"../../../Engine/Config/BaseEditorSettings.ini" 802
"../../../Engine/Config/Windows/WindowsEditorSettings.ini" 803
"C:/Users/neo/AppData/Local/UnrealEngine/5.6/Saved/Config/WindowsEditor/EditorSettings.ini" 804
"../../../Engine/Config/BaseEditorKeyBindings.ini" 805
"C:/Users/neo/AppData/Local/UnrealEngine/5.6/Saved/Config/WindowsEditor/EditorKeyBindings.ini" 806
"C:/Users/neo/AppData/Local/UnrealEngine/5.6/Saved/Config/WindowsEditor/EditorLayout.ini" 807
"../../../Engine/Config/Android/BaseAndroidEngine.ini" 808
"../../../Engine/Config/Android/AndroidEngine.ini" 809
"../../../Engine/Config/IOS/BaseIOSEngine.ini" 810
"../../../Engine/Config/Mac/BaseMacEngine.ini" 811
"../../../Engine/Platforms/VisionOS/Config/BaseVisionOSEngine.ini" 812
"../../../Engine/Binaries/Win64/BootstrapPackagedGame-Win64-Shipping.target" 813
"../../../Engine/Binaries/Win64/BuildPatchTool-Win64-Shipping.target" 814
"../../../Engine/Binaries/Win64/CrashReportClient-Win64-Shipping.target" 815
"../../../Engine/Platforms/VisionOS/Config/VisionOSEngine.ini" 816
"../../../Engine/Config/Linux/BaseLinuxEngine.ini" 817
"../../../Engine/Config/Android/BaseAndroidGame.ini" 818
"../../../Engine/Binaries/Win64/CrashReportClientEditor-Win64-Shipping.target" 819
"../../../Engine/Config/Unix/UnixEngine.ini" 820
"../../../Engine/Config/Linux/LinuxEngine.ini" 821
"../../../Engine/Binaries/Win64/DatasmithCADWorker.target" 822
"../../../Engine/Binaries/Win64/EpicWebHelper-Win64-Shipping.target" 823
"../../../Engine/Config/IOS/BaseIOSGame.ini" 824
"../../../Engine/Config/Android/BaseAndroidInput.ini" 825
"../../../Engine/Binaries/Win64/InterchangeWorker.target" 826
"../../../Engine/Binaries/Win64/LiveCodingConsole.target" 827
"../../../Engine/Config/Mac/MacGame.ini" 828
"../../../Engine/Config/IOS/IOSGame.ini" 829
"../../../Engine/Binaries/Win64/LiveLinkHub.target" 830
"../../../Engine/Config/Mac/BaseMacInput.ini" 831
"../../../Engine/Config/IOS/BaseIOSInput.ini" 832
"../../../Engine/Config/TVOS/TVOSEngine.ini" 833
"../../../Engine/Config/Linux/LinuxGame.ini" 834
"../../../Engine/Config/Android/AndroidScalability.ini" 835
"../../../Engine/Config/IOS/IOSScalability.ini" 836
"../../../Engine/Config/Android/BaseAndroidInstallBundle.ini" 837
"../../../Engine/Config/IOS/BaseIOSInstallBundle.ini" 838
"../../../Engine/Binaries/Win64/ShaderCompileWorker.target" 839
"../../../Engine/Binaries/Win64/SwitchboardListener.target" 840
"../../../Engine/Binaries/Win64/SwitchboardListenerHelper.target" 841
"../../../Engine/Binaries/Win64/UnrealEditor-Win64-DebugGame.target" 842
"../../../Engine/Binaries/Win64/UnrealEditor.target" 843
"../../../Engine/Config/PluginBase.ini" 844
"../../../Engine/Plugins/ChaosVD/Config/DefaultChaosVD.ini" 845
"../../../Engine/Plugins/EnhancedInput/Config/BaseEnhancedInput.ini" 846
"../../../Engine/Plugins/Fab/Config/BaseFab.ini" 847
"../../../Engine/Plugins/TraceUtilities/Config/BaseTraceUtilities.ini" 848
"../../../Engine/Plugins/Experimental/FullBodyIK/Config/BaseFullBodyIK.ini" 849
"../../../Engine/Plugins/Experimental/ToolPresets/Config/BaseToolPresets.ini" 850
"../../../Engine/Plugins/Editor/EditorScriptingUtilities/Config/BaseEditorScriptingUtilities.ini" 851
"../../../Engine/Plugins/MetaHuman/MetaHumanSDK/Config/BaseMetaHumanSDK.ini" 852
"../../../Engine/Plugins/Runtime/HairStrands/Config/BaseHairStrands.ini" 853
"../../../Engine/Plugins/Runtime/Metasound/Config/BaseMetasound.ini" 854
"../../../Engine/Plugins/Runtime/Metasound/Config/DefaultMetasound.ini" 855
"../../../Engine/Plugins/Runtime/PropertyBindingUtils/Config/BasePropertyBindingUtils.ini" 856
"../../../Engine/Plugins/Runtime/RigVM/Config/BaseRigVM.ini" 857
"../../../Engine/Plugins/Runtime/StateTree/Config/BaseStateTree.ini" 858
"../../../Engine/Plugins/Runtime/Synthesis/Config/BaseSynthesis.ini" 859
"../../../Engine/Plugins/VirtualProduction/CameraCalibrationCore/Config/BaseCameraCalibrationCore.ini" 860
"../../../Engine/Plugins/VirtualProduction/Takes/Config/BaseTakes.ini" 861
"../../../Engine/Plugins/2D/Paper2D/Config/BasePaper2D.ini" 862
"../../../Engine/Plugins/Animation/ControlRig/Config/BaseControlRig.ini" 863
"../../../Engine/Plugins/Animation/DeformerGraph/Config/BaseDeformerGraph.ini" 864
"../../../Engine/Plugins/Animation/IKRig/Config/BaseIKRig.ini" 865
"../../../Engine/Plugins/Cameras/GameplayCameras/Config/BaseGameplayCameras.ini" 866
"../../../Engine/Plugins/Enterprise/DatasmithContent/Config/BaseDatasmithContent.ini" 867
"../../../Engine/Plugins/Enterprise/GLTFExporter/Config/BaseGLTFExporter.ini" 868
"../../../Engine/Plugins/Enterprise/GLTFExporter/Config/DefaultGLTFExporter.ini" 869
"../../../Engine/Plugins/FX/Niagara/Config/BaseNiagara.ini" 870
"../../../Engine/Plugins/Enterprise/VariantManagerContent/Config/BaseVariantManagerContent.ini" 871
"../../../Engine/Plugins/Interchange/Assets/Config/BaseInterchangeAssets.ini" 872
"../../../Engine/Plugins/Interchange/Runtime/Config/BaseInterchange.ini" 873
"../../../Engine/Plugins/Experimental/Compositing/CompositeCore/Config/BaseCompositeCore.ini" 874
"../../../Engine/Plugins/ChaosVD/Config/Engine.ini" 875
"../../../Engine/Plugins/EnhancedInput/Config/Input.ini" 876
"../../../Engine/Plugins/Runtime/InputDebugging/Config/Input.ini" 877
"../../../Engine/Plugins/Runtime/Windows/XInputDevice/Config/Input.ini" 878
"../../../Engine/Plugins/NNE/NNEDenoiser/Config/Game.ini" 879
"../../../Engine/Plugins/Online/OnlineSubsystemUtils/Config/Editor.ini" 880
"../../../Engine/Plugins/Runtime/RigVM/Config/Editor.ini" 881
"../../../Engine/Plugins/Editor/ModelingToolsEditorMode/Binaries/Win64/UnrealEditor.modules" 882
"../../../Engine/Plugins/Runtime/MeshModelingToolset/Binaries/Win64/UnrealEditor.modules" 883
"../../../Engine/Plugins/Experimental/MeshModelingToolsetExp/Binaries/Win64/UnrealEditor.modules" 884
"../../../Engine/Plugins/Editor/MeshLODToolset/Binaries/Win64/UnrealEditor.modules" 885
"../../../Engine/Plugins/Experimental/ToolPresets/Binaries/Win64/UnrealEditor.modules" 886
"../../../Engine/Plugins/Editor/StylusInput/Binaries/Win64/UnrealEditor.modules" 887
"../../../Engine/Plugins/Runtime/GeometryProcessing/Binaries/Win64/UnrealEditor.modules" 888
"../../../Engine/Plugins/Editor/ProxyLODPlugin/Binaries/Win64/UnrealEditor.modules" 889
"../../../Engine/Plugins/Experimental/PlanarCutPlugin/Binaries/Win64/UnrealEditor.modules" 890
"../../../Engine/Plugins/Runtime/GeometryCache/Binaries/Win64/UnrealEditor.modules" 891
"../../../Engine/Plugins/Experimental/GeometryFlow/Binaries/Win64/UnrealEditor.modules" 892
"../../../Engine/Plugins/Editor/EditorScriptingUtilities/Binaries/Win64/UnrealEditor.modules" 893
"../../../Engine/Plugins/FX/Niagara/Binaries/Win64/UnrealEditor.modules" 894
"../../../Engine/Plugins/Experimental/PythonScriptPlugin/Binaries/Win64/UnrealEditor.modules" 895
"../../../Engine/Plugins/Editor/ContentBrowser/ContentBrowserFileDataSource/Binaries/Win64/UnrealEditor.modules" 896
"../../../Engine/Plugins/Bridge/Binaries/Win64/UnrealEditor.modules" 897
"../../../Engine/Plugins/MetaHuman/MetaHumanSDK/Binaries/Win64/UnrealEditor.modules" 898
"../../../Engine/Plugins/Animation/ControlRig/Binaries/Win64/UnrealEditor.modules" 899
"../../../Engine/Plugins/Runtime/HairStrands/Binaries/Win64/UnrealEditor.modules" 900
"../../../Engine/Plugins/Animation/RigLogic/Binaries/Win64/UnrealEditor.modules" 901
"../../../Engine/Plugins/Online/EOSShared/Binaries/Win64/UnrealEditor.modules" 902
"../../../Engine/Plugins/Runtime/RigVM/Binaries/Win64/UnrealEditor.modules" 903
"../../../Engine/Plugins/MovieScene/LevelSequenceEditor/Binaries/Win64/UnrealEditor.modules" 904
"../../../Engine/Plugins/Runtime/PropertyAccess/Binaries/Win64/UnrealEditor.modules" 905
"../../../Engine/Plugins/MovieScene/SequencerScripting/Binaries/Win64/UnrealEditor.modules" 906
"../../../Engine/Plugins/Animation/TweeningUtils/Binaries/Win64/UnrealEditor.modules" 907
"../../../Engine/Plugins/Animation/DeformerGraph/Binaries/Win64/UnrealEditor.modules" 908
"../../../Engine/Plugins/Experimental/Dataflow/Binaries/Win64/UnrealEditor.modules" 909
"../../../Engine/Plugins/Runtime/ComputeFramework/Binaries/Win64/UnrealEditor.modules" 910
"../../../Engine/Plugins/Experimental/CharacterFXEditor/BaseCharacterFXEditor/Binaries/Win64/UnrealEditor.modules" 911
"../../../Engine/Plugins/Runtime/ProceduralMeshComponent/Binaries/Win64/UnrealEditor.modules" 912
"../../../Engine/Plugins/Experimental/ChaosCaching/Binaries/Win64/UnrealEditor.modules" 913
"../../../Engine/Plugins/Experimental/EditorDataStorage/Binaries/Win64/UnrealEditor.modules" 914
"../../../Engine/Plugins/Experimental/EditorDataStorageFeatures/Binaries/Win64/UnrealEditor.modules" 915
"../../../Engine/Plugins/VirtualProduction/Takes/Binaries/Win64/UnrealEditor.modules" 916
"../../../Engine/Plugins/Runtime/AudioCapture/Binaries/Win64/UnrealEditor.modules" 917
"../../../Engine/Plugins/Developer/NamingTokens/Binaries/Win64/UnrealEditor.modules" 918
"../../../Engine/Plugins/Editor/EngineAssetDefinitions/Binaries/Win64/UnrealEditor.modules" 919
"../../../Engine/Plugins/ChaosCloth/Binaries/Win64/UnrealEditor.modules" 920
"../../../Engine/Plugins/ChaosInsights/Binaries/Win64/UnrealEditor.modules" 921
"../../../Engine/Plugins/ChaosVD/Binaries/Win64/UnrealEditor.modules" 922
"../../../Engine/Plugins/CmdLinkServer/Binaries/Win64/UnrealEditor.modules" 923
"../../../Engine/Plugins/EnhancedInput/Binaries/Win64/UnrealEditor.modules" 924
"../../../Engine/Plugins/Editor/DataValidation/Binaries/Win64/UnrealEditor.modules" 925
"../../../Engine/Plugins/Fab/Binaries/Win64/UnrealEditor.modules" 926
"../../../Engine/Plugins/Interchange/Runtime/Binaries/Win64/UnrealEditor.modules" 927
"../../../Engine/Plugins/Enterprise/VariantManagerContent/Binaries/Win64/UnrealEditor.modules" 928
"../../../Engine/Plugins/Enterprise/VariantManager/Binaries/Win64/UnrealEditor.modules" 929
"../../../Engine/Plugins/Interchange/Assets/Binaries/Win64/UnrealEditor.modules" 930
"../../../Engine/Plugins/FastBuildController/Binaries/Win64/UnrealEditor.modules" 931
"../../../Engine/Plugins/IoStoreInsights/Binaries/Win64/UnrealEditor.modules" 932
"../../../Engine/Plugins/MassInsights/Binaries/Win64/UnrealEditor.modules" 933
"../../../Engine/Plugins/MeshPainting/Binaries/Win64/UnrealEditor.modules" 934
"../../../Engine/Plugins/Interchange/Editor/Binaries/Win64/UnrealEditor.modules" 935
"../../../Engine/Plugins/RenderGraphInsights/Binaries/Win64/UnrealEditor.modules" 936
"../../../Engine/Plugins/TraceUtilities/Binaries/Win64/UnrealEditor.modules" 937
"../../../Engine/Plugins/UbaController/Binaries/Win64/UnrealEditor.modules" 938
"../../../Engine/Plugins/XGEController/Binaries/Win64/UnrealEditor.modules" 939
"../../../Engine/Plugins/WorldMetrics/Binaries/Win64/UnrealEditor.modules" 940
"../../../Engine/Plugins/Developer/AnimationSharing/Binaries/Win64/UnrealEditor.modules" 941
"../../../Engine/Plugins/Runtime/SignificanceManager/Binaries/Win64/UnrealEditor.modules" 942
"../../../Engine/Plugins/Developer/CLionSourceCodeAccess/Binaries/Win64/UnrealEditor.modules" 943
"../../../Engine/Plugins/Developer/DumpGPUServices/Binaries/Win64/UnrealEditor.modules" 944
"../../../Engine/Plugins/Developer/GitSourceControl/Binaries/Win64/UnrealEditor.modules" 945
"../../../Engine/Plugins/Developer/N10XSourceCodeAccess/Binaries/Win64/UnrealEditor.modules" 946
"../../../Engine/Plugins/Developer/PixWinPlugin/Binaries/Win64/UnrealEditor.modules" 947
"../../../Engine/Plugins/Developer/PerforceSourceControl/Binaries/Win64/UnrealEditor.modules" 948
"../../../Engine/Plugins/Developer/PlasticSourceControl/Binaries/Win64/UnrealEditor.modules" 949
"../../../Engine/Plugins/Developer/PluginUtils/Binaries/Win64/UnrealEditor.modules" 950
"../../../Engine/Plugins/Developer/ProjectLauncher/Binaries/Win64/UnrealEditor.modules" 951
"../../../Engine/Plugins/Developer/RenderDocPlugin/Binaries/Win64/UnrealEditor.modules" 952
"../../../Engine/Plugins/Developer/PropertyAccessNode/Binaries/Win64/UnrealEditor.modules" 953
"../../../Engine/Plugins/Developer/RiderSourceCodeAccess/Binaries/Win64/UnrealEditor.modules" 954
"../../../Engine/Plugins/Developer/SubversionSourceControl/Binaries/Win64/UnrealEditor.modules" 955
"../../../Engine/Plugins/Developer/TextureFormatOodle/Binaries/Win64/UnrealEditor.modules" 956
"../../../Engine/Plugins/Developer/UObjectPlugin/Binaries/Win64/UnrealEditor.modules" 957
"../../../Engine/Plugins/Developer/VisualStudioSourceCodeAccess/Binaries/Win64/UnrealEditor.modules" 958
"../../../Engine/Plugins/Developer/VisualStudioCodeSourceCodeAccess/Binaries/Win64/UnrealEditor.modules" 959
"../../../Engine/Plugins/Experimental/AdvancedRenamer/Binaries/Win64/UnrealEditor.modules" 960
"../../../Engine/Plugins/Experimental/AutomationUtils/Binaries/Win64/UnrealEditor.modules" 961
"../../../Engine/Plugins/Experimental/BackChannel/Binaries/Win64/UnrealEditor.modules" 962
"../../../Engine/Plugins/Experimental/ChaosEditor/Binaries/Win64/UnrealEditor.modules" 963
"../../../Engine/Plugins/Experimental/GeometryCollectionPlugin/Binaries/Win64/UnrealEditor.modules" 964
"../../../Engine/Plugins/Experimental/Fracture/Binaries/Win64/UnrealEditor.modules" 965
"../../../Engine/Plugins/Experimental/ChaosSolverPlugin/Binaries/Win64/UnrealEditor.modules" 966
"../../../Engine/Plugins/Experimental/GeometryDataflow/Binaries/Win64/UnrealEditor.modules" 967
"../../../Engine/Plugins/Experimental/ChaosNiagara/Binaries/Win64/UnrealEditor.modules" 968
"../../../Engine/Plugins/Experimental/ChaosUserDataPT/Binaries/Win64/UnrealEditor.modules" 969
"../../../Engine/Plugins/Experimental/CharacterAI/Binaries/Win64/UnrealEditor.modules" 970
"../../../Engine/Plugins/Experimental/EditorPerformance/Binaries/Win64/UnrealEditor.modules" 971
"../../../Engine/Plugins/Experimental/EditorTelemetry/Binaries/Win64/UnrealEditor.modules" 972
"../../../Engine/Plugins/Experimental/LevelSequenceNavigatorBridge/Binaries/Win64/UnrealEditor.modules" 973
"../../../Engine/Plugins/Experimental/SequenceNavigator/Binaries/Win64/UnrealEditor.modules" 974
"../../../Engine/Plugins/Experimental/LocalizableMessage/Binaries/Win64/UnrealEditor.modules" 975
"../../../Engine/Plugins/Experimental/NFORDenoise/Binaries/Win64/UnrealEditor.modules" 976
"../../../Engine/Plugins/Experimental/PlatformCrypto/Binaries/Win64/UnrealEditor.modules" 977
"../../../Engine/Plugins/Experimental/RuntimeTelemetry/Binaries/Win64/UnrealEditor.modules" 978
"../../../Engine/Plugins/Experimental/SkeletalReduction/Binaries/Win64/UnrealEditor.modules" 979
"../../../Engine/Plugins/Messaging/UdpMessaging/Binaries/Win64/UnrealEditor.modules" 980
"../../../Engine/Plugins/Messaging/TcpMessaging/Binaries/Win64/UnrealEditor.modules" 981
"../../../Engine/Plugins/NNE/NNEDenoiser/Binaries/Win64/UnrealEditor.modules" 982
"../../../Engine/Plugins/NNE/NNERuntimeORT/Binaries/Win64/UnrealEditor.modules" 983
"../../../Engine/Plugins/Editor/AssetManagerEditor/Binaries/Win64/UnrealEditor.modules" 984
"../../../Engine/Plugins/Editor/ContentBrowser/ContentBrowserAssetDataSource/Binaries/Win64/UnrealEditor.modules" 985
"../../../Engine/Plugins/Tests/InterchangeTests/Binaries/Win64/UnrealEditor.modules" 986
"../../../Engine/Plugins/Editor/BlueprintHeaderView/Binaries/Win64/UnrealEditor.modules" 987
"../../../Engine/Plugins/Editor/ChangelistReview/Binaries/Win64/UnrealEditor.modules" 988
"../../../Engine/Plugins/Editor/ColorGrading/Binaries/Win64/UnrealEditor.modules" 989
"../../../Engine/Plugins/Editor/ObjectMixer/ObjectMixer/Binaries/Win64/UnrealEditor.modules" 990
"../../../Engine/Plugins/Editor/CryptoKeys/Binaries/Win64/UnrealEditor.modules" 991
"../../../Engine/Plugins/Editor/CurveEditorTools/Binaries/Win64/UnrealEditor.modules" 992
"../../../Engine/Plugins/Editor/EditorDebugTools/Binaries/Win64/UnrealEditor.modules" 993
"../../../Engine/Plugins/Editor/FacialAnimation/Binaries/Win64/UnrealEditor.modules" 994
"../../../Engine/Plugins/Editor/GameplayTagsEditor/Binaries/Win64/UnrealEditor.modules" 995
"../../../Engine/Plugins/Editor/GeometryMode/Binaries/Win64/UnrealEditor.modules" 996
"../../../Engine/Plugins/Editor/MaterialAnalyzer/Binaries/Win64/UnrealEditor.modules" 997
"../../../Engine/Plugins/Editor/MobileLauncherProfileWizard/Binaries/Win64/UnrealEditor.modules" 998
"../../../Engine/Plugins/Editor/PluginBrowser/Binaries/Win64/UnrealEditor.modules" 999
"../../../Engine/Plugins/Editor/SequencerAnimTools/Binaries/Win64/UnrealEditor.modules" 1000
"../../../Engine/Plugins/Importers/AlembicImporter/Binaries/Win64/UnrealEditor.modules" 1001
"../../../Engine/Plugins/Editor/SpeedTreeImporter/Binaries/Win64/UnrealEditor.modules" 1002
"../../../Engine/Plugins/Editor/UMGWidgetPreview/Binaries/Win64/UnrealEditor.modules" 1003
"../../../Engine/Plugins/Editor/WorldPartitionHLODUtilities/Binaries/Win64/UnrealEditor.modules" 1004
"../../../Engine/Plugins/Editor/UVEditor/Binaries/Win64/UnrealEditor.modules" 1005
"../../../Engine/Plugins/Media/AndroidMedia/Binaries/Win64/UnrealEditor.modules" 1006
"../../../Engine/Plugins/Media/AvfMedia/Binaries/Win64/UnrealEditor.modules" 1007
"../../../Engine/Plugins/Media/ImgMedia/Binaries/Win64/UnrealEditor.modules" 1008
"../../../Engine/Plugins/Media/MediaPlayerEditor/Binaries/Win64/UnrealEditor.modules" 1009
"../../../Engine/Plugins/Media/MediaCompositing/Binaries/Win64/UnrealEditor.modules" 1010
"../../../Engine/Plugins/Media/MediaPlate/Binaries/Win64/UnrealEditor.modules" 1011
"../../../Engine/Plugins/Experimental/Compositing/CompositeCore/Binaries/Win64/UnrealEditor.modules" 1012
"../../../Engine/Plugins/Media/WmfMedia/Binaries/Win64/UnrealEditor.modules" 1013
"../../../Engine/Plugins/Online/OnlineBase/Binaries/Win64/UnrealEditor.modules" 1014
"../../../Engine/Plugins/Online/OnlineSubsystem/Binaries/Win64/UnrealEditor.modules" 1015
"../../../Engine/Plugins/Online/OnlineSubsystemNull/Binaries/Win64/UnrealEditor.modules" 1016
"../../../Engine/Plugins/Online/OnlineSubsystemUtils/Binaries/Win64/UnrealEditor.modules" 1017
"../../../Engine/Plugins/Online/OnlineServices/Binaries/Win64/UnrealEditor.modules" 1018
"../../../Engine/Plugins/Runtime/ActorLayerUtilities/Binaries/Win64/UnrealEditor.modules" 1019
"../../../Engine/Plugins/Runtime/AndroidDeviceProfileSelector/Binaries/Win64/UnrealEditor.modules" 1020
"../../../Engine/Plugins/Runtime/AndroidFileServer/Binaries/Win64/UnrealEditor.modules" 1021
"../../../Engine/Plugins/Runtime/AndroidPermission/Binaries/Win64/UnrealEditor.modules" 1022
"../../../Engine/Plugins/Runtime/AppleImageUtils/Binaries/Win64/UnrealEditor.modules" 1023
"../../../Engine/Plugins/Runtime/ArchVisCharacter/Binaries/Win64/UnrealEditor.modules" 1024
"../../../Engine/Plugins/Runtime/AssetTags/Binaries/Win64/UnrealEditor.modules" 1025
"../../../Engine/Plugins/Runtime/CableComponent/Binaries/Win64/UnrealEditor.modules" 1026
"../../../Engine/Plugins/Runtime/ChunkDownloader/Binaries/Win64/UnrealEditor.modules" 1027
"../../../Engine/Plugins/Runtime/CustomMeshComponent/Binaries/Win64/UnrealEditor.modules" 1028
"../../../Engine/Plugins/Runtime/ExampleDeviceProfileSelector/Binaries/Win64/UnrealEditor.modules" 1029
"../../../Engine/Plugins/Runtime/GooglePAD/Binaries/Win64/UnrealEditor.modules" 1030
"../../../Engine/Plugins/Runtime/InputDebugging/Binaries/Win64/UnrealEditor.modules" 1031
"../../../Engine/Plugins/Runtime/LocationServicesBPLibrary/Binaries/Win64/UnrealEditor.modules" 1032
"../../../Engine/Plugins/Runtime/Metasound/Binaries/Win64/UnrealEditor.modules" 1033
"../../../Engine/Plugins/Runtime/AudioWidgets/Binaries/Win64/UnrealEditor.modules" 1034
"../../../Engine/Plugins/Runtime/AudioSynesthesia/Binaries/Win64/UnrealEditor.modules" 1035
"../../../Engine/Plugins/Runtime/WaveTable/Binaries/Win64/UnrealEditor.modules" 1036
"../../../Engine/Plugins/Runtime/MobilePatchingUtils/Binaries/Win64/UnrealEditor.modules" 1037
"../../../Engine/Plugins/Runtime/MsQuic/Binaries/Win64/UnrealEditor.modules" 1038
"../../../Engine/Plugins/Runtime/ResonanceAudio/Binaries/Win64/UnrealEditor.modules" 1039
"../../../Engine/Plugins/Runtime/SoundFields/Binaries/Win64/UnrealEditor.modules" 1040
"../../../Engine/Plugins/Runtime/Synthesis/Binaries/Win64/UnrealEditor.modules" 1041
"../../../Engine/Plugins/Runtime/WebMMoviePlayer/Binaries/Win64/UnrealEditor.modules" 1042
"../../../Engine/Plugins/Media/WebMMedia/Binaries/Win64/UnrealEditor.modules" 1043
"../../../Engine/Plugins/Runtime/WindowsDeviceProfileSelector/Binaries/Win64/UnrealEditor.modules" 1044
"../../../Engine/Plugins/Runtime/WindowsMoviePlayer/Binaries/Win64/UnrealEditor.modules" 1045
"../../../Engine/Plugins/Portal/LauncherChunkInstaller/Binaries/Win64/UnrealEditor.modules" 1046
"../../../Engine/Plugins/MovieScene/ActorSequence/Binaries/Win64/UnrealEditor.modules" 1047
"../../../Engine/Plugins/2D/Paper2D/Binaries/Win64/UnrealEditor.modules" 1048
"../../../Engine/Plugins/AI/EnvironmentQueryEditor/Binaries/Win64/UnrealEditor.modules" 1049
"../../../Engine/Plugins/AI/AISupport/Binaries/Win64/UnrealEditor.modules" 1050
"../../../Engine/Plugins/Animation/ACLPlugin/Binaries/Win64/UnrealEditor.modules" 1051
"../../../Engine/Plugins/Animation/AnimationModifierLibrary/Binaries/Win64/UnrealEditor.modules" 1052
"../../../Engine/Plugins/Animation/AnimationData/Binaries/Win64/UnrealEditor.modules" 1053
"../../../Engine/Plugins/Animation/BlendSpaceMotionAnalysis/Binaries/Win64/UnrealEditor.modules" 1054
"../../../Engine/Plugins/Animation/ControlRigSpline/Binaries/Win64/UnrealEditor.modules" 1055
"../../../Engine/Plugins/Animation/IKRig/Binaries/Win64/UnrealEditor.modules" 1056
"../../../Engine/Plugins/Experimental/FullBodyIK/Binaries/Win64/UnrealEditor.modules" 1057
"../../../Engine/Plugins/Cameras/CameraShakePreviewer/Binaries/Win64/UnrealEditor.modules" 1058
"../../../Engine/Plugins/Cameras/GameplayCameras/Binaries/Win64/UnrealEditor.modules" 1059
"../../../Engine/Plugins/VirtualProduction/CameraCalibrationCore/Binaries/Win64/UnrealEditor.modules" 1060
"../../../Engine/Plugins/Runtime/StateTree/Binaries/Win64/UnrealEditor.modules" 1061
"../../../Engine/Plugins/MovieScene/TemplateSequence/Binaries/Win64/UnrealEditor.modules" 1062
"../../../Engine/Plugins/Animation/GameplayInsights/Binaries/Win64/UnrealEditor.modules" 1063
"../../../Engine/Plugins/Runtime/PropertyBindingUtils/Binaries/Win64/UnrealEditor.modules" 1064
"../../../Engine/Plugins/Cameras/EngineCameras/Binaries/Win64/UnrealEditor.modules" 1065
"../../../Engine/Plugins/Compression/OodleNetwork/Binaries/Win64/UnrealEditor.modules" 1066
"../../../Engine/Plugins/Animation/SkeletalMeshModelingTools/Binaries/Win64/UnrealEditor.modules" 1067
"../../../Engine/Plugins/FX/Cascade/Binaries/Win64/UnrealEditor.modules" 1068
"../../../Engine/Plugins/Enterprise/DatasmithContent/Binaries/Win64/UnrealEditor.modules" 1069
"../../../Engine/Plugins/Enterprise/GLTFExporter/Binaries/Win64/UnrealEditor.modules" 1070
"../../../Engine/Plugins/FX/NiagaraSimCaching/Binaries/Win64/UnrealEditor.modules" 1071
"../../../Engine/Plugins/Editor/Localization/PortableObjectFileDataSource/Binaries/Win64/UnrealEditor.modules" 1072
"../../../Engine/Plugins/Editor/ContentBrowser/ContentBrowserClassDataSource/Binaries/Win64/UnrealEditor.modules" 1073
"../../../Engine/Plugins/Runtime/Windows/XInputDevice/Binaries/Win64/UnrealEditor.modules" 1074
"../../../Engine/Plugins/Editor/ObjectMixer/LightMixer/Binaries/Win64/UnrealEditor.modules" 1075
"../../../Engine/Config/BaseSourceControlSettings.ini" 1076
"../../../Engine/Content/Internationalization/icudt64l/coll/ucadata.icu" 1077
"../../../Engine/Content/Internationalization/icudt64l/coll/en_US.res" 1078
"../../../Engine/Content/Internationalization/icudt64l/coll/en.res" 1079
"../../../Engine/Content/Internationalization/icudt64l/coll/root.res" 1080
"../../../Engine/Content/Certificates/ThirdParty/cacert.pem" 1081
"../../../Engine/Config/ConsoleVariables.ini" 1082
"../../../Engine/Binaries/Win64/Android/UnrealEditor.modules" 1083
"../../../Engine/Binaries/Win64/IOS/UnrealEditor.modules" 1084
"../../../Engine/Binaries/Win64/Linux/UnrealEditor.modules" 1085
"../../../Engine/Content/Localization/Editor/en/Editor.locres" 1086
"../../../Engine/Content/Localization/EditorTutorials/en/EditorTutorials.locres" 1087
"../../../Engine/Content/Localization/Keywords/en/Keywords.locres" 1088
"../../../Engine/Content/Localization/Category/en/Category.locres" 1089
"../../../Engine/Content/Localization/ToolTips/en/ToolTips.locres" 1090
"../../../Engine/Content/Localization/PropertyNames/en/PropertyNames.locres" 1091
"../../../Engine/Content/Localization/Engine/en/Engine.locres" 1092
"../../../Engine/Plugins/MetaHuman/MetaHumanSDK/Content/Localization/MetaHumanSDK/en/MetaHumanSDK.locres" 1093
"../../../Engine/Plugins/Online/OnlineSubsystem/Content/Localization/OnlineSubsystem/en/OnlineSubsystem.locres" 1094
"../../../Engine/Plugins/Online/OnlineSubsystemUtils/Content/Localization/OnlineSubsystemUtils/en/OnlineSubsystemUtils.locres" 1095
"../../../Engine/Plugins/Online/Android/OnlineSubsystemGooglePlay/Content/Localization/OnlineSubsystemGooglePlay/en/OnlineSubsystemGooglePlay.locres" 1096
"../../../Engine/Plugins/Online/IOS/OnlineSubsystemIOS/Content/Localization/OnlineSubsystemIOS/en/OnlineSubsystemIOS.locres" 1097
"../../../Engine/Content/Internationalization/icudt64l/en_NZ.res" 1098
"../../../Engine/Content/Internationalization/icudt64l/en_001.res" 1099
"../../../Engine/Content/Internationalization/icudt64l/numberingSystems.res" 1100
"../../../Engine/Content/Internationalization/icudt64l/curr/supplementalData.res" 1101
"../../../Engine/Content/Internationalization/icudt64l/curr/en_NZ.res" 1102
"../../../Engine/Content/Internationalization/icudt64l/curr/pool.res" 1103
"../../../Engine/Content/Internationalization/icudt64l/curr/en_001.res" 1104
"../../../Engine/Content/Internationalization/icudt64l/curr/en.res" 1105
"../../../Engine/Content/Internationalization/icudt64l/curr/root.res" 1106
"../../../Engine/Content/Internationalization/icudt64l/lang/af.res" 1107
"../../../Engine/Content/Internationalization/icudt64l/region/af.res" 1108
"../../../Engine/Content/Internationalization/icudt64l/lang/agq.res" 1109
"../../../Engine/Content/Internationalization/icudt64l/region/agq.res" 1110
"../../../Engine/Content/Internationalization/icudt64l/lang/ak.res" 1111
"../../../Engine/Content/Internationalization/icudt64l/region/ak.res" 1112
"../../../Engine/Content/Internationalization/icudt64l/lang/am.res" 1113
"../../../Engine/Content/Internationalization/icudt64l/region/am.res" 1114
"../../../Engine/Content/Internationalization/icudt64l/lang/ar.res" 1115
"../../../Engine/Content/Internationalization/icudt64l/region/ar.res" 1116
"../../../Engine/Content/Internationalization/icudt64l/region/ar_AE.res" 1117
"../../../Engine/Content/Internationalization/icudt64l/lang/ar_EG.res" 1118
"../../../Engine/Content/Internationalization/icudt64l/lang/ar_LY.res" 1119
"../../../Engine/Content/Internationalization/icudt64l/region/ar_LY.res" 1120
"../../../Engine/Content/Internationalization/icudt64l/lang/ar_SA.res" 1121
"../../../Engine/Content/Internationalization/icudt64l/region/ar_SA.res" 1122
"../../../Engine/Content/Internationalization/icudt64l/lang/as.res" 1123
"../../../Engine/Content/Internationalization/icudt64l/region/as.res" 1124
"../../../Engine/Content/Internationalization/icudt64l/lang/asa.res" 1125
"../../../Engine/Content/Internationalization/icudt64l/region/asa.res" 1126
"../../../Engine/Content/Internationalization/icudt64l/lang/ast.res" 1127
"../../../Engine/Content/Internationalization/icudt64l/region/ast.res" 1128
"../../../Engine/Content/Internationalization/icudt64l/lang/az.res" 1129
"../../../Engine/Content/Internationalization/icudt64l/lang/az_Cyrl.res" 1130
"../../../Engine/Content/Internationalization/icudt64l/lang/az_AZ.res" 1131
"../../../Engine/Content/Internationalization/icudt64l/lang/az_Latn_AZ.res" 1132
"../../../Engine/Content/Internationalization/icudt64l/lang/az_Latn.res" 1133
"../../../Engine/Content/Internationalization/icudt64l/region/az_AZ.res" 1134
"../../../Engine/Content/Internationalization/icudt64l/region/az_Latn_AZ.res" 1135
"../../../Engine/Content/Internationalization/icudt64l/region/az_Latn.res" 1136
"../../../Engine/Content/Internationalization/icudt64l/region/az.res" 1137
"../../../Engine/Content/Internationalization/icudt64l/region/az_Cyrl.res" 1138
"../../../Engine/Content/Internationalization/icudt64l/lang/bas.res" 1139
"../../../Engine/Content/Internationalization/icudt64l/region/bas.res" 1140
"../../../Engine/Content/Internationalization/icudt64l/lang/be.res" 1141
"../../../Engine/Content/Internationalization/icudt64l/region/be.res" 1142
"../../../Engine/Content/Internationalization/icudt64l/lang/bem.res" 1143
"../../../Engine/Content/Internationalization/icudt64l/region/bem.res" 1144
"../../../Engine/Content/Internationalization/icudt64l/lang/bez.res" 1145
"../../../Engine/Content/Internationalization/icudt64l/region/bez.res" 1146
"../../../Engine/Content/Internationalization/icudt64l/lang/bg.res" 1147
"../../../Engine/Content/Internationalization/icudt64l/region/bg.res" 1148
"../../../Engine/Content/Internationalization/icudt64l/lang/bm.res" 1149
"../../../Engine/Content/Internationalization/icudt64l/region/bm.res" 1150
"../../../Engine/Content/Internationalization/icudt64l/lang/bn.res" 1151
"../../../Engine/Content/Internationalization/icudt64l/region/bn.res" 1152
"../../../Engine/Content/Internationalization/icudt64l/lang/bn_IN.res" 1153
"../../../Engine/Content/Internationalization/icudt64l/region/bn_IN.res" 1154
"../../../Engine/Content/Internationalization/icudt64l/lang/bo.res" 1155
"../../../Engine/Content/Internationalization/icudt64l/region/bo.res" 1156
"../../../Engine/Content/Internationalization/icudt64l/region/bo_IN.res" 1157
"../../../Engine/Content/Internationalization/icudt64l/lang/br.res" 1158
"../../../Engine/Content/Internationalization/icudt64l/region/br.res" 1159
"../../../Engine/Content/Internationalization/icudt64l/lang/brx.res" 1160
"../../../Engine/Content/Internationalization/icudt64l/region/brx.res" 1161
"../../../Engine/Content/Internationalization/icudt64l/lang/bs.res" 1162
"../../../Engine/Content/Internationalization/icudt64l/lang/bs_Cyrl.res" 1163
"../../../Engine/Content/Internationalization/icudt64l/lang/bs_BA.res" 1164
"../../../Engine/Content/Internationalization/icudt64l/lang/bs_Latn_BA.res" 1165
"../../../Engine/Content/Internationalization/icudt64l/lang/bs_Latn.res" 1166
"../../../Engine/Content/Internationalization/icudt64l/region/bs_BA.res" 1167
"../../../Engine/Content/Internationalization/icudt64l/region/bs_Latn_BA.res" 1168
"../../../Engine/Content/Internationalization/icudt64l/region/bs_Latn.res" 1169
"../../../Engine/Content/Internationalization/icudt64l/region/bs.res" 1170
"../../../Engine/Content/Internationalization/icudt64l/region/bs_Cyrl.res" 1171
"../../../Engine/Content/Internationalization/icudt64l/lang/ca.res" 1172
"../../../Engine/Content/Internationalization/icudt64l/region/ca.res" 1173
"../../../Engine/Content/Internationalization/icudt64l/lang/ccp.res" 1174
"../../../Engine/Content/Internationalization/icudt64l/region/ccp.res" 1175
"../../../Engine/Content/Internationalization/icudt64l/lang/ce.res" 1176
"../../../Engine/Content/Internationalization/icudt64l/region/ce.res" 1177
"../../../Engine/Content/Internationalization/icudt64l/lang/ceb.res" 1178
"../../../Engine/Content/Internationalization/icudt64l/region/ceb.res" 1179
"../../../Engine/Content/Internationalization/icudt64l/lang/cgg.res" 1180
"../../../Engine/Content/Internationalization/icudt64l/region/cgg.res" 1181
"../../../Engine/Content/Internationalization/icudt64l/lang/chr.res" 1182
"../../../Engine/Content/Internationalization/icudt64l/region/chr.res" 1183
"../../../Engine/Content/Internationalization/icudt64l/lang/ckb.res" 1184
"../../../Engine/Content/Internationalization/icudt64l/region/ckb.res" 1185
"../../../Engine/Content/Internationalization/icudt64l/lang/cs.res" 1186
"../../../Engine/Content/Internationalization/icudt64l/region/cs.res" 1187
"../../../Engine/Content/Internationalization/icudt64l/lang/cy.res" 1188
"../../../Engine/Content/Internationalization/icudt64l/region/cy.res" 1189
"../../../Engine/Content/Internationalization/icudt64l/lang/da.res" 1190
"../../../Engine/Content/Internationalization/icudt64l/region/da.res" 1191
"../../../Engine/Content/Internationalization/icudt64l/lang/dav.res" 1192
"../../../Engine/Content/Internationalization/icudt64l/region/dav.res" 1193
"../../../Engine/Content/Internationalization/icudt64l/lang/de.res" 1194
"../../../Engine/Content/Internationalization/icudt64l/lang/de_AT.res" 1195
"../../../Engine/Content/Internationalization/icudt64l/region/de_AT.res" 1196
"../../../Engine/Content/Internationalization/icudt64l/region/de.res" 1197
"../../../Engine/Content/Internationalization/icudt64l/lang/de_CH.res" 1198
"../../../Engine/Content/Internationalization/icudt64l/region/de_CH.res" 1199
"../../../Engine/Content/Internationalization/icudt64l/lang/de_LU.res" 1200
"../../../Engine/Content/Internationalization/icudt64l/lang/dje.res" 1201
"../../../Engine/Content/Internationalization/icudt64l/region/dje.res" 1202
"../../../Engine/Content/Internationalization/icudt64l/lang/dsb.res" 1203
"../../../Engine/Content/Internationalization/icudt64l/region/dsb.res" 1204
"../../../Engine/Content/Internationalization/icudt64l/lang/dua.res" 1205
"../../../Engine/Content/Internationalization/icudt64l/region/dua.res" 1206
"../../../Engine/Content/Internationalization/icudt64l/lang/dyo.res" 1207
"../../../Engine/Content/Internationalization/icudt64l/region/dyo.res" 1208
"../../../Engine/Content/Internationalization/icudt64l/lang/dz.res" 1209
"../../../Engine/Content/Internationalization/icudt64l/region/dz.res" 1210
"../../../Engine/Content/Internationalization/icudt64l/lang/ebu.res" 1211
"../../../Engine/Content/Internationalization/icudt64l/region/ebu.res" 1212
"../../../Engine/Content/Internationalization/icudt64l/lang/ee.res" 1213
"../../../Engine/Content/Internationalization/icudt64l/region/ee.res" 1214
"../../../Engine/Content/Internationalization/icudt64l/lang/el.res" 1215
"../../../Engine/Content/Internationalization/icudt64l/region/el.res" 1216
"../../../Engine/Content/Internationalization/icudt64l/lang/en_150.res" 1217
"../../../Engine/Content/Internationalization/icudt64l/region/en_150.res" 1218
"../../../Engine/Content/Internationalization/icudt64l/lang/en_AG.res" 1219
"../../../Engine/Content/Internationalization/icudt64l/region/en_AG.res" 1220
"../../../Engine/Content/Internationalization/icudt64l/lang/en_AI.res" 1221
"../../../Engine/Content/Internationalization/icudt64l/region/en_AI.res" 1222
"../../../Engine/Content/Internationalization/icudt64l/lang/en_AT.res" 1223
"../../../Engine/Content/Internationalization/icudt64l/region/en_AT.res" 1224
"../../../Engine/Content/Internationalization/icudt64l/lang/en_AU.res" 1225
"../../../Engine/Content/Internationalization/icudt64l/region/en_AU.res" 1226
"../../../Engine/Content/Internationalization/icudt64l/lang/en_BB.res" 1227
"../../../Engine/Content/Internationalization/icudt64l/region/en_BB.res" 1228
"../../../Engine/Content/Internationalization/icudt64l/lang/en_BE.res" 1229
"../../../Engine/Content/Internationalization/icudt64l/region/en_BE.res" 1230
"../../../Engine/Content/Internationalization/icudt64l/lang/en_BM.res" 1231
"../../../Engine/Content/Internationalization/icudt64l/region/en_BM.res" 1232
"../../../Engine/Content/Internationalization/icudt64l/lang/en_BS.res" 1233
"../../../Engine/Content/Internationalization/icudt64l/region/en_BS.res" 1234
"../../../Engine/Content/Internationalization/icudt64l/lang/en_BW.res" 1235
"../../../Engine/Content/Internationalization/icudt64l/region/en_BW.res" 1236
"../../../Engine/Content/Internationalization/icudt64l/lang/en_BZ.res" 1237
"../../../Engine/Content/Internationalization/icudt64l/region/en_BZ.res" 1238
"../../../Engine/Content/Internationalization/icudt64l/lang/en_CA.res" 1239
"../../../Engine/Content/Internationalization/icudt64l/region/en_CA.res" 1240
"../../../Engine/Content/Internationalization/icudt64l/lang/en_CC.res" 1241
"../../../Engine/Content/Internationalization/icudt64l/region/en_CC.res" 1242
"../../../Engine/Content/Internationalization/icudt64l/lang/en_CH.res" 1243
"../../../Engine/Content/Internationalization/icudt64l/region/en_CH.res" 1244
"../../../Engine/Content/Internationalization/icudt64l/lang/en_CK.res" 1245
"../../../Engine/Content/Internationalization/icudt64l/region/en_CK.res" 1246
"../../../Engine/Content/Internationalization/icudt64l/lang/en_CM.res" 1247
"../../../Engine/Content/Internationalization/icudt64l/region/en_CM.res" 1248
"../../../Engine/Content/Internationalization/icudt64l/lang/en_CX.res" 1249
"../../../Engine/Content/Internationalization/icudt64l/region/en_CX.res" 1250
"../../../Engine/Content/Internationalization/icudt64l/lang/en_CY.res" 1251
"../../../Engine/Content/Internationalization/icudt64l/region/en_CY.res" 1252
"../../../Engine/Content/Internationalization/icudt64l/lang/en_DE.res" 1253
"../../../Engine/Content/Internationalization/icudt64l/region/en_DE.res" 1254
"../../../Engine/Content/Internationalization/icudt64l/lang/en_DG.res" 1255
"../../../Engine/Content/Internationalization/icudt64l/region/en_DG.res" 1256
"../../../Engine/Content/Internationalization/icudt64l/lang/en_DK.res" 1257
"../../../Engine/Content/Internationalization/icudt64l/region/en_DK.res" 1258
"../../../Engine/Content/Internationalization/icudt64l/lang/en_DM.res" 1259
"../../../Engine/Content/Internationalization/icudt64l/region/en_DM.res" 1260
"../../../Engine/Content/Internationalization/icudt64l/lang/en_ER.res" 1261
"../../../Engine/Content/Internationalization/icudt64l/region/en_ER.res" 1262
"../../../Engine/Content/Internationalization/icudt64l/lang/en_FI.res" 1263
"../../../Engine/Content/Internationalization/icudt64l/region/en_FI.res" 1264
"../../../Engine/Content/Internationalization/icudt64l/lang/en_FJ.res" 1265
"../../../Engine/Content/Internationalization/icudt64l/region/en_FJ.res" 1266
"../../../Engine/Content/Internationalization/icudt64l/lang/en_FK.res" 1267
"../../../Engine/Content/Internationalization/icudt64l/region/en_FK.res" 1268
"../../../Engine/Content/Internationalization/icudt64l/lang/en_FM.res" 1269
"../../../Engine/Content/Internationalization/icudt64l/region/en_FM.res" 1270
"../../../Engine/Content/Internationalization/icudt64l/lang/en_GB.res" 1271
"../../../Engine/Content/Internationalization/icudt64l/region/en_GB.res" 1272
"../../../Engine/Content/Internationalization/icudt64l/lang/en_GD.res" 1273
"../../../Engine/Content/Internationalization/icudt64l/region/en_GD.res" 1274
"../../../Engine/Content/Internationalization/icudt64l/lang/en_GG.res" 1275
"../../../Engine/Content/Internationalization/icudt64l/region/en_GG.res" 1276
"../../../Engine/Content/Internationalization/icudt64l/lang/en_GH.res" 1277
"../../../Engine/Content/Internationalization/icudt64l/region/en_GH.res" 1278
"../../../Engine/Content/Internationalization/icudt64l/lang/en_GI.res" 1279
"../../../Engine/Content/Internationalization/icudt64l/region/en_GI.res" 1280
"../../../Engine/Content/Internationalization/icudt64l/lang/en_GM.res" 1281
"../../../Engine/Content/Internationalization/icudt64l/region/en_GM.res" 1282
"../../../Engine/Content/Internationalization/icudt64l/lang/en_GY.res" 1283
"../../../Engine/Content/Internationalization/icudt64l/region/en_GY.res" 1284
"../../../Engine/Content/Internationalization/icudt64l/lang/en_HK.res" 1285
"../../../Engine/Content/Internationalization/icudt64l/region/en_HK.res" 1286
"../../../Engine/Content/Internationalization/icudt64l/lang/en_IE.res" 1287
"../../../Engine/Content/Internationalization/icudt64l/region/en_IE.res" 1288
"../../../Engine/Content/Internationalization/icudt64l/lang/en_IL.res" 1289
"../../../Engine/Content/Internationalization/icudt64l/region/en_IL.res" 1290
"../../../Engine/Content/Internationalization/icudt64l/lang/en_IM.res" 1291
"../../../Engine/Content/Internationalization/icudt64l/region/en_IM.res" 1292
"../../../Engine/Content/Internationalization/icudt64l/lang/en_IN.res" 1293
"../../../Engine/Content/Internationalization/icudt64l/region/en_IN.res" 1294
"../../../Engine/Content/Internationalization/icudt64l/lang/en_IO.res" 1295
"../../../Engine/Content/Internationalization/icudt64l/region/en_IO.res" 1296
"../../../Engine/Content/Internationalization/icudt64l/lang/en_JE.res" 1297
"../../../Engine/Content/Internationalization/icudt64l/region/en_JE.res" 1298
"../../../Engine/Content/Internationalization/icudt64l/lang/en_JM.res" 1299
"../../../Engine/Content/Internationalization/icudt64l/region/en_JM.res" 1300
"../../../Engine/Content/Internationalization/icudt64l/lang/en_KE.res" 1301
"../../../Engine/Content/Internationalization/icudt64l/region/en_KE.res" 1302
"../../../Engine/Content/Internationalization/icudt64l/lang/en_KI.res" 1303
"../../../Engine/Content/Internationalization/icudt64l/region/en_KI.res" 1304
"../../../Engine/Content/Internationalization/icudt64l/lang/en_KN.res" 1305
"../../../Engine/Content/Internationalization/icudt64l/region/en_KN.res" 1306
"../../../Engine/Content/Internationalization/icudt64l/lang/en_KY.res" 1307
"../../../Engine/Content/Internationalization/icudt64l/region/en_KY.res" 1308
"../../../Engine/Content/Internationalization/icudt64l/lang/en_LC.res" 1309
"../../../Engine/Content/Internationalization/icudt64l/region/en_LC.res" 1310
"../../../Engine/Content/Internationalization/icudt64l/lang/en_LR.res" 1311
"../../../Engine/Content/Internationalization/icudt64l/region/en_LR.res" 1312
"../../../Engine/Content/Internationalization/icudt64l/lang/en_LS.res" 1313
"../../../Engine/Content/Internationalization/icudt64l/region/en_LS.res" 1314
"../../../Engine/Content/Internationalization/icudt64l/lang/en_MG.res" 1315
"../../../Engine/Content/Internationalization/icudt64l/region/en_MG.res" 1316
"../../../Engine/Content/Internationalization/icudt64l/lang/en_MO.res" 1317
"../../../Engine/Content/Internationalization/icudt64l/region/en_MO.res" 1318
"../../../Engine/Content/Internationalization/icudt64l/lang/en_MS.res" 1319
"../../../Engine/Content/Internationalization/icudt64l/region/en_MS.res" 1320
"../../../Engine/Content/Internationalization/icudt64l/lang/en_MT.res" 1321
"../../../Engine/Content/Internationalization/icudt64l/region/en_MT.res" 1322
"../../../Engine/Content/Internationalization/icudt64l/lang/en_MU.res" 1323
"../../../Engine/Content/Internationalization/icudt64l/region/en_MU.res" 1324
"../../../Engine/Content/Internationalization/icudt64l/lang/en_MW.res" 1325
"../../../Engine/Content/Internationalization/icudt64l/region/en_MW.res" 1326
"../../../Engine/Content/Internationalization/icudt64l/lang/en_MY.res" 1327
"../../../Engine/Content/Internationalization/icudt64l/region/en_MY.res" 1328
"../../../Engine/Content/Internationalization/icudt64l/lang/en_NA.res" 1329
"../../../Engine/Content/Internationalization/icudt64l/region/en_NA.res" 1330
"../../../Engine/Content/Internationalization/icudt64l/lang/en_NF.res" 1331
"../../../Engine/Content/Internationalization/icudt64l/region/en_NF.res" 1332
"../../../Engine/Content/Internationalization/icudt64l/lang/en_NG.res" 1333
"../../../Engine/Content/Internationalization/icudt64l/region/en_NG.res" 1334
"../../../Engine/Content/Internationalization/icudt64l/lang/en_NL.res" 1335
"../../../Engine/Content/Internationalization/icudt64l/region/en_NL.res" 1336
"../../../Engine/Content/Internationalization/icudt64l/lang/en_NR.res" 1337
"../../../Engine/Content/Internationalization/icudt64l/region/en_NR.res" 1338
"../../../Engine/Content/Internationalization/icudt64l/lang/en_NU.res" 1339
"../../../Engine/Content/Internationalization/icudt64l/region/en_NU.res" 1340
"../../../Engine/Content/Internationalization/icudt64l/lang/en_PG.res" 1341
"../../../Engine/Content/Internationalization/icudt64l/region/en_PG.res" 1342
"../../../Engine/Content/Internationalization/icudt64l/lang/en_PH.res" 1343
"../../../Engine/Content/Internationalization/icudt64l/region/en_PH.res" 1344
"../../../Engine/Content/Internationalization/icudt64l/lang/en_PK.res" 1345
"../../../Engine/Content/Internationalization/icudt64l/region/en_PK.res" 1346
"../../../Engine/Content/Internationalization/icudt64l/lang/en_PN.res" 1347
"../../../Engine/Content/Internationalization/icudt64l/region/en_PN.res" 1348
"../../../Engine/Content/Internationalization/icudt64l/lang/en_PW.res" 1349
"../../../Engine/Content/Internationalization/icudt64l/region/en_PW.res" 1350
"../../../Engine/Content/Internationalization/icudt64l/lang/en_RW.res" 1351
"../../../Engine/Content/Internationalization/icudt64l/region/en_RW.res" 1352
"../../../Engine/Content/Internationalization/icudt64l/lang/en_SB.res" 1353
"../../../Engine/Content/Internationalization/icudt64l/region/en_SB.res" 1354
"../../../Engine/Content/Internationalization/icudt64l/lang/en_SC.res" 1355
"../../../Engine/Content/Internationalization/icudt64l/region/en_SC.res" 1356
"../../../Engine/Content/Internationalization/icudt64l/lang/en_SD.res" 1357
"../../../Engine/Content/Internationalization/icudt64l/region/en_SD.res" 1358
"../../../Engine/Content/Internationalization/icudt64l/lang/en_SE.res" 1359
"../../../Engine/Content/Internationalization/icudt64l/region/en_SE.res" 1360
"../../../Engine/Content/Internationalization/icudt64l/lang/en_SG.res" 1361
"../../../Engine/Content/Internationalization/icudt64l/region/en_SG.res" 1362
"../../../Engine/Content/Internationalization/icudt64l/lang/en_SH.res" 1363
"../../../Engine/Content/Internationalization/icudt64l/region/en_SH.res" 1364
"../../../Engine/Content/Internationalization/icudt64l/lang/en_SI.res" 1365
"../../../Engine/Content/Internationalization/icudt64l/region/en_SI.res" 1366
"../../../Engine/Content/Internationalization/icudt64l/lang/en_SL.res" 1367
"../../../Engine/Content/Internationalization/icudt64l/region/en_SL.res" 1368
"../../../Engine/Content/Internationalization/icudt64l/lang/en_SS.res" 1369
"../../../Engine/Content/Internationalization/icudt64l/region/en_SS.res" 1370
"../../../Engine/Content/Internationalization/icudt64l/lang/en_SX.res" 1371
"../../../Engine/Content/Internationalization/icudt64l/region/en_SX.res" 1372
"../../../Engine/Content/Internationalization/icudt64l/lang/en_SZ.res" 1373
"../../../Engine/Content/Internationalization/icudt64l/region/en_SZ.res" 1374
"../../../Engine/Content/Internationalization/icudt64l/lang/en_TC.res" 1375
"../../../Engine/Content/Internationalization/icudt64l/region/en_TC.res" 1376
"../../../Engine/Content/Internationalization/icudt64l/lang/en_TK.res" 1377
"../../../Engine/Content/Internationalization/icudt64l/region/en_TK.res" 1378
"../../../Engine/Content/Internationalization/icudt64l/lang/en_TO.res" 1379
"../../../Engine/Content/Internationalization/icudt64l/region/en_TO.res" 1380
"../../../Engine/Content/Internationalization/icudt64l/lang/en_TT.res" 1381
"../../../Engine/Content/Internationalization/icudt64l/region/en_TT.res" 1382
"../../../Engine/Content/Internationalization/icudt64l/lang/en_TV.res" 1383
"../../../Engine/Content/Internationalization/icudt64l/region/en_TV.res" 1384
"../../../Engine/Content/Internationalization/icudt64l/lang/en_TZ.res" 1385
"../../../Engine/Content/Internationalization/icudt64l/region/en_TZ.res" 1386
"../../../Engine/Content/Internationalization/icudt64l/lang/en_UG.res" 1387
"../../../Engine/Content/Internationalization/icudt64l/region/en_UG.res" 1388
"../../../Engine/Content/Internationalization/icudt64l/lang/en_VC.res" 1389
"../../../Engine/Content/Internationalization/icudt64l/region/en_VC.res" 1390
"../../../Engine/Content/Internationalization/icudt64l/lang/en_VG.res" 1391
"../../../Engine/Content/Internationalization/icudt64l/region/en_VG.res" 1392
"../../../Engine/Content/Internationalization/icudt64l/lang/en_VU.res" 1393
"../../../Engine/Content/Internationalization/icudt64l/region/en_VU.res" 1394
"../../../Engine/Content/Internationalization/icudt64l/lang/en_WS.res" 1395
"../../../Engine/Content/Internationalization/icudt64l/region/en_WS.res" 1396
"../../../Engine/Content/Internationalization/icudt64l/lang/en_ZA.res" 1397
"../../../Engine/Content/Internationalization/icudt64l/region/en_ZA.res" 1398
"../../../Engine/Content/Internationalization/icudt64l/lang/en_ZM.res" 1399
"../../../Engine/Content/Internationalization/icudt64l/region/en_ZM.res" 1400
"../../../Engine/Content/Internationalization/icudt64l/lang/en_ZW.res" 1401
"../../../Engine/Content/Internationalization/icudt64l/region/en_ZW.res" 1402
"../../../Engine/Content/Internationalization/icudt64l/lang/eo.res" 1403
"../../../Engine/Content/Internationalization/icudt64l/region/eo.res" 1404
"../../../Engine/Content/Internationalization/icudt64l/lang/es.res" 1405
"../../../Engine/Content/Internationalization/icudt64l/lang/es_419.res" 1406
"../../../Engine/Content/Internationalization/icudt64l/region/es_419.res" 1407
"../../../Engine/Content/Internationalization/icudt64l/region/es.res" 1408
"../../../Engine/Content/Internationalization/icudt64l/lang/es_AR.res" 1409
"../../../Engine/Content/Internationalization/icudt64l/region/es_AR.res" 1410
"../../../Engine/Content/Internationalization/icudt64l/lang/es_BO.res" 1411
"../../../Engine/Content/Internationalization/icudt64l/region/es_BO.res" 1412
"../../../Engine/Content/Internationalization/icudt64l/lang/es_BR.res" 1413
"../../../Engine/Content/Internationalization/icudt64l/region/es_BR.res" 1414
"../../../Engine/Content/Internationalization/icudt64l/lang/es_BZ.res" 1415
"../../../Engine/Content/Internationalization/icudt64l/region/es_BZ.res" 1416
"../../../Engine/Content/Internationalization/icudt64l/lang/es_CL.res" 1417
"../../../Engine/Content/Internationalization/icudt64l/region/es_CL.res" 1418
"../../../Engine/Content/Internationalization/icudt64l/lang/es_CO.res" 1419
"../../../Engine/Content/Internationalization/icudt64l/region/es_CO.res" 1420
"../../../Engine/Content/Internationalization/icudt64l/lang/es_CR.res" 1421
"../../../Engine/Content/Internationalization/icudt64l/region/es_CR.res" 1422
"../../../Engine/Content/Internationalization/icudt64l/lang/es_CU.res" 1423
"../../../Engine/Content/Internationalization/icudt64l/region/es_CU.res" 1424
"../../../Engine/Content/Internationalization/icudt64l/lang/es_DO.res" 1425
"../../../Engine/Content/Internationalization/icudt64l/region/es_DO.res" 1426
"../../../Engine/Content/Internationalization/icudt64l/lang/es_EC.res" 1427
"../../../Engine/Content/Internationalization/icudt64l/region/es_EC.res" 1428
"../../../Engine/Content/Internationalization/icudt64l/lang/es_GT.res" 1429
"../../../Engine/Content/Internationalization/icudt64l/region/es_GT.res" 1430
"../../../Engine/Content/Internationalization/icudt64l/lang/es_HN.res" 1431
"../../../Engine/Content/Internationalization/icudt64l/region/es_HN.res" 1432
"../../../Engine/Content/Internationalization/icudt64l/lang/es_MX.res" 1433
"../../../Engine/Content/Internationalization/icudt64l/region/es_MX.res" 1434
"../../../Engine/Content/Internationalization/icudt64l/lang/es_NI.res" 1435
"../../../Engine/Content/Internationalization/icudt64l/region/es_NI.res" 1436
"../../../Engine/Content/Internationalization/icudt64l/lang/es_PA.res" 1437
"../../../Engine/Content/Internationalization/icudt64l/region/es_PA.res" 1438
"../../../Engine/Content/Internationalization/icudt64l/lang/es_PE.res" 1439
"../../../Engine/Content/Internationalization/icudt64l/region/es_PE.res" 1440
"../../../Engine/Content/Internationalization/icudt64l/lang/es_PR.res" 1441
"../../../Engine/Content/Internationalization/icudt64l/region/es_PR.res" 1442
"../../../Engine/Content/Internationalization/icudt64l/lang/es_PY.res" 1443
"../../../Engine/Content/Internationalization/icudt64l/region/es_PY.res" 1444
"../../../Engine/Content/Internationalization/icudt64l/lang/es_SV.res" 1445
"../../../Engine/Content/Internationalization/icudt64l/region/es_SV.res" 1446
"../../../Engine/Content/Internationalization/icudt64l/lang/es_US.res" 1447
"../../../Engine/Content/Internationalization/icudt64l/region/es_US.res" 1448
"../../../Engine/Content/Internationalization/icudt64l/lang/es_UY.res" 1449
"../../../Engine/Content/Internationalization/icudt64l/region/es_UY.res" 1450
"../../../Engine/Content/Internationalization/icudt64l/lang/es_VE.res" 1451
"../../../Engine/Content/Internationalization/icudt64l/region/es_VE.res" 1452
"../../../Engine/Content/Internationalization/icudt64l/lang/et.res" 1453
"../../../Engine/Content/Internationalization/icudt64l/region/et.res" 1454
"../../../Engine/Content/Internationalization/icudt64l/lang/eu.res" 1455
"../../../Engine/Content/Internationalization/icudt64l/region/eu.res" 1456
"../../../Engine/Content/Internationalization/icudt64l/lang/ewo.res" 1457
"../../../Engine/Content/Internationalization/icudt64l/region/ewo.res" 1458
"../../../Engine/Content/Internationalization/icudt64l/lang/fa.res" 1459
"../../../Engine/Content/Internationalization/icudt64l/lang/fa_AF.res" 1460
"../../../Engine/Content/Internationalization/icudt64l/region/fa_AF.res" 1461
"../../../Engine/Content/Internationalization/icudt64l/region/fa.res" 1462
"../../../Engine/Content/Internationalization/icudt64l/lang/ff.res" 1463
"../../../Engine/Content/Internationalization/icudt64l/lang/ff_Latn.res" 1464
"../../../Engine/Content/Internationalization/icudt64l/region/ff.res" 1465
"../../../Engine/Content/Internationalization/icudt64l/region/ff_Latn.res" 1466
"../../../Engine/Content/Internationalization/icudt64l/lang/ff_CM.res" 1467
"../../../Engine/Content/Internationalization/icudt64l/lang/ff_Latn_CM.res" 1468
"../../../Engine/Content/Internationalization/icudt64l/region/ff_CM.res" 1469
"../../../Engine/Content/Internationalization/icudt64l/region/ff_Latn_CM.res" 1470
"../../../Engine/Content/Internationalization/icudt64l/lang/ff_GN.res" 1471
"../../../Engine/Content/Internationalization/icudt64l/lang/ff_Latn_GN.res" 1472
"../../../Engine/Content/Internationalization/icudt64l/region/ff_GN.res" 1473
"../../../Engine/Content/Internationalization/icudt64l/region/ff_Latn_GN.res" 1474
"../../../Engine/Content/Internationalization/icudt64l/lang/ff_MR.res" 1475
"../../../Engine/Content/Internationalization/icudt64l/lang/ff_Latn_MR.res" 1476
"../../../Engine/Content/Internationalization/icudt64l/region/ff_MR.res" 1477
"../../../Engine/Content/Internationalization/icudt64l/region/ff_Latn_MR.res" 1478
"../../../Engine/Content/Internationalization/icudt64l/lang/ff_SN.res" 1479
"../../../Engine/Content/Internationalization/icudt64l/lang/ff_Latn_SN.res" 1480
"../../../Engine/Content/Internationalization/icudt64l/region/ff_SN.res" 1481
"../../../Engine/Content/Internationalization/icudt64l/region/ff_Latn_SN.res" 1482
"../../../Engine/Content/Internationalization/icudt64l/lang/fi.res" 1483
"../../../Engine/Content/Internationalization/icudt64l/region/fi.res" 1484
"../../../Engine/Content/Internationalization/icudt64l/lang/fil.res" 1485
"../../../Engine/Content/Internationalization/icudt64l/lang/fil_PH.res" 1486
"../../../Engine/Content/Internationalization/icudt64l/region/fil_PH.res" 1487
"../../../Engine/Content/Internationalization/icudt64l/region/fil.res" 1488
"../../../Engine/Content/Internationalization/icudt64l/lang/fo.res" 1489
"../../../Engine/Content/Internationalization/icudt64l/region/fo.res" 1490
"../../../Engine/Content/Internationalization/icudt64l/lang/fr.res" 1491
"../../../Engine/Content/Internationalization/icudt64l/lang/fr_BE.res" 1492
"../../../Engine/Content/Internationalization/icudt64l/region/fr_BE.res" 1493
"../../../Engine/Content/Internationalization/icudt64l/region/fr.res" 1494
"../../../Engine/Content/Internationalization/icudt64l/lang/fr_CA.res" 1495
"../../../Engine/Content/Internationalization/icudt64l/region/fr_CA.res" 1496
"../../../Engine/Content/Internationalization/icudt64l/lang/fr_CH.res" 1497
"../../../Engine/Content/Internationalization/icudt64l/lang/fur.res" 1498
"../../../Engine/Content/Internationalization/icudt64l/region/fur.res" 1499
"../../../Engine/Content/Internationalization/icudt64l/lang/fy.res" 1500
"../../../Engine/Content/Internationalization/icudt64l/region/fy.res" 1501
"../../../Engine/Content/Internationalization/icudt64l/lang/ga.res" 1502
"../../../Engine/Content/Internationalization/icudt64l/region/ga.res" 1503
"../../../Engine/Content/Internationalization/icudt64l/lang/gd.res" 1504
"../../../Engine/Content/Internationalization/icudt64l/region/gd.res" 1505
"../../../Engine/Content/Internationalization/icudt64l/lang/gl.res" 1506
"../../../Engine/Content/Internationalization/icudt64l/region/gl.res" 1507
"../../../Engine/Content/Internationalization/icudt64l/lang/gsw.res" 1508
"../../../Engine/Content/Internationalization/icudt64l/region/gsw.res" 1509
"../../../Engine/Content/Internationalization/icudt64l/lang/gu.res" 1510
"../../../Engine/Content/Internationalization/icudt64l/region/gu.res" 1511
"../../../Engine/Content/Internationalization/icudt64l/lang/guz.res" 1512
"../../../Engine/Content/Internationalization/icudt64l/region/guz.res" 1513
"../../../Engine/Content/Internationalization/icudt64l/lang/gv.res" 1514
"../../../Engine/Content/Internationalization/icudt64l/region/gv.res" 1515
"../../../Engine/Content/Internationalization/icudt64l/lang/ha.res" 1516
"../../../Engine/Content/Internationalization/icudt64l/region/ha.res" 1517
"../../../Engine/Content/Internationalization/icudt64l/lang/ha_NE.res" 1518
"../../../Engine/Content/Internationalization/icudt64l/region/ha_NE.res" 1519
"../../../Engine/Content/Internationalization/icudt64l/lang/haw.res" 1520
"../../../Engine/Content/Internationalization/icudt64l/region/haw.res" 1521
"../../../Engine/Content/Internationalization/icudt64l/lang/he.res" 1522
"../../../Engine/Content/Internationalization/icudt64l/lang/he_IL.res" 1523
"../../../Engine/Content/Internationalization/icudt64l/region/he_IL.res" 1524
"../../../Engine/Content/Internationalization/icudt64l/region/he.res" 1525
"../../../Engine/Content/Internationalization/icudt64l/lang/hi.res" 1526
"../../../Engine/Content/Internationalization/icudt64l/region/hi.res" 1527
"../../../Engine/Content/Internationalization/icudt64l/lang/hr.res" 1528
"../../../Engine/Content/Internationalization/icudt64l/region/hr.res" 1529
"../../../Engine/Content/Internationalization/icudt64l/lang/hsb.res" 1530
"../../../Engine/Content/Internationalization/icudt64l/region/hsb.res" 1531
"../../../Engine/Content/Internationalization/icudt64l/lang/hu.res" 1532
"../../../Engine/Content/Internationalization/icudt64l/region/hu.res" 1533
"../../../Engine/Content/Internationalization/icudt64l/lang/hy.res" 1534
"../../../Engine/Content/Internationalization/icudt64l/region/hy.res" 1535
"../../../Engine/Content/Internationalization/icudt64l/lang/ia.res" 1536
"../../../Engine/Content/Internationalization/icudt64l/region/ia.res" 1537
"../../../Engine/Content/Internationalization/icudt64l/lang/id.res" 1538
"../../../Engine/Content/Internationalization/icudt64l/lang/id_ID.res" 1539
"../../../Engine/Content/Internationalization/icudt64l/region/id_ID.res" 1540
"../../../Engine/Content/Internationalization/icudt64l/region/id.res" 1541
"../../../Engine/Content/Internationalization/icudt64l/lang/ig.res" 1542
"../../../Engine/Content/Internationalization/icudt64l/region/ig.res" 1543
"../../../Engine/Content/Internationalization/icudt64l/lang/ii.res" 1544
"../../../Engine/Content/Internationalization/icudt64l/region/ii.res" 1545
"../../../Engine/Content/Internationalization/icudt64l/lang/is.res" 1546
"../../../Engine/Content/Internationalization/icudt64l/region/is.res" 1547
"../../../Engine/Content/Internationalization/icudt64l/lang/it.res" 1548
"../../../Engine/Content/Internationalization/icudt64l/region/it.res" 1549
"../../../Engine/Content/Internationalization/icudt64l/lang/ja.res" 1550
"../../../Engine/Content/Internationalization/icudt64l/lang/ja_JP.res" 1551
"../../../Engine/Content/Internationalization/icudt64l/region/ja_JP.res" 1552
"../../../Engine/Content/Internationalization/icudt64l/region/ja.res" 1553
"../../../Engine/Content/Internationalization/icudt64l/lang/jgo.res" 1554
"../../../Engine/Content/Internationalization/icudt64l/region/jgo.res" 1555
"../../../Engine/Content/Internationalization/icudt64l/lang/jmc.res" 1556
"../../../Engine/Content/Internationalization/icudt64l/region/jmc.res" 1557
"../../../Engine/Content/Internationalization/icudt64l/lang/jv.res" 1558
"../../../Engine/Content/Internationalization/icudt64l/region/jv.res" 1559
"../../../Engine/Content/Internationalization/icudt64l/lang/ka.res" 1560
"../../../Engine/Content/Internationalization/icudt64l/region/ka.res" 1561
"../../../Engine/Content/Internationalization/icudt64l/lang/kab.res" 1562
"../../../Engine/Content/Internationalization/icudt64l/region/kab.res" 1563
"../../../Engine/Content/Internationalization/icudt64l/lang/kam.res" 1564
"../../../Engine/Content/Internationalization/icudt64l/region/kam.res" 1565
"../../../Engine/Content/Internationalization/icudt64l/lang/kde.res" 1566
"../../../Engine/Content/Internationalization/icudt64l/region/kde.res" 1567
"../../../Engine/Content/Internationalization/icudt64l/lang/kea.res" 1568
"../../../Engine/Content/Internationalization/icudt64l/region/kea.res" 1569
"../../../Engine/Content/Internationalization/icudt64l/lang/khq.res" 1570
"../../../Engine/Content/Internationalization/icudt64l/region/khq.res" 1571
"../../../Engine/Content/Internationalization/icudt64l/lang/ki.res" 1572
"../../../Engine/Content/Internationalization/icudt64l/region/ki.res" 1573
"../../../Engine/Content/Internationalization/icudt64l/lang/kk.res" 1574
"../../../Engine/Content/Internationalization/icudt64l/region/kk.res" 1575
"../../../Engine/Content/Internationalization/icudt64l/lang/kkj.res" 1576
"../../../Engine/Content/Internationalization/icudt64l/region/kkj.res" 1577
"../../../Engine/Content/Internationalization/icudt64l/lang/kl.res" 1578
"../../../Engine/Content/Internationalization/icudt64l/region/kl.res" 1579
"../../../Engine/Content/Internationalization/icudt64l/lang/kln.res" 1580
"../../../Engine/Content/Internationalization/icudt64l/region/kln.res" 1581
"../../../Engine/Content/Internationalization/icudt64l/lang/km.res" 1582
"../../../Engine/Content/Internationalization/icudt64l/region/km.res" 1583
"../../../Engine/Content/Internationalization/icudt64l/lang/kn.res" 1584
"../../../Engine/Content/Internationalization/icudt64l/region/kn.res" 1585
"../../../Engine/Content/Internationalization/icudt64l/lang/ko.res" 1586
"../../../Engine/Content/Internationalization/icudt64l/region/ko_KP.res" 1587
"../../../Engine/Content/Internationalization/icudt64l/region/ko.res" 1588
"../../../Engine/Content/Internationalization/icudt64l/lang/kok.res" 1589
"../../../Engine/Content/Internationalization/icudt64l/region/kok.res" 1590
"../../../Engine/Content/Internationalization/icudt64l/lang/ks.res" 1591
"../../../Engine/Content/Internationalization/icudt64l/region/ks.res" 1592
"../../../Engine/Content/Internationalization/icudt64l/lang/ksb.res" 1593
"../../../Engine/Content/Internationalization/icudt64l/region/ksb.res" 1594
"../../../Engine/Content/Internationalization/icudt64l/lang/ksf.res" 1595
"../../../Engine/Content/Internationalization/icudt64l/region/ksf.res" 1596
"../../../Engine/Content/Internationalization/icudt64l/lang/ksh.res" 1597
"../../../Engine/Content/Internationalization/icudt64l/region/ksh.res" 1598
"../../../Engine/Content/Internationalization/icudt64l/lang/ku.res" 1599
"../../../Engine/Content/Internationalization/icudt64l/region/ku.res" 1600
"../../../Engine/Content/Internationalization/icudt64l/lang/kw.res" 1601
"../../../Engine/Content/Internationalization/icudt64l/region/kw.res" 1602
"../../../Engine/Content/Internationalization/icudt64l/lang/ky.res" 1603
"../../../Engine/Content/Internationalization/icudt64l/region/ky.res" 1604
"../../../Engine/Content/Internationalization/icudt64l/lang/lag.res" 1605
"../../../Engine/Content/Internationalization/icudt64l/region/lag.res" 1606
"../../../Engine/Content/Internationalization/icudt64l/lang/lb.res" 1607
"../../../Engine/Content/Internationalization/icudt64l/region/lb.res" 1608
"../../../Engine/Content/Internationalization/icudt64l/lang/lg.res" 1609
"../../../Engine/Content/Internationalization/icudt64l/region/lg.res" 1610
"../../../Engine/Content/Internationalization/icudt64l/lang/lkt.res" 1611
"../../../Engine/Content/Internationalization/icudt64l/region/lkt.res" 1612
"../../../Engine/Content/Internationalization/icudt64l/lang/ln.res" 1613
"../../../Engine/Content/Internationalization/icudt64l/region/ln.res" 1614
"../../../Engine/Content/Internationalization/icudt64l/lang/lo.res" 1615
"../../../Engine/Content/Internationalization/icudt64l/region/lo.res" 1616
"../../../Engine/Content/Internationalization/icudt64l/lang/lrc.res" 1617
"../../../Engine/Content/Internationalization/icudt64l/region/lrc.res" 1618
"../../../Engine/Content/Internationalization/icudt64l/lang/lt.res" 1619
"../../../Engine/Content/Internationalization/icudt64l/region/lt.res" 1620
"../../../Engine/Content/Internationalization/icudt64l/lang/lu.res" 1621
"../../../Engine/Content/Internationalization/icudt64l/region/lu.res" 1622
"../../../Engine/Content/Internationalization/icudt64l/lang/luo.res" 1623
"../../../Engine/Content/Internationalization/icudt64l/region/luo.res" 1624
"../../../Engine/Content/Internationalization/icudt64l/lang/luy.res" 1625
"../../../Engine/Content/Internationalization/icudt64l/region/luy.res" 1626
"../../../Engine/Content/Internationalization/icudt64l/lang/lv.res" 1627
"../../../Engine/Content/Internationalization/icudt64l/region/lv.res" 1628
"../../../Engine/Content/Internationalization/icudt64l/lang/mas.res" 1629
"../../../Engine/Content/Internationalization/icudt64l/region/mas.res" 1630
"../../../Engine/Content/Internationalization/icudt64l/lang/mer.res" 1631
"../../../Engine/Content/Internationalization/icudt64l/region/mer.res" 1632
"../../../Engine/Content/Internationalization/icudt64l/lang/mfe.res" 1633
"../../../Engine/Content/Internationalization/icudt64l/region/mfe.res" 1634
"../../../Engine/Content/Internationalization/icudt64l/lang/mg.res" 1635
"../../../Engine/Content/Internationalization/icudt64l/region/mg.res" 1636
"../../../Engine/Content/Internationalization/icudt64l/lang/mgh.res" 1637
"../../../Engine/Content/Internationalization/icudt64l/region/mgh.res" 1638
"../../../Engine/Content/Internationalization/icudt64l/lang/mgo.res" 1639
"../../../Engine/Content/Internationalization/icudt64l/region/mgo.res" 1640
"../../../Engine/Content/Internationalization/icudt64l/lang/mi.res" 1641
"../../../Engine/Content/Internationalization/icudt64l/region/mi.res" 1642
"../../../Engine/Content/Internationalization/icudt64l/lang/mk.res" 1643
"../../../Engine/Content/Internationalization/icudt64l/region/mk.res" 1644
"../../../Engine/Content/Internationalization/icudt64l/lang/ml.res" 1645
"../../../Engine/Content/Internationalization/icudt64l/region/ml.res" 1646
"../../../Engine/Content/Internationalization/icudt64l/lang/mn.res" 1647
"../../../Engine/Content/Internationalization/icudt64l/region/mn.res" 1648
"../../../Engine/Content/Internationalization/icudt64l/lang/mr.res" 1649
"../../../Engine/Content/Internationalization/icudt64l/region/mr.res" 1650
"../../../Engine/Content/Internationalization/icudt64l/lang/ms.res" 1651
"../../../Engine/Content/Internationalization/icudt64l/region/ms.res" 1652
"../../../Engine/Content/Internationalization/icudt64l/lang/mt.res" 1653
"../../../Engine/Content/Internationalization/icudt64l/region/mt.res" 1654
"../../../Engine/Content/Internationalization/icudt64l/lang/mua.res" 1655
"../../../Engine/Content/Internationalization/icudt64l/region/mua.res" 1656
"../../../Engine/Content/Internationalization/icudt64l/lang/my.res" 1657
"../../../Engine/Content/Internationalization/icudt64l/region/my.res" 1658
"../../../Engine/Content/Internationalization/icudt64l/lang/mzn.res" 1659
"../../../Engine/Content/Internationalization/icudt64l/region/mzn.res" 1660
"../../../Engine/Content/Internationalization/icudt64l/lang/naq.res" 1661
"../../../Engine/Content/Internationalization/icudt64l/region/naq.res" 1662
"../../../Engine/Content/Internationalization/icudt64l/lang/nb.res" 1663
"../../../Engine/Content/Internationalization/icudt64l/lang/nb_NO.res" 1664
"../../../Engine/Content/Internationalization/icudt64l/region/nb_NO.res" 1665
"../../../Engine/Content/Internationalization/icudt64l/region/nb.res" 1666
"../../../Engine/Content/Internationalization/icudt64l/lang/nd.res" 1667
"../../../Engine/Content/Internationalization/icudt64l/region/nd.res" 1668
"../../../Engine/Content/Internationalization/icudt64l/lang/nds.res" 1669
"../../../Engine/Content/Internationalization/icudt64l/region/nds.res" 1670
"../../../Engine/Content/Internationalization/icudt64l/lang/ne.res" 1671
"../../../Engine/Content/Internationalization/icudt64l/region/ne.res" 1672
"../../../Engine/Content/Internationalization/icudt64l/lang/nl.res" 1673
"../../../Engine/Content/Internationalization/icudt64l/region/nl.res" 1674
"../../../Engine/Content/Internationalization/icudt64l/lang/nmg.res" 1675
"../../../Engine/Content/Internationalization/icudt64l/region/nmg.res" 1676
"../../../Engine/Content/Internationalization/icudt64l/lang/nn.res" 1677
"../../../Engine/Content/Internationalization/icudt64l/lang/nn_NO.res" 1678
"../../../Engine/Content/Internationalization/icudt64l/region/nn_NO.res" 1679
"../../../Engine/Content/Internationalization/icudt64l/region/nn.res" 1680
"../../../Engine/Content/Internationalization/icudt64l/lang/nnh.res" 1681
"../../../Engine/Content/Internationalization/icudt64l/region/nnh.res" 1682
"../../../Engine/Content/Internationalization/icudt64l/lang/nus.res" 1683
"../../../Engine/Content/Internationalization/icudt64l/region/nus.res" 1684
"../../../Engine/Content/Internationalization/icudt64l/lang/nyn.res" 1685
"../../../Engine/Content/Internationalization/icudt64l/region/nyn.res" 1686
"../../../Engine/Content/Internationalization/icudt64l/lang/om.res" 1687
"../../../Engine/Content/Internationalization/icudt64l/region/om.res" 1688
"../../../Engine/Content/Internationalization/icudt64l/lang/or.res" 1689
"../../../Engine/Content/Internationalization/icudt64l/region/or.res" 1690
"../../../Engine/Content/Internationalization/icudt64l/lang/os.res" 1691
"../../../Engine/Content/Internationalization/icudt64l/region/os.res" 1692
"../../../Engine/Content/Internationalization/icudt64l/lang/pa.res" 1693
"../../../Engine/Content/Internationalization/icudt64l/lang/pa_Arab.res" 1694
"../../../Engine/Content/Internationalization/icudt64l/lang/pa_PK.res" 1695
"../../../Engine/Content/Internationalization/icudt64l/lang/pa_Arab_PK.res" 1696
"../../../Engine/Content/Internationalization/icudt64l/region/pa_PK.res" 1697
"../../../Engine/Content/Internationalization/icudt64l/region/pa_Arab_PK.res" 1698
"../../../Engine/Content/Internationalization/icudt64l/region/pa_Arab.res" 1699
"../../../Engine/Content/Internationalization/icudt64l/lang/pa_Guru.res" 1700
"../../../Engine/Content/Internationalization/icudt64l/lang/pa_IN.res" 1701
"../../../Engine/Content/Internationalization/icudt64l/lang/pa_Guru_IN.res" 1702
"../../../Engine/Content/Internationalization/icudt64l/region/pa_IN.res" 1703
"../../../Engine/Content/Internationalization/icudt64l/region/pa_Guru_IN.res" 1704
"../../../Engine/Content/Internationalization/icudt64l/region/pa_Guru.res" 1705
"../../../Engine/Content/Internationalization/icudt64l/region/pa.res" 1706
"../../../Engine/Content/Internationalization/icudt64l/lang/pl.res" 1707
"../../../Engine/Content/Internationalization/icudt64l/region/pl.res" 1708
"../../../Engine/Content/Internationalization/icudt64l/lang/ps.res" 1709
"../../../Engine/Content/Internationalization/icudt64l/region/ps.res" 1710
"../../../Engine/Content/Internationalization/icudt64l/lang/ps_PK.res" 1711
"../../../Engine/Content/Internationalization/icudt64l/region/ps_PK.res" 1712
"../../../Engine/Content/Internationalization/icudt64l/lang/pt.res" 1713
"../../../Engine/Content/Internationalization/icudt64l/lang/pt_AO.res" 1714
"../../../Engine/Content/Internationalization/icudt64l/lang/pt_PT.res" 1715
"../../../Engine/Content/Internationalization/icudt64l/region/pt_AO.res" 1716
"../../../Engine/Content/Internationalization/icudt64l/region/pt_PT.res" 1717
"../../../Engine/Content/Internationalization/icudt64l/region/pt.res" 1718
"../../../Engine/Content/Internationalization/icudt64l/lang/pt_CH.res" 1719
"../../../Engine/Content/Internationalization/icudt64l/region/pt_CH.res" 1720
"../../../Engine/Content/Internationalization/icudt64l/lang/pt_CV.res" 1721
"../../../Engine/Content/Internationalization/icudt64l/region/pt_CV.res" 1722
"../../../Engine/Content/Internationalization/icudt64l/lang/pt_GQ.res" 1723
"../../../Engine/Content/Internationalization/icudt64l/region/pt_GQ.res" 1724
"../../../Engine/Content/Internationalization/icudt64l/lang/pt_GW.res" 1725
"../../../Engine/Content/Internationalization/icudt64l/region/pt_GW.res" 1726
"../../../Engine/Content/Internationalization/icudt64l/lang/pt_LU.res" 1727
"../../../Engine/Content/Internationalization/icudt64l/region/pt_LU.res" 1728
"../../../Engine/Content/Internationalization/icudt64l/lang/pt_MO.res" 1729
"../../../Engine/Content/Internationalization/icudt64l/region/pt_MO.res" 1730
"../../../Engine/Content/Internationalization/icudt64l/lang/pt_MZ.res" 1731
"../../../Engine/Content/Internationalization/icudt64l/region/pt_MZ.res" 1732
"../../../Engine/Content/Internationalization/icudt64l/lang/pt_ST.res" 1733
"../../../Engine/Content/Internationalization/icudt64l/region/pt_ST.res" 1734
"../../../Engine/Content/Internationalization/icudt64l/lang/pt_TL.res" 1735
"../../../Engine/Content/Internationalization/icudt64l/region/pt_TL.res" 1736
"../../../Engine/Content/Internationalization/icudt64l/lang/qu.res" 1737
"../../../Engine/Content/Internationalization/icudt64l/region/qu.res" 1738
"../../../Engine/Content/Internationalization/icudt64l/lang/rm.res" 1739
"../../../Engine/Content/Internationalization/icudt64l/region/rm.res" 1740
"../../../Engine/Content/Internationalization/icudt64l/lang/rn.res" 1741
"../../../Engine/Content/Internationalization/icudt64l/region/rn.res" 1742
"../../../Engine/Content/Internationalization/icudt64l/lang/ro.res" 1743
"../../../Engine/Content/Internationalization/icudt64l/lang/ro_MD.res" 1744
"../../../Engine/Content/Internationalization/icudt64l/region/ro_MD.res" 1745
"../../../Engine/Content/Internationalization/icudt64l/region/ro.res" 1746
"../../../Engine/Content/Internationalization/icudt64l/lang/rof.res" 1747
"../../../Engine/Content/Internationalization/icudt64l/region/rof.res" 1748
"../../../Engine/Content/Internationalization/icudt64l/lang/ru.res" 1749
"../../../Engine/Content/Internationalization/icudt64l/region/ru.res" 1750
"../../../Engine/Content/Internationalization/icudt64l/region/ru_UA.res" 1751
"../../../Engine/Content/Internationalization/icudt64l/lang/rw.res" 1752
"../../../Engine/Content/Internationalization/icudt64l/region/rw.res" 1753
"../../../Engine/Content/Internationalization/icudt64l/lang/rwk.res" 1754
"../../../Engine/Content/Internationalization/icudt64l/region/rwk.res" 1755
"../../../Engine/Content/Internationalization/icudt64l/lang/sah.res" 1756
"../../../Engine/Content/Internationalization/icudt64l/region/sah.res" 1757
"../../../Engine/Content/Internationalization/icudt64l/lang/saq.res" 1758
"../../../Engine/Content/Internationalization/icudt64l/region/saq.res" 1759
"../../../Engine/Content/Internationalization/icudt64l/lang/sbp.res" 1760
"../../../Engine/Content/Internationalization/icudt64l/region/sbp.res" 1761
"../../../Engine/Content/Internationalization/icudt64l/lang/sd.res" 1762
"../../../Engine/Content/Internationalization/icudt64l/region/sd.res" 1763
"../../../Engine/Content/Internationalization/icudt64l/lang/se.res" 1764
"../../../Engine/Content/Internationalization/icudt64l/lang/se_FI.res" 1765
"../../../Engine/Content/Internationalization/icudt64l/region/se_FI.res" 1766
"../../../Engine/Content/Internationalization/icudt64l/region/se.res" 1767
"../../../Engine/Content/Internationalization/icudt64l/lang/seh.res" 1768
"../../../Engine/Content/Internationalization/icudt64l/region/seh.res" 1769
"../../../Engine/Content/Internationalization/icudt64l/lang/ses.res" 1770
"../../../Engine/Content/Internationalization/icudt64l/region/ses.res" 1771
"../../../Engine/Content/Internationalization/icudt64l/lang/sg.res" 1772
"../../../Engine/Content/Internationalization/icudt64l/region/sg.res" 1773
"../../../Engine/Content/Internationalization/icudt64l/lang/shi.res" 1774
"../../../Engine/Content/Internationalization/icudt64l/lang/shi_Latn.res" 1775
"../../../Engine/Content/Internationalization/icudt64l/lang/shi_MA.res" 1776
"../../../Engine/Content/Internationalization/icudt64l/lang/shi_Tfng_MA.res" 1777
"../../../Engine/Content/Internationalization/icudt64l/lang/shi_Tfng.res" 1778
"../../../Engine/Content/Internationalization/icudt64l/region/shi_MA.res" 1779
"../../../Engine/Content/Internationalization/icudt64l/region/shi_Tfng_MA.res" 1780
"../../../Engine/Content/Internationalization/icudt64l/region/shi_Tfng.res" 1781
"../../../Engine/Content/Internationalization/icudt64l/region/shi.res" 1782
"../../../Engine/Content/Internationalization/icudt64l/region/shi_Latn.res" 1783
"../../../Engine/Content/Internationalization/icudt64l/lang/si.res" 1784
"../../../Engine/Content/Internationalization/icudt64l/region/si.res" 1785
"../../../Engine/Content/Internationalization/icudt64l/lang/sk.res" 1786
"../../../Engine/Content/Internationalization/icudt64l/region/sk.res" 1787
"../../../Engine/Content/Internationalization/icudt64l/lang/sl.res" 1788
"../../../Engine/Content/Internationalization/icudt64l/region/sl.res" 1789
"../../../Engine/Content/Internationalization/icudt64l/lang/smn.res" 1790
"../../../Engine/Content/Internationalization/icudt64l/region/smn.res" 1791
"../../../Engine/Content/Internationalization/icudt64l/lang/sn.res" 1792
"../../../Engine/Content/Internationalization/icudt64l/region/sn.res" 1793
"../../../Engine/Content/Internationalization/icudt64l/lang/so.res" 1794
"../../../Engine/Content/Internationalization/icudt64l/region/so.res" 1795
"../../../Engine/Content/Internationalization/icudt64l/lang/sq.res" 1796
"../../../Engine/Content/Internationalization/icudt64l/region/sq.res" 1797
"../../../Engine/Content/Internationalization/icudt64l/lang/sr.res" 1798
"../../../Engine/Content/Internationalization/icudt64l/lang/sr_Cyrl.res" 1799
"../../../Engine/Content/Internationalization/icudt64l/lang/sr_BA.res" 1800
"../../../Engine/Content/Internationalization/icudt64l/lang/sr_Cyrl_BA.res" 1801
"../../../Engine/Content/Internationalization/icudt64l/region/sr_BA.res" 1802
"../../../Engine/Content/Internationalization/icudt64l/region/sr_Cyrl_BA.res" 1803
"../../../Engine/Content/Internationalization/icudt64l/region/sr_Cyrl.res" 1804
"../../../Engine/Content/Internationalization/icudt64l/region/sr.res" 1805
"../../../Engine/Content/Internationalization/icudt64l/lang/sr_ME.res" 1806
"../../../Engine/Content/Internationalization/icudt64l/lang/sr_Latn_ME.res" 1807
"../../../Engine/Content/Internationalization/icudt64l/lang/sr_Latn.res" 1808
"../../../Engine/Content/Internationalization/icudt64l/region/sr_ME.res" 1809
"../../../Engine/Content/Internationalization/icudt64l/region/sr_Latn_ME.res" 1810
"../../../Engine/Content/Internationalization/icudt64l/region/sr_Latn.res" 1811
"../../../Engine/Content/Internationalization/icudt64l/lang/sr_Cyrl_ME.res" 1812
"../../../Engine/Content/Internationalization/icudt64l/region/sr_Cyrl_ME.res" 1813
"../../../Engine/Content/Internationalization/icudt64l/lang/sr_RS.res" 1814
"../../../Engine/Content/Internationalization/icudt64l/lang/sr_Cyrl_RS.res" 1815
"../../../Engine/Content/Internationalization/icudt64l/region/sr_RS.res" 1816
"../../../Engine/Content/Internationalization/icudt64l/region/sr_Cyrl_RS.res" 1817
"../../../Engine/Content/Internationalization/icudt64l/lang/sr_XK.res" 1818
"../../../Engine/Content/Internationalization/icudt64l/lang/sr_Cyrl_XK.res" 1819
"../../../Engine/Content/Internationalization/icudt64l/region/sr_XK.res" 1820
"../../../Engine/Content/Internationalization/icudt64l/region/sr_Cyrl_XK.res" 1821
"../../../Engine/Content/Internationalization/icudt64l/lang/sr_Latn_BA.res" 1822
"../../../Engine/Content/Internationalization/icudt64l/region/sr_Latn_BA.res" 1823
"../../../Engine/Content/Internationalization/icudt64l/lang/sr_Latn_RS.res" 1824
"../../../Engine/Content/Internationalization/icudt64l/region/sr_Latn_RS.res" 1825
"../../../Engine/Content/Internationalization/icudt64l/lang/sr_Latn_XK.res" 1826
"../../../Engine/Content/Internationalization/icudt64l/region/sr_Latn_XK.res" 1827
"../../../Engine/Content/Internationalization/icudt64l/lang/sv.res" 1828
"../../../Engine/Content/Internationalization/icudt64l/region/sv.res" 1829
"../../../Engine/Content/Internationalization/icudt64l/lang/sv_FI.res" 1830
"../../../Engine/Content/Internationalization/icudt64l/lang/sw.res" 1831
"../../../Engine/Content/Internationalization/icudt64l/lang/sw_CD.res" 1832
"../../../Engine/Content/Internationalization/icudt64l/region/sw_CD.res" 1833
"../../../Engine/Content/Internationalization/icudt64l/region/sw.res" 1834
"../../../Engine/Content/Internationalization/icudt64l/lang/sw_KE.res" 1835
"../../../Engine/Content/Internationalization/icudt64l/region/sw_KE.res" 1836
"../../../Engine/Content/Internationalization/icudt64l/lang/ta.res" 1837
"../../../Engine/Content/Internationalization/icudt64l/region/ta.res" 1838
"../../../Engine/Content/Internationalization/icudt64l/lang/te.res" 1839
"../../../Engine/Content/Internationalization/icudt64l/region/te.res" 1840
"../../../Engine/Content/Internationalization/icudt64l/lang/teo.res" 1841
"../../../Engine/Content/Internationalization/icudt64l/region/teo.res" 1842
"../../../Engine/Content/Internationalization/icudt64l/lang/tg.res" 1843
"../../../Engine/Content/Internationalization/icudt64l/region/tg.res" 1844
"../../../Engine/Content/Internationalization/icudt64l/lang/th.res" 1845
"../../../Engine/Content/Internationalization/icudt64l/lang/th_TH.res" 1846
"../../../Engine/Content/Internationalization/icudt64l/region/th_TH.res" 1847
"../../../Engine/Content/Internationalization/icudt64l/region/th.res" 1848
"../../../Engine/Content/Internationalization/icudt64l/lang/ti.res" 1849
"../../../Engine/Content/Internationalization/icudt64l/region/ti.res" 1850
"../../../Engine/Content/Internationalization/icudt64l/lang/tk.res" 1851
"../../../Engine/Content/Internationalization/icudt64l/region/tk.res" 1852
"../../../Engine/Content/Internationalization/icudt64l/lang/to.res" 1853
"../../../Engine/Content/Internationalization/icudt64l/region/to.res" 1854
"../../../Engine/Content/Internationalization/icudt64l/lang/tr.res" 1855
"../../../Engine/Content/Internationalization/icudt64l/region/tr.res" 1856
"../../../Engine/Content/Internationalization/icudt64l/lang/tt.res" 1857
"../../../Engine/Content/Internationalization/icudt64l/region/tt.res" 1858
"../../../Engine/Content/Internationalization/icudt64l/lang/twq.res" 1859
"../../../Engine/Content/Internationalization/icudt64l/region/twq.res" 1860
"../../../Engine/Content/Internationalization/icudt64l/lang/tzm.res" 1861
"../../../Engine/Content/Internationalization/icudt64l/region/tzm.res" 1862
"../../../Engine/Content/Internationalization/icudt64l/lang/ug.res" 1863
"../../../Engine/Content/Internationalization/icudt64l/region/ug.res" 1864
"../../../Engine/Content/Internationalization/icudt64l/lang/uk.res" 1865
"../../../Engine/Content/Internationalization/icudt64l/region/uk.res" 1866
"../../../Engine/Content/Internationalization/icudt64l/lang/ur.res" 1867
"../../../Engine/Content/Internationalization/icudt64l/lang/ur_IN.res" 1868
"../../../Engine/Content/Internationalization/icudt64l/region/ur_IN.res" 1869
"../../../Engine/Content/Internationalization/icudt64l/region/ur.res" 1870
"../../../Engine/Content/Internationalization/icudt64l/lang/uz.res" 1871
"../../../Engine/Content/Internationalization/icudt64l/lang/uz_Arab.res" 1872
"../../../Engine/Content/Internationalization/icudt64l/lang/uz_AF.res" 1873
"../../../Engine/Content/Internationalization/icudt64l/lang/uz_Arab_AF.res" 1874
"../../../Engine/Content/Internationalization/icudt64l/region/uz_AF.res" 1875
"../../../Engine/Content/Internationalization/icudt64l/region/uz_Arab_AF.res" 1876
"../../../Engine/Content/Internationalization/icudt64l/region/uz_Arab.res" 1877
"../../../Engine/Content/Internationalization/icudt64l/lang/uz_Cyrl.res" 1878
"../../../Engine/Content/Internationalization/icudt64l/lang/uz_UZ.res" 1879
"../../../Engine/Content/Internationalization/icudt64l/lang/uz_Latn_UZ.res" 1880
"../../../Engine/Content/Internationalization/icudt64l/lang/uz_Latn.res" 1881
"../../../Engine/Content/Internationalization/icudt64l/region/uz_UZ.res" 1882
"../../../Engine/Content/Internationalization/icudt64l/region/uz_Latn_UZ.res" 1883
"../../../Engine/Content/Internationalization/icudt64l/region/uz_Latn.res" 1884
"../../../Engine/Content/Internationalization/icudt64l/region/uz.res" 1885
"../../../Engine/Content/Internationalization/icudt64l/region/uz_Cyrl.res" 1886
"../../../Engine/Content/Internationalization/icudt64l/lang/vai.res" 1887
"../../../Engine/Content/Internationalization/icudt64l/lang/vai_Latn.res" 1888
"../../../Engine/Content/Internationalization/icudt64l/lang/vai_LR.res" 1889
"../../../Engine/Content/Internationalization/icudt64l/lang/vai_Vaii_LR.res" 1890
"../../../Engine/Content/Internationalization/icudt64l/lang/vai_Vaii.res" 1891
"../../../Engine/Content/Internationalization/icudt64l/region/vai_LR.res" 1892
"../../../Engine/Content/Internationalization/icudt64l/region/vai_Vaii_LR.res" 1893
"../../../Engine/Content/Internationalization/icudt64l/region/vai_Vaii.res" 1894
"../../../Engine/Content/Internationalization/icudt64l/region/vai.res" 1895
"../../../Engine/Content/Internationalization/icudt64l/region/vai_Latn.res" 1896
"../../../Engine/Content/Internationalization/icudt64l/lang/vi.res" 1897
"../../../Engine/Content/Internationalization/icudt64l/region/vi.res" 1898
"../../../Engine/Content/Internationalization/icudt64l/lang/vun.res" 1899
"../../../Engine/Content/Internationalization/icudt64l/region/vun.res" 1900
"../../../Engine/Content/Internationalization/icudt64l/lang/wae.res" 1901
"../../../Engine/Content/Internationalization/icudt64l/region/wae.res" 1902
"../../../Engine/Content/Internationalization/icudt64l/lang/wo.res" 1903
"../../../Engine/Content/Internationalization/icudt64l/region/wo.res" 1904
"../../../Engine/Content/Internationalization/icudt64l/lang/xh.res" 1905
"../../../Engine/Content/Internationalization/icudt64l/region/xh.res" 1906
"../../../Engine/Content/Internationalization/icudt64l/lang/xog.res" 1907
"../../../Engine/Content/Internationalization/icudt64l/region/xog.res" 1908
"../../../Engine/Content/Internationalization/icudt64l/lang/yav.res" 1909
"../../../Engine/Content/Internationalization/icudt64l/region/yav.res" 1910
"../../../Engine/Content/Internationalization/icudt64l/lang/yi.res" 1911
"../../../Engine/Content/Internationalization/icudt64l/region/yi.res" 1912
"../../../Engine/Content/Internationalization/icudt64l/lang/yo.res" 1913
"../../../Engine/Content/Internationalization/icudt64l/lang/yo_BJ.res" 1914
"../../../Engine/Content/Internationalization/icudt64l/region/yo_BJ.res" 1915
"../../../Engine/Content/Internationalization/icudt64l/region/yo.res" 1916
"../../../Engine/Content/Internationalization/icudt64l/lang/yue.res" 1917
"../../../Engine/Content/Internationalization/icudt64l/lang/yue_Hans.res" 1918
"../../../Engine/Content/Internationalization/icudt64l/lang/yue_CN.res" 1919
"../../../Engine/Content/Internationalization/icudt64l/lang/yue_Hans_CN.res" 1920
"../../../Engine/Content/Internationalization/icudt64l/region/yue_CN.res" 1921
"../../../Engine/Content/Internationalization/icudt64l/region/yue_Hans_CN.res" 1922
"../../../Engine/Content/Internationalization/icudt64l/region/yue_Hans.res" 1923
"../../../Engine/Content/Internationalization/icudt64l/lang/yue_Hant.res" 1924
"../../../Engine/Content/Internationalization/icudt64l/lang/yue_HK.res" 1925
"../../../Engine/Content/Internationalization/icudt64l/lang/yue_Hant_HK.res" 1926
"../../../Engine/Content/Internationalization/icudt64l/region/yue_HK.res" 1927
"../../../Engine/Content/Internationalization/icudt64l/region/yue_Hant_HK.res" 1928
"../../../Engine/Content/Internationalization/icudt64l/region/yue_Hant.res" 1929
"../../../Engine/Content/Internationalization/icudt64l/region/yue.res" 1930
"../../../Engine/Content/Internationalization/icudt64l/lang/zgh.res" 1931
"../../../Engine/Content/Internationalization/icudt64l/region/zgh.res" 1932
"../../../Engine/Content/Internationalization/icudt64l/lang/zh.res" 1933
"../../../Engine/Content/Internationalization/icudt64l/lang/zh_Hans.res" 1934
"../../../Engine/Content/Internationalization/icudt64l/lang/zh_CN.res" 1935
"../../../Engine/Content/Internationalization/icudt64l/lang/zh_Hans_CN.res" 1936
"../../../Engine/Content/Internationalization/icudt64l/region/zh_CN.res" 1937
"../../../Engine/Content/Internationalization/icudt64l/region/zh_Hans_CN.res" 1938
"../../../Engine/Content/Internationalization/icudt64l/region/zh_Hans.res" 1939
"../../../Engine/Content/Internationalization/icudt64l/region/zh.res" 1940
"../../../Engine/Content/Internationalization/icudt64l/lang/zh_HK.res" 1941
"../../../Engine/Content/Internationalization/icudt64l/lang/zh_Hant_HK.res" 1942
"../../../Engine/Content/Internationalization/icudt64l/lang/zh_Hant.res" 1943
"../../../Engine/Content/Internationalization/icudt64l/region/zh_HK.res" 1944
"../../../Engine/Content/Internationalization/icudt64l/region/zh_Hant_HK.res" 1945
"../../../Engine/Content/Internationalization/icudt64l/region/zh_Hant.res" 1946
"../../../Engine/Content/Internationalization/icudt64l/lang/zh_MO.res" 1947
"../../../Engine/Content/Internationalization/icudt64l/lang/zh_Hant_MO.res" 1948
"../../../Engine/Content/Internationalization/icudt64l/region/zh_MO.res" 1949
"../../../Engine/Content/Internationalization/icudt64l/region/zh_Hant_MO.res" 1950
"../../../Engine/Content/Internationalization/icudt64l/lang/zh_SG.res" 1951
"../../../Engine/Content/Internationalization/icudt64l/lang/zh_Hans_SG.res" 1952
"../../../Engine/Content/Internationalization/icudt64l/region/zh_SG.res" 1953
"../../../Engine/Content/Internationalization/icudt64l/region/zh_Hans_SG.res" 1954
"../../../Engine/Content/Internationalization/icudt64l/lang/zh_TW.res" 1955
"../../../Engine/Content/Internationalization/icudt64l/lang/zh_Hant_TW.res" 1956
"../../../Engine/Content/Internationalization/icudt64l/region/zh_TW.res" 1957
"../../../Engine/Content/Internationalization/icudt64l/region/zh_Hant_TW.res" 1958
"../../../Engine/Content/Internationalization/icudt64l/lang/zu.res" 1959
"../../../Engine/Content/Internationalization/icudt64l/region/zu.res" 1960
"../../../Engine/Content/Internationalization/icudt64l/lang/no.res" 1961
"../../../Engine/Content/Internationalization/icudt64l/lang/tl.res" 1962
"../../../Engine/Config/Android/DataDrivenPlatformInfo.ini" 1963
"../../../Engine/Config/IOS/DataDrivenPlatformInfo.ini" 1964
"../../../Engine/Config/Linux/DataDrivenPlatformInfo.ini" 1965
"../../../Engine/Config/Mac/DataDrivenPlatformInfo.ini" 1966
"../../../Engine/Config/TVOS/DataDrivenPlatformInfo.ini" 1967
"../../../Engine/Config/Unix/DataDrivenPlatformInfo.ini" 1968
"../../../Engine/Config/VulkanPC/DataDrivenPlatformInfo.ini" 1969
"../../../Engine/Config/Windows/DataDrivenPlatformInfo.ini" 1970
"../../../Engine/Platforms/VisionOS/Config/DataDrivenPlatformInfo.ini" 1971
"../../../Engine/DerivedDataCache/Compressed.ddp" 1972
"C:/Users/neo/AppData/Local/UnrealEngine/5.6/Saved/Zen/zen.version" 1973
"C:/Users/neo/AppData/Local/UnrealEngine/Common/Zen/Install/zen.version" 1974
"C:/Users/neo/AppData/Local/UnrealEngine/Common/Zen/Install/zenserver.runcontext" 1975
"C:/Users/neo/AppData/Local/UnrealEngine/Common/DerivedDataCache/TestData/0/TestData_4kb.dat" 1976
"C:/Users/neo/AppData/Local/UnrealEngine/Common/DerivedDataCache/TestData/1/TestData_4kb.dat" 1977
"C:/Users/neo/AppData/Local/UnrealEngine/Common/DerivedDataCache/TestData/0/TestData_8kb.dat" 1978
"C:/Users/neo/AppData/Local/UnrealEngine/Common/DerivedDataCache/TestData/1/TestData_8kb.dat" 1979
"C:/Users/neo/AppData/Local/UnrealEngine/Common/DerivedDataCache/TestData/0/TestData_16kb.dat" 1980
"C:/Users/neo/AppData/Local/UnrealEngine/Common/DerivedDataCache/TestData/1/TestData_16kb.dat" 1981
"C:/Users/neo/AppData/Local/UnrealEngine/Common/DerivedDataCache/TestData/0/TestData_64kb.dat" 1982
"C:/Users/neo/AppData/Local/UnrealEngine/Common/DerivedDataCache/TestData/1/TestData_64kb.dat" 1983
"C:/Users/neo/AppData/Local/UnrealEngine/Common/DerivedDataCache/TestData/0/TestData_128kb.dat" 1984
"C:/Users/neo/AppData/Local/UnrealEngine/Common/DerivedDataCache/TestData/1/TestData_128kb.dat" 1985
"C:/Users/neo/AppData/Local/UnrealEngine/Common/DerivedDataCache/TestData/0/TestData_256kb.dat" 1986
"C:/Users/neo/AppData/Local/UnrealEngine/Common/DerivedDataCache/TestData/1/TestData_256kb.dat" 1987
"C:/Users/neo/AppData/Roaming/Unreal Engine/UnrealBuildTool/BuildConfiguration.xml" 1988
"L:/GitHub/massey-unreal/NeoTeAikaSem1/Intermediate/ShaderAutogen/PCD3D_SM6/AutogenShaderHeaders.ush" 1989
"../../../Engine/Shaders/Private/HairStrands/HairStrandsVertexFactory.ush" 1990
"../../../Engine/Shaders/Private/VertexFactoryCommon.ush" 1991
"../../../Engine/Shaders/Private/Common.ush" 1992
"../../../Engine/Shaders/Public/Platform.ush" 1993
"../../../Engine/Shaders/Public/FP16Math.ush" 1994
"../../../Engine/Shaders/Public/Platform/D3D/D3DCommon.ush" 1995
"../../../Engine/Shaders/Shared/HLSLReservedSpaces.h" 1996
"../../../Engine/Shaders/Public/BindlessResources.ush" 1997
"../../../Engine/Shaders/Public/Platform/D3D/PlatformBindlessResources.ush" 1998
"../../../Engine/Shaders/Shared/RayTracingBuiltInResources.h" 1999
"../../../Engine/Shaders/Shared/RayTracingDefinitions.h" 2000
"../../../Engine/Shaders/Public/OverloadMacros.ush" 2001
"../../../Engine/Shaders/Public/ShaderVersion.ush" 2002
"../../../Engine/Shaders/Shared/ThirdParty/NVIDIA/nvHLSLExtns.h" 2003
"../../../Engine/Shaders/Shared/ThirdParty/NVIDIA/nvHLSLExtnsInternal.h" 2004
"../../../Engine/Shaders/Shared/ThirdParty/NVIDIA/nvShaderExtnEnums.h" 2005
"../../../Engine/Shaders/Private/PackUnpack.ush" 2006
"../../../Engine/Shaders/Private/GeneratedUniformBufferTypes.ush" 2007
"../../../Engine/Shaders/Private/Nanite/NanitePackedNaniteView.ush" 2008
"../../../Engine/Shaders/Private/HairStrands/HairStrandsVisibilityCommonStruct.ush" 2009
"../../../Engine/Shaders/Private/HairStrands/HairStrandsVoxelPageCommonStruct.ush" 2010
"../../../Engine/Shaders/Private/HairStrands/HairStrandsDeepShadowCommonStruct.ush" 2011
"../../../Engine/Shaders/Shared/LightSceneData.h" 2012
"../../../Engine/Shaders/Shared/HLSLTypeAliases.h" 2013
"../../../Engine/Shaders/Private/LargeWorldCoordinates.ush" 2014
"../../../Engine/Shaders/Private/DoubleFloat.ush" 2015
"../../../Engine/Shaders/Private/RandomPCG.ush" 2016
"../../../Engine/Shaders/Private/DoubleFloatOperations.ush" 2017
"../../../Engine/Shaders/Private/DoubleFloatVectorDefinition.ush" 2018
"../../../Engine/Shaders/Private/LWCOperations.ush" 2019
"../../../Engine/Shaders/Shared/LightViewData.h" 2020
"../../../Engine/Shaders/Shared/RayTracingTypes.h" 2021
"../../../Engine/Shaders/Shared/HLSLStaticAssert.h" 2022
"../../../Engine/Shaders/Private/CommonViewUniformBuffer.ush" 2023
"../../../Engine/Shaders/Private/InstancedStereo.ush" 2024
"../../../Engine/Shaders/Private/Definitions.usf" 2025
"../../../Engine/Shaders/Private/AssertionMacros.ush" 2026
"../../../Engine/Shaders/Private/FastMath.ush" 2027
"../../../Engine/Shaders/Private/FastMathThirdParty.ush" 2028
"../../../Engine/Shaders/Private/Random.ush" 2029
"../../../Engine/Shaders/Private/RandomInterleavedGradientNoise.ush" 2030
"../../../Engine/Shaders/Private/SceneData.ush" 2031
"../../../Engine/Shaders/Private/OctahedralCommon.ush" 2032
"../../../Engine/Shaders/Private/WaveOpUtil.ush" 2033
"../../../Engine/Shaders/Private/ByteBuffer.ush" 2034
"../../../Engine/Shaders/Shared/SceneDefinitions.h" 2035
"../../../Engine/Shaders/Private/SceneDataMobileLoader.ush" 2036
"../../../Engine/Shaders/Private/LocalVertexFactoryCommon.ush" 2037
"../../../Engine/Shaders/Private/HairStrands/HairStrandsVisibilityCommon.ush" 2038
"../../../Engine/Shaders/Shared/HairStrandsDefinitions.h" 2039
"../../../Engine/Shaders/Private/HairStrands/HairStrandsVertexFactoryCommon.ush" 2040
"../../../Engine/Shaders/Private/HairStrands/HairStrandsPack.ush" 2041
"../../../Engine/Shaders/Private/HairStrands/HairStrandsAttributeCommon.ush" 2042
"../../../Engine/Shaders/Private/HairStrands/HairStrandsAttributeTemplate.ush" 2043
"../../../Engine/Shaders/Private/VertexFactoryDefaultInterface.ush" 2044
"../../../Engine/Shaders/Private/HairStrands/HairCardsVertexFactory.ush" 2045
"../../../Engine/Shaders/Private/HairStrands/HairCardsAttributeCommon.ush" 2046
"../../../Engine/Shaders/Private/RayTracing/RayTracingCommon.ush" 2047
"../../../Engine/Shaders/Private/ShadingCommon.ush" 2048
"../../../Engine/Shaders/Shared/RayTracingPayloadType.h" 2049
"../../../Engine/Shaders/Private/RayTracing/RayTracingRayCone.ush" 2050
"../../../Engine/Shaders/Private/Substrate/Substrate.ush" 2051
"../../../Engine/Shaders/Private/ShadingEnergyConservation.ush" 2052
"../../../Engine/Shaders/Private/ShadingEnergyConservationTemplate.ush" 2053
"../../../Engine/Shaders/Private/BRDF.ush" 2054
"../../../Engine/Shaders/Private/ColorSpace.ush" 2055
"../../../Engine/Shaders/Private/DeferredShadingCommon.ush" 2056
"../../../Engine/Shaders/Private/LightAccumulator.ush" 2057
"../../../Engine/Shaders/Private/SceneTexturesCommon.ush" 2058
"../../../Engine/Shaders/Private/MonteCarlo.ush" 2059
"../../../Engine/Shaders/Private/GBufferHelpers.ush" 2060
"../../../Engine/Shaders/Private/SceneTextureParameters.ush" 2061
"../../../Engine/Shaders/Private/ParticipatingMediaCommon.ush" 2062
"../../../Engine/Shaders/Private/ThinFilmBSDF.ush" 2063
"../../../Engine/Shaders/Private/MortonCode.ush" 2064
"../../../Engine/Shaders/Private/SubsurfaceProfileCommon.ush" 2065
"../../../Engine/Shaders/Private/BurleyNormalizedSSSCommon.ush" 2066
"../../../Engine/Shaders/Private/GammaCorrectionCommon.ush" 2067
"../../../Engine/Shaders/Shared/SubstrateDefinitions.h" 2068
"../../../Engine/Shaders/Private/Substrate/SubstrateStatisticalOperators.ush" 2069
"../../../Engine/Shaders/Private/Substrate/SubstrateSubsurface.ush" 2070
"../../../Engine/Shaders/Private/TransmissionCommon.ush" 2071
"../../../Engine/Shaders/Private/Substrate/SubstrateExportCommon.ush" 2072
"../../../Engine/Shaders/Private/SpecularProfileCommon.ush" 2073
"../../../Engine/Shaders/Private/RayTracing/RayTracingCommonMetal.ush" 2074
"../../../Engine/Shaders/Private/PositionReconstructionCommon.ush" 2075
"../../../Engine/Shaders/Private/RayTracing/TraceRayInline.ush" 2076
"../../../Engine/Shaders/Private/RayTracing/TraceRayInlineCommon.ush" 2077
"../../../Engine/Shaders/Private/RayTracing/TraceRayInlineVulkan.ush" 2078
"../../../Engine/Shaders/Private/RayTracing/TraceRayInlineMetal.ush" 2079
"../../../Engine/Shaders/Private/RayTracing/TraceRayInlineD3D12.ush" 2080
"../../../Engine/Shaders/Private/RayTracing/RayTracingHitGroupCommon.ush" 2081
"../../../Engine/Shaders/Private/Nanite/NaniteRayTrace.ush" 2082
"../../../Engine/Shaders/Private/Nanite/NaniteDataDecode.ush" 2083
"../../../Engine/Shaders/Private/BitPacking.ush" 2084
"../../../Engine/Shaders/Private/BitStreamReaderImplementation.ush" 2085
"../../../Engine/Shaders/Private/BoneTransform.ush" 2086
"../../../Engine/Shaders/Private/Quaternion.ush" 2087
"../../../Engine/Shaders/Shared/NaniteDefinitions.h" 2088
"../../../Engine/Shaders/Shared/SkinningDefinitions.h" 2089
"../../../Engine/Shaders/Private/Nanite/NaniteAttributeDecode.ush" 2090
"../../../Engine/Shaders/Private/Barycentrics.ush" 2091
"../../../Engine/Shaders/Private/DualNumber.ush" 2092
"../../../Engine/Shaders/Shared/ThirdParty/RayTriangleIntersection.h" 2093
"../../../Engine/Shaders/Private/Nanite/NaniteVertexFetch.ush" 2094
"../../../Engine/Shaders/Private/Nanite/NaniteSceneCommon.ush" 2095
"../../../Engine/Plugins/FX/Niagara/Shaders/Private/NiagaraSpriteVertexFactory.ush" 2096
"../../../Engine/Shaders/Private/ParticleVertexFactoryCommon.ush" 2097
"../../../Engine/Plugins/FX/Niagara/Shaders/Private/NiagaraVFCommon.usf" 2098
"../../../Engine/Plugins/FX/Niagara/Shaders/Private/NiagaraVFParticleAccess.usf" 2099
"../../../Engine/Plugins/FX/Niagara/Shaders/Private/NiagaraParticleAccess.ush" 2100
"../../../Engine/Plugins/FX/Niagara/Shaders/Private/NiagaraRibbonVertexFactory.ush" 2101
"../../../Engine/Plugins/FX/Niagara/Shaders/Private/NiagaraMeshVertexFactory.ush" 2102
"../../../Engine/Plugins/FX/Niagara/Shaders/Private/NiagaraCommon.ush" 2103
"../../../Engine/Plugins/FX/Niagara/Shaders/Private/NiagaraMeshParticleUtils.ush" 2104
"../../../Engine/Shaders/Private/VectorFieldVisualizationVertexFactory.ush" 2105
"../../../Engine/Shaders/Private/Nanite/NaniteVertexFactory.ush" 2106
"../../../Engine/Shaders/Private/LightmapData.ush" 2107
"../../../Engine/Shaders/Private/SplineMeshCommon.ush" 2108
"../../../Engine/Shaders/Shared/SplineMeshShaderParams.h" 2109
"../../../Engine/Shaders/Private/ShaderPrint.ush" 2110
"../../../Engine/Shaders/Private/ShaderPrintCommon.ush" 2111
"../../../Engine/Shaders/Private/MiniFontCommon.ush" 2112
"../../../Engine/Shaders/Private/MaterialCache/MaterialCacheCommon.ush" 2113
"../../../Engine/Shaders/Shared/MaterialCacheDefinitions.h" 2114
"../../../Engine/Shaders/Private/Nanite/NaniteVertexDeformation.ush" 2115
"../../../Engine/Shaders/Private/ViewData.ush" 2116
"../../../Engine/Shaders/Shared/ViewDefinitions.h" 2117
"../../../Engine/Shaders/Private/Matrices.ush" 2118
"../../../Engine/Shaders/Private/ParticleSpriteVertexFactory.ush" 2119
"../../../Engine/Shaders/Private/ParticleGPUSpriteVertexFactory.ush" 2120
"../../../Engine/Shaders/Private/ParticleSimulationCommon.ush" 2121
"../../../Engine/Shaders/Private/ParticleBeamTrailVertexFactory.ush" 2122
"../../../Engine/Shaders/Private/MeshParticleVertexFactory.ush" 2123
"../../../Engine/Shaders/Private/LocalVertexFactory.ush" 2124
"../../../Engine/Shaders/Private/GpuSkinCommon.ush" 2125
"../../../Engine/Shaders/Private/GpuSkinVertexFactory.ush" 2126
"../../../Engine/Shaders/Private/GeometryCollectionVertexFactory.ush" 2127
"../../../Engine/Shaders/Private/GeometryCacheVertexFactory.ush" 2128
"../../../Engine/Shaders/Private/LandscapeVertexFactory.ush" 2129
"../../../Engine/Plugins/Experimental/Compositing/CompositeCore/Shaders/Private/CompositeCoreMerge.usf" 2130
"../../../Engine/Shaders/Private/ScreenPass.ush" 2131
"../../../Engine/Shaders/Private/LensDistortion.ush" 2132
"../../../Engine/Plugins/Experimental/Compositing/CompositeCore/Shaders/Private/CompositeCoreDisplayTransform.usf" 2133
"../../../Engine/Plugins/Experimental/Compositing/CompositeCore/Shaders/Private/CompositeCoreDilate.usf" 2134
"../../../Engine/Plugins/Enterprise/GLTFExporter/Shaders/Private/SimpleTexture2DPS.usf" 2135
"../../../Engine/Shaders/Private/SimpleElementNormalMapPixelShader.usf" 2136
"../../../Engine/Plugins/VirtualProduction/CameraCalibrationCore/Shaders/Private/CrosshairOverlay.usf" 2137
"../../../Engine/Plugins/VirtualProduction/CameraCalibrationCore/Shaders/Private/DisplacementMapBlending.usf" 2138
"../../../Engine/Plugins/VirtualProduction/CameraCalibrationCore/Shaders/Private/RecenterSTDisplacementMaps.usf" 2139
"../../../Engine/Plugins/VirtualProduction/CameraCalibrationCore/Shaders/Private/FillSTDisplacementMap.usf" 2140
"../../../Engine/Plugins/VirtualProduction/CameraCalibrationCore/Shaders/Private/InvertDisplacementMap.usf" 2141
"../../../Engine/Plugins/VirtualProduction/CameraCalibrationCore/Shaders/Private/CropDisplacementMap.usf" 2142
"../../../Engine/Plugins/VirtualProduction/CameraCalibrationCore/Shaders/Private/BlendDisplacementMaps.usf" 2143
"../../../Engine/Plugins/VirtualProduction/CameraCalibrationCore/Shaders/Private/DrawDisplacementMaps.usf" 2144
"../../../Engine/Plugins/VirtualProduction/CameraCalibrationCore/Shaders/Private/UndistortImagePoints.usf" 2145
"../../../Engine/Plugins/VirtualProduction/CameraCalibrationCore/Shaders/Private/DistortionSTMapProcessor.usf" 2146
"../../../Engine/Plugins/Runtime/HairStrands/Shaders/Private/NiagaraCopyVelocityGrid.usf" 2147
"../../../Engine/Plugins/Runtime/HairStrands/Shaders/Private/NiagaraClearVelocityGrid.usf" 2148
"../../../Engine/Plugins/Runtime/HairStrands/Shaders/Private/NiagaraClearPressureGrid.usf" 2149
"../../../Engine/Plugins/Runtime/HairStrands/Shaders/Private/NiagaraInterpolateGroomGuides.usf" 2150
"../../../Engine/Plugins/Runtime/HairStrands/Shaders/Private/NiagaraGroomInterpolationUtils.ush" 2151
"../../../Engine/Plugins/FX/Niagara/Shaders/Private/NiagaraQuaternionUtils.ush" 2152
"../../../Engine/Shaders/Private/HairStrands/HairStrandsMesh.usf" 2153
"../../../Engine/Shaders/Private/HairStrands/HairStrandsBindingCommon.ush" 2154
"../../../Engine/Shaders/Private/HairStrands/HairStrandsFollicleMask.usf" 2155
"../../../Engine/Shaders/Private/HairStrands/HairStrandsSkinUpdate.usf" 2156
"../../../Engine/Shaders/Private/HairStrands/HairStrandsClusterCulling.usf" 2157
"../../../Engine/Shaders/Private/ColorMap.ush" 2158
"../../../Engine/Shaders/Private/HairStrands/HairStrandsAABBCommon.ush" 2159
"../../../Engine/Shaders/Private/HairStrands/HairStrandsClusterCommon.ush" 2160
"../../../Engine/Shaders/Private/ThreadGroupPrefixSum.ush" 2161
"../../../Engine/Shaders/Private/HairStrands/HairStrandsRaytracingGeometry.usf" 2162
"../../../Engine/Shaders/Private/HairStrands/HairStrandsTangent.usf" 2163
"../../../Engine/Shaders/Private/HairStrands/HairCardsDeformation.usf" 2164
"../../../Engine/Shaders/Private/HairStrands/HairStrandsInterpolation.usf" 2165
"../../../Engine/Shaders/Private/HairStrands/HairStrandsGuideDeform.usf" 2166
"../../../Engine/Shaders/Private/HairStrands/HairStrandsTexturesGeneration.usf" 2167
"../../../Engine/Shaders/Private/HairStrands/HairCardsTextureCommon.ush" 2168
"../../../Engine/Shaders/Private/HairStrands/HairStrandsTranscode.usf" 2169
"../../../Engine/Shaders/Private/HairStrands/HairStrandsDebug.usf" 2170
"../../../Engine/Shaders/Private/HairShadingCommon.ush" 2171
"../../../Engine/Shaders/Private/PostProcessCommon.ush" 2172
"../../../Engine/Shaders/Private/ShadingModels.ush" 2173
"../../../Engine/Shaders/Private/CapsuleLight.ush" 2174
"../../../Engine/Shaders/Private/RectLight.ush" 2175
"../../../Engine/Shaders/Private/LightData.ush" 2176
"../../../Engine/Shaders/Shared/LightDefinitions.h" 2177
"../../../Engine/Shaders/Private/AreaLightCommon.ush" 2178
"../../../Engine/Shaders/Private/HairBsdf.ush" 2179
"../../../Engine/Shaders/Private/MobileGGX.ush" 2180
"../../../Engine/Shaders/Private/HairStrands/HairStrandsCommon.ush" 2181
"../../../Engine/Shaders/Private/HairStrands/HairStrandsEnvironmentLightingCommon.ush" 2182
"../../../Engine/Shaders/Private/HairStrands/HairStrandsDeepTransmittanceCommon.ush" 2183
"../../../Engine/Shaders/Private/HairStrands/HairStrandsDeepTransmittanceDualScattering.ush" 2184
"../../../Engine/Shaders/Private/HairStrands/HairStrandsDeepShadowCommon.ush" 2185
"../../../Engine/Shaders/Private/HairStrands/HairStrandsDebugCommonStruct.ush" 2186
"../../../Engine/Plugins/FX/Niagara/Shaders/Private/NiagaraVertexFactoryExport.usf" 2187
"../../../Engine/Shaders/Private/ComputeShaderUtils.ush" 2188
"../../../Engine/Shaders/Private/MaterialTemplate.ush" 2189
"../../../Engine/Shaders/Private/WorldSpaceMath.ush" 2190
"../../../Engine/Shaders/Private/EyeAdaptationCommon.ush" 2191
"../../../Engine/Shaders/Private/SobolRandom.ush" 2192
"../../../Engine/Shaders/Private/DepthOfFieldCommon.ush" 2193
"../../../Engine/Shaders/Private/CircleDOFCommon.ush" 2194
"../../../Engine/Shaders/Private/DistanceField/GlobalDistanceFieldShared.ush" 2195
"../../../Engine/Shaders/Private/PhysicsFieldSampler.ush" 2196
"../../../Engine/Shaders/Private/PhysicsFieldShared.ush" 2197
"../../../Engine/Shaders/Private/SparseVolumeTexture/SparseVolumeTextureCommon.ush" 2198
"../../../Engine/Shaders/Shared/EnvironmentComponentsFlags.h" 2199
"../../../Engine/Shaders/Private/MeshPaintTextureCommon.ush" 2200
"../../../Engine/Shaders/Private/VirtualTextureMaterial.ush" 2201
"../../../Engine/Shaders/Private/MaterialCache/MaterialCacheMaterialCommon.ush" 2202
"../../../Engine/Shaders/Private/MaterialCache/MaterialCacheABuffer.ush" 2203
"../../../Engine/Shaders/Private/SpeedTreeCommon.ush" 2204
"../../../Engine/Shaders/Private/VirtualTextureCommon.ush" 2205
"../../../Engine/Shaders/Private/MaterialTexture.ush" 2206
"../../../Engine/Shaders/Private/MinMaterialTexCoords.ush" 2207
"../../../Engine/Shaders/Private/SkyAtmosphereCommon.ush" 2208
"../../../Engine/Shaders/Private/SingleLayerWaterCommon.ush" 2209
"../../../Engine/Shaders/Private/TextureSampling.ush" 2210
"../../../Engine/Shaders/Private/PaniniProjection.ush" 2211
"../../../Engine/Shaders/Private/DBufferNormalReprojection.ush" 2212
"../../../Engine/Shaders/Public/SubstratePublic.ush" 2213
"../../../Engine/Shaders/Private/Substrate/SubstrateTree.ush" 2214
"../../../Engine/Shaders/Private/Substrate/SubstrateEvaluation.ush" 2215
"../../../Engine/Shaders/Private/Substrate/Glint/GlintThirdParty.ush" 2216
"../../../Engine/Shaders/Private/BlueNoise.ush" 2217
"../../../Engine/Shaders/Private/SHCommon.ush" 2218
"../../../Engine/Shaders/Private/ShadingModelsSampling.ush" 2219
"../../../Engine/Shaders/Private/HairStrands/HairBsdfSample.ush" 2220
"../../../Engine/Shaders/Private/Substrate/SubstrateLegacyConversion.ush" 2221
"../../../Engine/Shaders/Private/DBufferDecalShared.ush" 2222
"../../../Engine/Plugins/FX/Niagara/Shaders/Private/NiagaraSortKeyGen.usf" 2223
"../../../Engine/Plugins/FX/Niagara/Shaders/Private/NiagaraGPURayTracingTransforms.usf" 2224
"../../../Engine/Plugins/FX/Niagara/Shaders/Private/NiagaraDrawIndirectArgsGen.usf" 2225
"../../../Engine/Plugins/FX/Niagara/Shaders/Private/NiagaraDispatchIndirectArgsGen.usf" 2226
"../../../Engine/Plugins/FX/Niagara/Shaders/Private/Stateless/NiagaraStatelessSimulationDefault.usf" 2227
"../../../Engine/Plugins/FX/Niagara/Shaders/Private/Stateless/NiagaraStatelessSimulationTemplate.ush" 2228
"../../../Engine/Plugins/FX/Niagara/Shaders/Private/Stateless/NiagaraStatelessCommon.ush" 2229
"../../../Engine/Plugins/FX/Niagara/Shaders/Shared/NiagaraStatelessDefinitions.h" 2230
"../../../Engine/Plugins/FX/Niagara/Shaders/Shared/NiagaraStatelessBuiltDistribution.h" 2231
"../../../Engine/Plugins/FX/Niagara/Shaders/Private/Stateless/NiagaraStatelessDistribution.ush" 2232
"../../../Engine/Plugins/FX/Niagara/Shaders/Private/Stateless/Modules/NiagaraStatelessModule_CalculateAccurateVelocity.ush" 2233
"../../../Engine/Plugins/FX/Niagara/Shaders/Private/Stateless/Modules/NiagaraStatelessModule_CameraOffset.ush" 2234
"../../../Engine/Plugins/FX/Niagara/Shaders/Private/Stateless/Modules/NiagaraStatelessModule_DynamicMaterialParameters.ush" 2235
"../../../Engine/Plugins/FX/Niagara/Shaders/Private/Stateless/Modules/NiagaraStatelessModule_InitializeParticle.ush" 2236
"../../../Engine/Plugins/FX/Niagara/Shaders/Private/Stateless/Modules/NiagaraStatelessModule_InitialMeshOrientation.ush" 2237
"../../../Engine/Plugins/FX/Niagara/Shaders/Private/Stateless/Modules/NiagaraStatelessModule_MeshIndex.ush" 2238
"../../../Engine/Plugins/FX/Niagara/Shaders/Private/Stateless/Modules/NiagaraStatelessModule_MeshRotationRate.ush" 2239
"../../../Engine/Plugins/FX/Niagara/Shaders/Private/Stateless/Modules/NiagaraStatelessModule_RotateAroundPoint.ush" 2240
"../../../Engine/Plugins/FX/Niagara/Shaders/Private/Stateless/Modules/NiagaraStatelessModule_ShapeLocation.ush" 2241
"../../../Engine/Plugins/FX/Niagara/Shaders/Private/Stateless/Modules/NiagaraStatelessModule_ScaleColor.ush" 2242
"../../../Engine/Plugins/FX/Niagara/Shaders/Private/Stateless/Modules/NiagaraStatelessModule_ScaleRibbonWidth.ush" 2243
"../../../Engine/Plugins/FX/Niagara/Shaders/Private/Stateless/Modules/NiagaraStatelessModule_ScaleSpriteSize.ush" 2244
"../../../Engine/Plugins/FX/Niagara/Shaders/Private/Stateless/Modules/NiagaraStatelessModule_ScaleSpriteSizeBySpeed.ush" 2245
"../../../Engine/Plugins/FX/Niagara/Shaders/Private/Stateless/Modules/NiagaraStatelessModule_ScaleMeshSize.ush" 2246
"../../../Engine/Plugins/FX/Niagara/Shaders/Private/Stateless/Modules/NiagaraStatelessModule_ScaleMeshSizebySpeed.ush" 2247
"../../../Engine/Plugins/FX/Niagara/Shaders/Private/Stateless/Modules/NiagaraStatelessModule_SolveVelocitiesAndForces.ush" 2248
"../../../Engine/Plugins/FX/Niagara/Shaders/Private/Stateless/Modules/NiagaraStatelessModule_SpriteFacingAndAlignment.ush" 2249
"../../../Engine/Plugins/FX/Niagara/Shaders/Private/Stateless/Modules/NiagaraStatelessModule_SpriteRotationRate.ush" 2250
"../../../Engine/Plugins/FX/Niagara/Shaders/Private/Stateless/Modules/NiagaraStatelessModule_SubUVAnimation.ush" 2251
"../../../Engine/Plugins/FX/Niagara/Shaders/Private/NiagaraBlendSVTsToDenseBuffer.usf" 2252
"../../../Engine/Plugins/FX/Niagara/Shaders/Private/NiagaraSVTToDenseBuffer.usf" 2253
"../../../Engine/Plugins/FX/Niagara/Shaders/Private/NiagaraFillIntBuffer.usf" 2254
"../../../Engine/Plugins/FX/Niagara/Shaders/Private/NiagaraComputeFreeIDs.usf" 2255
"../../../Engine/Plugins/FX/Niagara/Shaders/Private/NiagaraInitFreeIDBuffer.usf" 2256
"../../../Engine/Plugins/FX/Niagara/Shaders/Private/NiagaraEmitterInstanceShader.usf" 2257
"../../../Engine/Plugins/FX/Niagara/Shaders/Private/NiagaraShaderVersion.ush" 2258
"../../../Engine/Plugins/FX/Niagara/Shaders/Private/NiagaraPhysicsCommon.ush" 2259
"../../../Engine/Plugins/FX/Niagara/Shaders/Private/Ribbons/NiagaraRibbonAggregationApply.usf" 2260
"../../../Engine/Plugins/FX/Niagara/Shaders/Private/Ribbons/NiagaraRibbonCommon.ush" 2261
"../../../Engine/Plugins/FX/Niagara/Shaders/Private/Ribbons/NiagaraRibbonAggregationStep.usf" 2262
"../../../Engine/Plugins/FX/Niagara/Shaders/Private/Ribbons/NiagaraRibbonGenerateIndices.usf" 2263
"../../../Engine/Plugins/FX/Niagara/Shaders/Private/Ribbons/NiagaraRibbonInitializeIndices.usf" 2264
"../../../Engine/Plugins/FX/Niagara/Shaders/Private/Ribbons/NiagaraRibbonRibbonUVParamCalculation.usf" 2265
"../../../Engine/Plugins/FX/Niagara/Shaders/Private/Ribbons/NiagaraRibbonVertexReductionFinalization.usf" 2266
"../../../Engine/Plugins/FX/Niagara/Shaders/Private/Ribbons/NiagaraRibbonVertexReductionInitialization.usf" 2267
"../../../Engine/Plugins/FX/Niagara/Shaders/Private/Ribbons/NiagaraRibbonSortParticles.usf" 2268
"../../../Engine/Plugins/FX/Niagara/Shaders/Private/NiagaraLWCHelper.usf" 2269
"../../../Engine/Plugins/FX/Niagara/Shaders/Private/NiagaraUpdateMeshGPUSceneInstances.usf" 2270
"../../../Engine/Shaders/Private/GPUScene/GPUSceneWriter.ush" 2271
"../../../Engine/Plugins/FX/Niagara/Shaders/Private/NiagaraGenerateMips.usf" 2272
"../../../Engine/Plugins/FX/Niagara/Shaders/Private/NiagaraDebugDraw.usf" 2273
"../../../Engine/Plugins/FX/Niagara/Shaders/Private/NiagaraDebugDraw.ush" 2274
"../../../Engine/Plugins/FX/Niagara/Shaders/Private/NiagaraVisualizeTexture.usf" 2275
"../../../Engine/Plugins/FX/Niagara/Shaders/Private/NiagaraClearCounts.usf" 2276
"../../../Engine/Plugins/FX/Niagara/Shaders/Private/NiagaraBatchedElements.usf" 2277
"../../../Engine/Plugins/FX/Niagara/Shaders/Private/NiagaraRayTracingShaders.usf" 2278
"../../../Engine/Plugins/FX/Niagara/Shaders/Private/NiagaraAsyncGpuTraceCommon.ush" 2279
"../../../Engine/Shaders/Private/HashTable.ush" 2280
"../../../Engine/Shaders/Private/Hash.ush" 2281
"../../../Engine/Shaders/Private/RayTracing/VFXTraceRay.ush" 2282
"../../../Engine/Plugins/FX/Niagara/Shaders/Private/NiagaraRayMarchingShaders.usf" 2283
"../../../Engine/Plugins/FX/Niagara/Shaders/Private/NiagaraRayTraceCollisionGroupShaders.usf" 2284
"../../../Engine/Plugins/FX/Niagara/Shaders/Private/NiagaraAsyncGpuTraceUtils.usf" 2285
"../../../Engine/Plugins/Runtime/ComputeFramework/Shaders/Private/ComputeKernel.usf" 2286
"../../../Engine/Plugins/Runtime/ComputeFramework/Shaders/Private/ComputeKernelCommon.ush" 2287
"../../../Engine/Plugins/Media/WmfMedia/Shaders/Private/MediaHardwareVideoDecoding.usf" 2288
"../../../Engine/Shaders/Private/ColorUtils.ush" 2289
"../../../Engine/Plugins/Media/ImgMedia/Shaders/Private/ExrSwizzler.usf" 2290
"../../../Engine/Plugins/NNE/NNEDenoiser/Shaders/NNEDenoiserShadersTransferFunctionOidn.usf" 2291
"../../../Engine/Plugins/NNE/NNEDenoiser/Shaders/NNEDenoiserShadersMappedCopy.usf" 2292
"../../../Engine/Plugins/NNE/NNEDenoiser/Shaders/NNEDenoiserShadersDefaultIOProcess.usf" 2293
"../../../Engine/Plugins/NNE/NNEDenoiser/Shaders/NNEDenoiserShadersAutoExposureReduceFinal.usf" 2294
"../../../Engine/Plugins/NNE/NNEDenoiser/Shaders/NNEDenoiserShadersAutoExposureReduce.usf" 2295
"../../../Engine/Plugins/NNE/NNEDenoiser/Shaders/NNEDenoiserShadersAutoExposureDownsample.usf" 2296
"../../../Engine/Plugins/Experimental/NFORDenoise/Shaders/NFORDenoise.usf" 2297
"../../../Engine/Plugins/Experimental/NFORDenoise/Shaders/NFORRegressionCommon.ush" 2298
"../../../Engine/Plugins/Experimental/NFORDenoise/Shaders/NFORRegression.ush" 2299
"../../../Engine/Shaders/Private/VirtualTextureAdapter.usf" 2300
"../../../Engine/Shaders/Private/BlockCompressionCommon.ush" 2301
"../../../Engine/Shaders/Private/BCCompressionCommon.ush" 2302
"../../../Engine/Shaders/Private/TranslucentLightingShaders.usf" 2303
"../../../Engine/Shaders/Private/CubemapCommon.ush" 2304
"../../../Engine/Shaders/Private/VectorFieldCompositeShaders.usf" 2305
"../../../Engine/Shaders/Private/UpdateTextureShaders.usf" 2306
"../../../Engine/Shaders/Private/StereoLayerShader.usf" 2307
"../../../Engine/Shaders/Private/SparseVolumeTexture/UpdateSparseVolumeTexture.usf" 2308
"../../../Engine/Shaders/Private/MorphTargets.usf" 2309
"../../../Engine/Shaders/Private/SimpleElementColorChannelMaskPixelShader.usf" 2310
"../../../Engine/Shaders/Private/SimpleElementHitProxyPixelShader.usf" 2311
"../../../Engine/Shaders/Private/SimpleElementPixelShader.usf" 2312
"../../../Engine/Shaders/Private/IESLightProfilesCommon.ush" 2313
"../../../Engine/Shaders/Private/SimpleElementVertexShader.usf" 2314
"../../../Engine/Shaders/Private/ScreenPixelShaderOES.usf" 2315
"../../../Engine/Shaders/Private/ScreenVertexShader.usf" 2316
"../../../Engine/Shaders/Private/ScreenPixelShader.usf" 2317
"../../../Engine/Shaders/Private/SSProfilePreIntegratedMobile.usf" 2318
"../../../Engine/Shaders/Private/SpecularProfile.usf" 2319
"../../../Engine/Shaders/Private/Nanite/NaniteStreaming.usf" 2320
"../../../Engine/Shaders/Private/Nanite/NaniteStreaming.ush" 2321
"../../../Engine/Shaders/Private/Nanite/NaniteTranscode.usf" 2322
"../../../Engine/Shaders/Private/VolumetricLightmapStreaming.usf" 2323
"../../../Engine/Shaders/Private/PhysicsFieldReset.usf" 2324
"../../../Engine/Shaders/Private/PhysicsFieldBuilder.usf" 2325
"../../../Engine/Shaders/Private/PhysicsFieldEval.ush" 2326
"../../../Engine/Shaders/Private/ParticleSortKeyGen.usf" 2327
"../../../Engine/Shaders/Private/ParticleBoundsShader.usf" 2328
"../../../Engine/Shaders/Private/ParticleSimVisualizeShader.usf" 2329
"../../../Engine/Shaders/Private/ParticleInjectionShader.usf" 2330
"../../../Engine/Shaders/Private/ParticleSimulationShader.usf" 2331
"../../../Engine/Shaders/Private/ParticleCurveInjectionShader.usf" 2332
"../../../Engine/Shaders/Private/CopyUIntBuffer.usf" 2333
"../../../Engine/Shaders/Private/RadixSortShaders.usf" 2334
"../../../Engine/Shaders/Private/RecomputeTangentsPerVertexPass.usf" 2335
"../../../Engine/Shaders/Private/RecomputeTangentsCommon.ush" 2336
"../../../Engine/Shaders/Private/RecomputeTangentsPerTrianglePass.usf" 2337
"../../../Engine/Shaders/Private/GpuSkinCacheComputeShader.usf" 2338
"../../../Engine/Shaders/Private/HeightFieldAtlasManagement.usf" 2339
"../../../Engine/Shaders/Private/Landscape/LandscapeEditLayersUtils.usf" 2340
"../../../Engine/Shaders/Private/Landscape/LandscapeCommon.ush" 2341
"../../../Engine/Shaders/Private/Landscape/LandscapeEditLayersWeightmaps.usf" 2342
"../../../Engine/Shaders/Private/Landscape/LandscapeEditLayersHeightmaps.usf" 2343
"../../../Engine/Shaders/Private/Landscape/LandscapeLayersWeightmapsPS.usf" 2344
"../../../Engine/Shaders/Private/Landscape/LandscapeLayersHeightmapsPS.usf" 2345
"../../../Engine/Shaders/Private/LandscapeLayersCS.usf" 2346
"../../../Engine/Shaders/Private/LandscapeLayersPS.usf" 2347
"../../../Engine/Shaders/Private/LandscapeLayersVS.usf" 2348
"../../../Engine/Shaders/Private/LandscapePhysicalMaterial.usf" 2349
"../../../Engine/Shaders/Private/LandscapeGrassWeight.usf" 2350
"../../../Engine/Shaders/Private/Landscape/LandscapeCulling.usf" 2351
"../../../Engine/Shaders/Private/Nanite/NaniteHZBCull.ush" 2352
"../../../Engine/Shaders/Private/HZB.ush" 2353
"../../../Engine/Shaders/Private/Landscape/LandscapeMergeTexturesPS.usf" 2354
"../../../Engine/Shaders/Private/WideCustomResolveShaders.usf" 2355
"../../../Engine/Shaders/Private/WideCustomResolve_Wide.ush" 2356
"../../../Engine/Shaders/Private/WideCustomResolve_Wider.ush" 2357
"../../../Engine/Shaders/Private/WideCustomResolve_Widest.ush" 2358
"../../../Engine/Shaders/Private/WaterInfoTextureBlur.usf" 2359
"../../../Engine/Shaders/Private/WaterInfoTextureMerge.usf" 2360
"../../../Engine/Shaders/Private/PageTableUpdate.usf" 2361
"../../../Engine/Shaders/Private/VirtualTextureCompress.usf" 2362
"../../../Engine/Shaders/Private/ASTCCompressionCommon.ush" 2363
"../../../Engine/Shaders/Private/IntegerSequenceEncoding.ush" 2364
"../../../Engine/Shaders/Private/ETCCompressionCommon.ush" 2365
"../../../Engine/Shaders/Private/VirtualTextureMaterial.usf" 2366
"../../../Engine/Shaders/Private/PixelShaderOutputCommon.ush" 2367
"../../../Engine/Shaders/Private/ShaderOutputCommon.ush" 2368
"../../../Engine/Shaders/Private/VolumetricRenderTarget.usf" 2369
"../../../Engine/Shaders/Private/HeightFogCommon.ush" 2370
"../../../Engine/Shaders/Private/LocalFogVolumes/LocalFogVolumeCommon.ush" 2371
"../../../Engine/Shaders/Private/ReflectionEnvironmentShared.ush" 2372
"../../../Engine/Shaders/Private/VolumetricFogVoxelization.usf" 2373
"../../../Engine/Shaders/Private/VolumetricCloudMaterialPixelCommon.ush" 2374
"../../../Engine/Shaders/Private/VolumetricFogLightFunction.usf" 2375
"../../../Engine/Shaders/Private/LightFunctionCommon.ush" 2376
"../../../Engine/Shaders/Private/VolumetricFog.usf" 2377
"../../../Engine/Shaders/Private/DeferredLightingCommon.ush" 2378
"../../../Engine/Shaders/Private/DynamicLightingCommon.ush" 2379
"../../../Engine/Shaders/Private/CapsuleLightIntegrate.ush" 2380
"../../../Engine/Shaders/Private/CapsuleLightSampling.ush" 2381
"../../../Engine/Shaders/Private/RectLightIntegrate.ush" 2382
"../../../Engine/Shaders/Private/ScreenSpaceShadowRayCast.ush" 2383
"../../../Engine/Shaders/Private/LightFunctionAtlas/LightFunctionAtlasCommon.usf" 2384
"../../../Engine/Shaders/Private/HeterogeneousVolumes/HeterogeneousVolumesAdaptiveVolumetricShadowMapSampling.ush" 2385
"../../../Engine/Shaders/Private/HeterogeneousVolumes/HeterogeneousVolumesAdaptiveVolumetricShadowMapUtils.ush" 2386
"../../../Engine/Shaders/Private/HeterogeneousVolumes/HeterogeneousVolumesRayMarchingUtils.ush" 2387
"../../../Engine/Shaders/Private/HeterogeneousVolumes/HeterogeneousVolumesRayMarchingTypes.ush" 2388
"../../../Engine/Shaders/Private/PathTracing/Utilities/PathTracingRandomSequence.ush" 2389
"../../../Engine/Shaders/Private/HeterogeneousVolumes/HeterogeneousVolumesTracingUtils.ush" 2390
"../../../Engine/Shaders/Private/VelocityCommon.ush" 2391
"../../../Engine/Shaders/Private/HeterogeneousVolumes/HeterogeneousVolumesTransmittanceVolumeUtils.ush" 2392
"../../../Engine/Shaders/Private/ForwardShadowingCommon.ush" 2393
"../../../Engine/Shaders/Private/ShadowFilteringCommon.ush" 2394
"../../../Engine/Shaders/Private/PixelQuadMessagePassing.ush" 2395
"../../../Engine/Shaders/Private/VolumeLightingCommon.ush" 2396
"../../../Engine/Shaders/Private/ShadowProjectionCommon.ush" 2397
"../../../Engine/Shaders/Private/VolumeLightingCommonSampling.ush" 2398
"../../../Engine/Shaders/Private/Lumen/LumenTranslucencyVolumeShared.ush" 2399
"../../../Engine/Shaders/Private/Lumen/LumenRadianceCacheInterpolation.ush" 2400
"../../../Engine/Shaders/Private/HeterogeneousVolumes/HeterogeneousVolumesAdaptiveVolumetricShadowMapSampler.ush" 2401
"../../../Engine/Shaders/Private/LightGridCommon.ush" 2402
"../../../Engine/Shaders/Private/DistanceFieldAOShared.ush" 2403
"../../../Engine/Shaders/Private/IntersectionUtils.ush" 2404
"../../../Engine/Shaders/Private/VolumetricLightmapShared.ush" 2405
"../../../Engine/Shaders/Private/LightDataUniforms.ush" 2406
"../../../Engine/Shaders/Private/VirtualShadowMaps/VirtualShadowMapProjectionCommon.ush" 2407
"../../../Engine/Shaders/Private/VirtualShadowMaps/VirtualShadowMapPageAccessCommon.ush" 2408
"../../../Engine/Shaders/Shared/VirtualShadowMapDefinitions.h" 2409
"../../../Engine/Shaders/Shared/HLSLMathAliases.h" 2410
"../../../Engine/Shaders/Private/VirtualShadowMaps/VirtualShadowMapProjectionStructs.ush" 2411
"../../../Engine/Shaders/Private/VolumetricCloudCommon.ush" 2412
"../../../Engine/Shaders/Private/VolumetricCloud.usf" 2413
"../../../Engine/Shaders/Private/VisualizeVolumetricLightmap.usf" 2414
"../../../Engine/Shaders/Private/VirtualShadowMaps/VirtualShadowMapProjectionComposite.usf" 2415
"../../../Engine/Shaders/Private/LightShaderParameters.ush" 2416
"../../../Engine/Shaders/Private/VirtualShadowMaps/VirtualShadowMapMaskBitsCommon.ush" 2417
"../../../Engine/Shaders/Private/VirtualShadowMaps/VirtualShadowMapLightGrid.ush" 2418
"../../../Engine/Shaders/Private/VirtualShadowMaps/VirtualShadowMapProjection.usf" 2419
"../../../Engine/Shaders/Private/Visualization.ush" 2420
"../../../Engine/Shaders/Private/VirtualShadowMaps/VirtualShadowMapProjectionFilter.ush" 2421
"../../../Engine/Shaders/Private/VirtualShadowMaps/VirtualShadowMapProjectionDirectional.ush" 2422
"../../../Engine/Shaders/Private/VirtualShadowMaps/VirtualShadowMapSMRTCommon.ush" 2423
"../../../Engine/Shaders/Private/VirtualShadowMaps/VirtualShadowMapSMRTTemplate.ush" 2424
"../../../Engine/Shaders/Private/VirtualShadowMaps/VirtualShadowMapProjectionSpot.ush" 2425
"../../../Engine/Shaders/Private/VirtualShadowMaps/VirtualShadowMapTransmissionCommon.ush" 2426
"../../../Engine/Shaders/Private/VirtualShadowMaps/VirtualShadowMapScreenRayTrace.ush" 2427
"../../../Engine/Shaders/Private/VirtualShadowMaps/VirtualShadowMapStats.ush" 2428
"../../../Engine/Shaders/Private/HairStrands/HairStrandsVoxelPageCommon.ush" 2429
"../../../Engine/Shaders/Private/HairStrands/HairStrandsVoxelPageTraversal.ush" 2430
"../../../Engine/Shaders/Private/VirtualShadowMaps/VirtualShadowMapCacheGPUInvalidation.usf" 2431
"../../../Engine/Shaders/Private/VirtualShadowMaps/VirtualShadowMapPageCacheCommon.ush" 2432
"../../../Engine/Shaders/Private/VirtualShadowMaps/VirtualShadowMapCacheInvalidation.ush" 2433
"../../../Engine/Shaders/Private/VirtualShadowMaps/VirtualShadowMapPageOverlap.ush" 2434
"../../../Engine/Shaders/Private/ScreenSpaceDenoise/SSDDefinitions.ush" 2435
"../../../Engine/Shaders/Private/InstanceCulling/InstanceCullingLoadBalancer.ush" 2436
"../../../Engine/Shaders/Private/VirtualShadowMaps/VirtualShadowMapCacheLoadBalancer.usf" 2437
"../../../Engine/Shaders/Private/VirtualShadowMaps/VirtualShadowMapCopyStats.usf" 2438
"../../../Engine/Shaders/Private/VirtualShadowMaps/VirtualShadowMapDebug.usf" 2439
"../../../Engine/Shaders/Private/VirtualShadowMaps/Desaturate.usf" 2440
"../../../Engine/Shaders/Private/VirtualShadowMaps/VirtualShadowMapPhysicalPageManagement.usf" 2441
"../../../Engine/Shaders/Private/ReductionCommon.ush" 2442
"../../../Engine/Shaders/Private/GPUMessaging.ush" 2443
"../../../Engine/Shaders/Private/VirtualShadowMaps/VirtualShadowMapPerPageDispatch.ush" 2444
"../../../Engine/Shaders/Private/VirtualShadowMaps/VirtualShadowMapCompactViews.usf" 2445
"../../../Engine/Shaders/Shared/SceneCullingDefinitions.h" 2446
"../../../Engine/Shaders/Private/VirtualShadowMaps/VirtualShadowMapBuildPerPageDrawCommands.usf" 2447
"../../../Engine/Shaders/Private/Nanite/NaniteCullingCommon.ush" 2448
"../../../Engine/Shaders/Private/Nanite/NaniteCulling.ush" 2449
"../../../Engine/Shaders/Private/Nanite/NaniteHierarchyTraversalCommon.ush" 2450
"../../../Engine/Shaders/Private/InstanceCulling/InstanceCullingCommon.ush" 2451
"../../../Engine/Shaders/Shared/InstanceCullingDefinitions.h" 2452
"../../../Engine/Shaders/Private/VirtualShadowMaps/VirtualShadowMapPrintStats.usf" 2453
"../../../Engine/Shaders/Private/VirtualShadowMaps/VirtualShadowMapPageManagement.usf" 2454
"../../../Engine/Shaders/Private/VirtualShadowMaps/VirtualShadowMapPageMarking.usf" 2455
"../../../Engine/Shaders/Shared/SingleLayerWaterDefinitions.h" 2456
"../../../Engine/Shaders/Private/HairStrands/HairStrandsTileCommon.ush" 2457
"../../../Engine/Shaders/Private/Froxel/Froxel.ush" 2458
"../../../Engine/Shaders/Shared/FroxelDefinitions.h" 2459
"../../../Engine/Shaders/Private/DiaphragmDOF/DOFCommon.ush" 2460
"../../../Engine/Shaders/Private/VariableRateShading/VRSShadingRatePreview.usf" 2461
"../../../Engine/Shaders/Private/VariableRateShading/VRSShadingRateCommon.ush" 2462
"../../../Engine/Shaders/Private/VariableRateShading/VRSShadingRateCombine.usf" 2463
"../../../Engine/Shaders/Private/VariableRateShading/VRSShadingRateFoveated.usf" 2464
"../../../Engine/Shaders/Private/VariableRateShading/VRSShadingRateReproject.usf" 2465
"../../../Engine/Shaders/Private/VariableRateShading/VRSShadingRateCalculate.usf" 2466
"../../../Engine/Shaders/Private/TranslucencyUpsampling.usf" 2467
"../../../Engine/Shaders/Private/ComposeSeparateTranslucency.usf" 2468
"../../../Engine/Shaders/Private/SeparateTranslucency.ush" 2469
"../../../Engine/Shaders/Private/TranslucentLightInjectionShaders.usf" 2470
"../../../Engine/Shaders/Private/TranslucentShadowDepthShaders.usf" 2471
"../../../Engine/Shaders/Private/ShadowDepthCommon.ush" 2472
"../../../Engine/Shaders/Private/RayTracing/RayTracingTest.usf" 2473
"../../../Engine/Shaders/Private/PostprocessSubsurfaceTile.usf" 2474
"../../../Engine/Shaders/Private/PostProcessSubsurfaceCommon.ush" 2475
"../../../Engine/Shaders/Private/Substrate/SubstrateVisualize.usf" 2476
"../../../Engine/Shaders/Private/Substrate/SubstrateTile.ush" 2477
"../../../Engine/Shaders/Shared/SubstrateVisualizeDefinitions.h" 2478
"../../../Engine/Shaders/Private/Substrate/SubstrateVisualizeCommon.ush" 2479
"../../../Engine/Shaders/Private/SkyLightingDiffuseShared.ush" 2480
"../../../Engine/Shaders/Private/SkyLightingShared.ush" 2481
"../../../Engine/Shaders/Private/ClearCoatCommon.ush" 2482
"../../../Engine/Shaders/Private/ReflectionEnvironmentComposite.ush" 2483
"../../../Engine/Shaders/Private/Substrate/SubstrateLightingCommon.ush" 2484
"../../../Engine/Shaders/Private/Substrate/SubstrateRoughRefraction.usf" 2485
"../../../Engine/Shaders/Private/PathTracing/Material/PathTracingFresnel.ush" 2486
"../../../Engine/Shaders/Private/PathTracing/Material/PathTracingGlossy.ush" 2487
"../../../Engine/Shaders/Private/Substrate/SubstrateMaterialSampling.usf" 2488
"../../../Engine/Shaders/Private/Substrate/SubstrateMaterialSampling.ush" 2489
"../../../Engine/Shaders/Private/Lumen/LumenPosition.ush" 2490
"../../../Engine/Shaders/Private/Substrate/SubstrateTile.usf" 2491
"../../../Engine/Shaders/Private/Substrate/SubstrateMaterialClassification.usf" 2492
"../../../Engine/Shaders/Private/Substrate/SubstrateDBuffer.usf" 2493
"../../../Engine/Shaders/Private/StochasticLighting/StochasticLightingDenoising.usf" 2494
"../../../Engine/Shaders/Private/Lumen/LumenMaterial.ush" 2495
"../../../Engine/Shaders/Private/StochasticLighting/StochasticLightingCommon.ush" 2496
"../../../Engine/Shaders/Private/SplineMeshSceneTexture.usf" 2497
"../../../Engine/Shaders/Private/SparseVolumeTexture/VisualizeSparseVolumeTexture.usf" 2498
"../../../Engine/Shaders/Private/SkyAtmosphere.usf" 2499
"../../../Engine/Shaders/Private/Skinning/SkinnedMeshDebug.usf" 2500
"../../../Engine/Shaders/Private/Skinning/AnimBankEval.usf" 2501
"../../../Engine/Shaders/Private/SingleLayerWaterComposite.usf" 2502
"../../../Engine/Shaders/Private/Froxel/FroxelBuild.ush" 2503
"../../../Engine/Shaders/Private/SingleLayerWaterRefractionCulling.usf" 2504
"../../../Engine/Shaders/Private/ScreenSpaceShadows.usf" 2505
"../../../Engine/Shaders/Private/bend_sss_gpu.ush" 2506
"../../../Engine/Shaders/Private/ShadowFactorsUpsampleCommon.ush" 2507
"../../../Engine/Shaders/Private/FirstPersonSelfShadow.usf" 2508
"../../../Engine/Shaders/Private/HZBTracing.ush" 2509
"../../../Engine/Shaders/Private/ShadowProjectionVertexShader.usf" 2510
"../../../Engine/Shaders/Private/ShadowProjectionPixelShader.usf" 2511
"../../../Engine/Shaders/Private/MobileLightingCommon.ush" 2512
"../../../Engine/Shaders/Private/PlanarReflectionShared.ush" 2513
"../../../Engine/Shaders/Private/MobileSSR.ush" 2514
"../../../Engine/Shaders/Private/SSRT/SSRTRayCast.ush" 2515
"../../../Engine/Shaders/Private/ShadowPercentageCloserFiltering.ush" 2516
"../../../Engine/Shaders/Private/TransmissionThickness.ush" 2517
"../../../Engine/Shaders/Private/CopyShadowMaps.usf" 2518
"../../../Engine/Shaders/Private/ShadowDepthPixelShader.usf" 2519
"../../../Engine/Shaders/Private/ShadowDepthVertexShader.usf" 2520
"../../../Engine/Shaders/Private/ShadingEnergyConservationTable.usf" 2521
"../../../Engine/Shaders/Shared/PathTracingDefinitions.h" 2522
"../../../Engine/Shaders/Private/ShadingFurnaceTest.usf" 2523
"../../../Engine/Shaders/Private/Substrate/SubstrateDeferredLighting.ush" 2524
"../../../Engine/Shaders/Private/ShaderPrintDraw.usf" 2525
"../../../Engine/Shaders/Private/ShaderPrintDrawPrimitive.usf" 2526
"../../../Engine/Shaders/Private/DefaultSSRTiles.usf" 2527
"../../../Engine/Shaders/Private/ScreenSpaceReflectionTileCommons.ush" 2528
"../../../Engine/Shaders/Private/SSRT/SSRTDiffuseIndirect.usf" 2529
"../../../Engine/Shaders/Private/SSRT/SSRTTileClassificationBuffer.ush" 2530
"../../../Engine/Shaders/Private/SSRT/SSRTReflections.usf" 2531
"../../../Engine/Shaders/Private/ScreenSpaceDenoise/SSDPublic.ush" 2532
"../../../Engine/Shaders/Private/SSRT/SSRTTileClassification.usf" 2533
"../../../Engine/Shaders/Private/SSRT/SSRTPrevFrameReduction.usf" 2534
"../../../Engine/Shaders/Private/ScreenSpaceDenoise/SSDComposeHarmonics.usf" 2535
"../../../Engine/Shaders/Private/ScreenSpaceDenoise/SSDPublicHarmonics.ush" 2536
"../../../Engine/Shaders/Private/ScreenSpaceDenoise/SSDSignalFramework.ush" 2537
"../../../Engine/Shaders/Private/ScreenSpaceDenoise/SSDCommon.ush" 2538
"../../../Engine/Shaders/Private/SphericalGaussian.ush" 2539
"../../../Engine/Shaders/Public/WaveBroadcastIntrinsics.ush" 2540
"../../../Engine/Shaders/Private/ScreenSpaceDenoise/SSDMetadata.ush" 2541
"../../../Engine/Shaders/Private/ScreenSpaceDenoise/SSDSignalCore.ush" 2542
"../../../Engine/Shaders/Private/ScreenSpaceDenoise/DenoisingCommon.ush" 2543
"../../../Engine/Shaders/Private/ScreenSpaceDenoise/SSDSignalArray.ush" 2544
"../../../Engine/Shaders/Private/ScreenSpaceDenoise/SSDSignalBufferEncoding.ush" 2545
"../../../Engine/Shaders/Private/ScreenSpaceDenoise/SSDPublicBufferEncoding.ush" 2546
"../../../Engine/Shaders/Private/Lumen/LumenBufferEncoding.ush" 2547
"../../../Engine/Shaders/Private/ScreenSpaceDenoise/SSDTemporalAccumulation.usf" 2548
"../../../Engine/Shaders/Private/ScreenSpaceDenoise/SSDSpatialKernel.ush" 2549
"../../../Engine/Shaders/Private/ScreenSpaceDenoise/SSDSignalAccumulatorArray.ush" 2550
"../../../Engine/Shaders/Private/ScreenSpaceDenoise/SSDSignalAccumulator.ush" 2551
"../../../Engine/Shaders/Private/ScreenSpaceDenoise/SSDSignalCompression.ush" 2552
"../../../Engine/Shaders/Private/ScreenSpaceDenoise/SSDSpatialAccumulation.usf" 2553
"../../../Engine/Shaders/Private/ScreenSpaceDenoise/SSDInjest.usf" 2554
"../../../Engine/Shaders/Private/ScreenSpaceDenoise/SSDCompressMetadata.usf" 2555
"../../../Engine/Shaders/Private/DownsampleDepthPixelShader.usf" 2556
"../../../Engine/Shaders/Private/ScreenPass.usf" 2557
"../../../Engine/Shaders/Private/HZB.usf" 2558
"../../../Engine/Shaders/Private/OcclusionFeedbackShaders.usf" 2559
"../../../Engine/Shaders/Private/HZBOcclusion.usf" 2560
"../../../Engine/Shaders/Private/OcclusionQueryPixelShader.usf" 2561
"../../../Engine/Shaders/Private/OcclusionQueryVertexShader.usf" 2562
"../../../Engine/Shaders/Private/HitProxyCopy.usf" 2563
"../../../Engine/Shaders/Private/HitProxyPixelShader.usf" 2564
"../../../Engine/Shaders/Private/HitProxyVertexShader.usf" 2565
"../../../Engine/Shaders/Private/SceneCulling/SceneCullingDebugRender.usf" 2566
"../../../Engine/Shaders/Private/SceneCulling/SceneCulling.ush" 2567
"../../../Engine/Shaders/Private/SceneCulling/SceneCullingBuildExplicitBounds.usf" 2568
"../../../Engine/Shaders/Private/SceneCapturePixelShader.usf" 2569
"../../../Engine/Shaders/Private/RendererUtils.usf" 2570
"../../../Engine/Shaders/Private/RTWriteMaskDecode.usf" 2571
"../../../Engine/Shaders/Private/ReflectionEnvironmentShaders.usf" 2572
"../../../Engine/Shaders/Private/RectLightAtlas.usf" 2573
"../../../Engine/Shaders/Private/RayTracing/TraceRayInlineStatistics.usf" 2574
"../../../Engine/Shaders/Private/RayTracing/CompositeSkyLightPS.usf" 2575
"../../../Engine/Shaders/Private/RayTracing/GenerateSkyLightVisibilityRaysCS.usf" 2576
"../../../Engine/Shaders/Private/RayTracing/RayTracingSkyLightCommon.ush" 2577
"../../../Engine/Shaders/Private/RayTracing/SkyLightVisibilityRaysData.ush" 2578
"../../../Engine/Shaders/Private/Raytracing/RaytracingSkylightRGS.usf" 2579
"../../../Engine/Shaders/Private/HairStrands/HairStrandsRaytracing.ush" 2580
"../../../Engine/Shaders/Private/Raytracing/RayTracingSkyLightEvaluation.ush" 2581
"../../../Engine/Shaders/Private/Raytracing/RayTracingDeferredShadingCommon.ush" 2582
"../../../Engine/Shaders/Private/RayTracing/RayTracingOcclusionRGS.usf" 2583
"../../../Engine/Shaders/Private/RayTracing/RayTracingDirectionalLight.ush" 2584
"../../../Engine/Shaders/Private/RayTracing/RayTracingRectLight.ush" 2585
"../../../Engine/Shaders/Private/RayTracing/RayTracingSphereLight.ush" 2586
"../../../Engine/Shaders/Private/RayTracing/RayTracingCapsuleLight.ush" 2587
"../../../Engine/Shaders/Private/Raytracing/RayTracingFeedback.usf" 2588
"../../../Engine/Shaders/Shared/RayTracingDebugTypes.h" 2589
"../../../Engine/Shaders/Private/RayTracing/RayTracingPrimaryRays.usf" 2590
"../../../Engine/Shaders/Private/RayTracing/RayTracingLightingCommon.ush" 2591
"../../../Engine/Shaders/Private/RayTracing/RayTracingLightCullingCommon.ush" 2592
"../../../Engine/Shaders/Private/RayTracing/RayTracingMaterialDefaultHitShaders.usf" 2593
"../../../Engine/Shaders/Private/RayTracing/RayTracingMaterialHitShaders.usf" 2594
"../../../Engine/Shaders/Private/RayTracing/RayTracingShaderUtils.ush" 2595
"../../../Engine/Shaders/Private/RayTracing/RayTracingCalcInterpolants.ush" 2596
"../../../Engine/Shaders/Private/LightmapCommon.ush" 2597
"../../../Engine/Shaders/Private/Lumen/LumenHardwareRayTracingPayloadCommon.ush" 2598
"../../../Engine/Shaders/Shared/LumenDefinitions.h" 2599
"../../../Engine/Shaders/Private/Substrate/SubstrateExport.ush" 2600
"../../../Engine/Shaders/Private/RayTracing/RayTracingLightingMS.usf" 2601
"../../../Engine/Shaders/Private/Lumen/LumenDiffuseColorBoost.ush" 2602
"../../../Engine/Shaders/Private/RayTracing/RayTracingLightFunctionCommon.ush" 2603
"../../../Engine/Shaders/Private/RayTracing/RayTracingBuildLightGrid.usf" 2604
"../../../Engine/Shaders/Private/Raytracing/RayTracingInstanceBufferUtil.usf" 2605
"../../../Engine/Shaders/Private/RayTracing/RayTracingDynamicMesh.usf" 2606
"../../../Engine/Shaders/Private/RayTracing/RayTracingDefaultDecalHitShader.usf" 2607
"../../../Engine/Shaders/Private/RayTracing/RayTracingDecalMaterialShader.usf" 2608
"../../../Engine/Shaders/Private/PathTracing/PathTracingShaderUtils.ush" 2609
"../../../Engine/Shaders/Private/PathTracing/PathTracingCommon.ush" 2610
"../../../Engine/Shaders/Private/PathTracing/Material/PathTracingMaterialCommon.ush" 2611
"../../../Engine/Shaders/Private/PathTracing/Utilities/PathTracingRIS.ush" 2612
"../../../Engine/Shaders/Private/RayTracing/RayTracingBuildDecalGrid.usf" 2613
"../../../Engine/Shaders/Private/RayTracing/RayTracingDebugHitStatsUtils.usf" 2614
"../../../Engine/Shaders/Private/RayTracing/RayTracingDebugInstanceOverlap.usf" 2615
"../../../Engine/Shaders/Private/RayTracing/RayTracingDebugPicking.usf" 2616
"../../../Engine/Shaders/Private/RayTracing/RayTracingDebugUtils.ush" 2617
"../../../Engine/Shaders/Private/RayTracing/RayTracingDebugTraversal.usf" 2618
"../../../Engine/Shaders/Private/RayTracing/RayTracingDeferredMaterials.ush" 2619
"../../../Engine/Shaders/Shared/ThirdParty/AMD/ags_shader_intrinsics_dx12.h" 2620
"../../../Engine/Shaders/Shared/RayTracingDebugDefinitions.h" 2621
"../../../Engine/Shaders/Private/RayTracing/RayTracingDebugHitStatsCHS.usf" 2622
"../../../Engine/Shaders/Private/RayTracing/RayTracingDebugHitStats.usf" 2623
"../../../Engine/Shaders/Private/RayTracing/RayTracingDebugMS.usf" 2624
"../../../Engine/Shaders/Private/RayTracing/RayTracingDebugCHS.usf" 2625
"../../../Engine/Shaders/Private/RayTracing/RayTracingDebug.usf" 2626
"../../../Engine/Shaders/Private/RayTracing/RayTracingBuiltInShaders.usf" 2627
"../../../Engine/Shaders/Private/RayTracing/RayTracingBarycentrics.usf" 2628
"../../../Engine/Shaders/Private/RayTracing/RayTracingAmbientOcclusionRGS.usf" 2629
"../../../Engine/Shaders/Private/VisualizeShadingModels.usf" 2630
"../../../Engine/Shaders/Private/MotionBlur/VisualizeMotionVectors.usf" 2631
"../../../Engine/Shaders/Private/TemporalSuperResolution/TSRVisualize.usf" 2632
"../../../Engine/Shaders/Private/TemporalSuperResolution/TSRColorSpace.ush" 2633
"../../../Engine/Shaders/Private/TemporalSuperResolution/TSRCommon.ush" 2634
"../../../Engine/Shaders/Public/DualPixelVectorization.ush" 2635
"../../../Engine/Shaders/Private/TemporalSuperResolution/TSRReprojectionField.ush" 2636
"../../../Engine/Shaders/Private/TemporalSuperResolution/TSRResolveHistory.usf" 2637
"../../../Engine/Shaders/Private/TemporalSuperResolution/TSRConvolutionNetwork.ush" 2638
"../../../Engine/Shaders/Private/TemporalSuperResolution/TSRKernels.ush" 2639
"../../../Engine/Shaders/Public/LaneVectorization.ush" 2640
"../../../Engine/Shaders/Private/TemporalSuperResolution/TSRUpdateHistory.usf" 2641
"../../../Engine/Shaders/Private/TemporalSuperResolution/TSRSpatialAntiAliasing.ush" 2642
"../../../Engine/Shaders/Private/TemporalSuperResolution/TSRSpatialAntiAliasing.usf" 2643
"../../../Engine/Shaders/Private/TemporalSuperResolution/TSRRejectShading.usf" 2644
"../../../Engine/Shaders/Private/TemporalSuperResolution/TSRShadingAnalysis.ush" 2645
"../../../Engine/Shaders/Private/TemporalSuperResolution/TSRConvolutionNetworkPass.ush" 2646
"../../../Engine/Shaders/Private/TemporalSuperResolution/TSRDecimateHistory.usf" 2647
"../../../Engine/Shaders/Private/TemporalSuperResolution/TSRDepthVelocityAnalysis.ush" 2648
"../../../Engine/Shaders/Private/TemporalSuperResolution/TSRClosestOccluder.ush" 2649
"../../../Engine/Shaders/Private/TemporalSuperResolution/TSRWeightRelaxation.usf" 2650
"../../../Engine/Shaders/Private/TemporalSuperResolution/TSRThinGeometryCommon.ush" 2651
"../../../Engine/Shaders/Private/TemporalSuperResolution/TSRDetectThinGeometry.usf" 2652
"../../../Engine/Shaders/Private/TemporalSuperResolution/TSRDilateVelocity.usf" 2653
"../../../Engine/Shaders/Private/MotionBlur/MotionBlurVelocityFlatten.ush" 2654
"../../../Engine/Shaders/Private/MotionBlur/MotionBlurCommon.ush" 2655
"../../../Engine/Shaders/Private/TemporalSuperResolution/TSRClearPrevTextures.usf" 2656
"../../../Engine/Shaders/Private/TemporalSuperResolution/TSRMeasureCoverage.usf" 2657
"../../../Engine/Shaders/Private/TemporalSuperResolution/TSRMeasureFlickeringLuma.usf" 2658
"../../../Engine/Shaders/Private/TemporalAA.usf" 2659
"../../../Engine/Shaders/Private/FilterPixelShader.usf" 2660
"../../../Engine/Shaders/Private/FilterVertexShader.usf" 2661
"../../../Engine/Shaders/Private/VisualizeVirtualTexture.usf" 2662
"../../../Engine/Shaders/Private/PostProcessVisualizeBuffer.usf" 2663
"../../../Engine/Shaders/Private/PostProcessVisualizeLocalExposure.usf" 2664
"../../../Engine/Shaders/Private/PostProcessHistogramCommon.ush" 2665
"../../../Engine/Shaders/Private/TonemapCommon.ush" 2666
"../../../Engine/Shaders/Private/ACES/ACESCommon.ush" 2667
"../../../Engine/Shaders/Private/ACES/ACESOutputTransform.ush" 2668
"../../../Engine/Shaders/Private/ACES/ACESUtilities.ush" 2669
"../../../Engine/Shaders/Private/ACES/ACESTonescale.ush" 2670
"../../../Engine/Shaders/Private/ACES/ACESDisplayEncoding.ush" 2671
"../../../Engine/Shaders/Private/ACES/ACES_v1.3.ush" 2672
"../../../Engine/Shaders/Private/PostProcessVisualizeLevelInstance.usf" 2673
"../../../Engine/Shaders/Private/PostProcessVisualizeHDR.usf" 2674
"../../../Engine/Shaders/Private/ShaderComplexityApplyPixelShader.usf" 2675
"../../../Engine/Shaders/Private/QuadOverdraw.ush" 2676
"../../../Engine/Shaders/Private/PostProcessUpscale.usf" 2677
"../../../Engine/Shaders/Private/PostProcessTonemap.usf" 2678
"../../../Engine/Shaders/Private/PostProcessing/FilmGrainPackConstants.usf" 2679
"../../../Engine/Shaders/Private/PostProcessing/FilmGrainReduce.usf" 2680
"../../../Engine/Shaders/Private/PostProcessTestImage.usf" 2681
"../../../Engine/Shaders/Private/PostProcessSubsurface.usf" 2682
"../../../Engine/Shaders/Private/SeparableSSS.ush" 2683
"../../../Engine/Shaders/Private/SubsurfaceBurleyNormalized.ush" 2684
"../../../Engine/Shaders/Private/PostProcessSelectionOutline.usf" 2685
"../../../Engine/Shaders/Private/MotionBlur/MotionBlurVisualize.usf" 2686
"../../../Engine/Shaders/Private/MotionBlur/MotionBlurApply.usf" 2687
"../../../Engine/Shaders/Private/MotionBlur/MotionBlurFilterTileClassify.usf" 2688
"../../../Engine/Shaders/Private/MotionBlur/MotionBlurTileScatter.usf" 2689
"../../../Engine/Shaders/Private/MotionBlur/MotionBlurTileGather.usf" 2690
"../../../Engine/Shaders/Private/MotionBlur/MotionBlurVelocityFlatten.usf" 2691
"../../../Engine/Shaders/Private/PostProcessMobile.usf" 2692
"../../../Engine/Shaders/Private/PostProcessMitchellNetravali.usf" 2693
"../../../Engine/Shaders/Private/PostProcessMaterialShaders.usf" 2694
"../../../Engine/Shaders/Private/NeuralPostProcessCommon.usf" 2695
"../../../Engine/Shaders/Private/PostProcessLocalExposure.usf" 2696
"../../../Engine/Shaders/Private/PostProcessLensFlares.usf" 2697
"../../../Engine/Shaders/Private/PostProcessGBufferHints.usf" 2698
"../../../Engine/Shaders/Private/PostProcessHMD.usf" 2699
"../../../Engine/Shaders/Private/Histogram.usf" 2700
"../../../Engine/Shaders/Private/PostProcessHistogramReduce.usf" 2701
"../../../Engine/Shaders/Private/PostProcessHistogram.usf" 2702
"../../../Engine/Shaders/Private/Bloom/BloomFinalizeApplyConstants.usf" 2703
"../../../Engine/Shaders/Private/Bloom/BloomCommon.ush" 2704
"../../../Engine/Shaders/Private/Bloom/BloomResizeKernel.usf" 2705
"../../../Engine/Shaders/Private/Bloom/BloomDownsampleKernel.usf" 2706
"../../../Engine/Shaders/Private/Bloom/BloomClampKernel.usf" 2707
"../../../Engine/Shaders/Private/Bloom/BloomPackKernelConstants.usf" 2708
"../../../Engine/Shaders/Private/Bloom/BloomSumScatterDispersionEnergy.usf" 2709
"../../../Engine/Shaders/Private/Bloom/BloomReduceKernelSurvey.usf" 2710
"../../../Engine/Shaders/Private/Bloom/BloomSurveyKernelCenterEnergy.usf" 2711
"../../../Engine/Shaders/Private/Bloom/BloomSurveyMaxScatterDispersion.usf" 2712
"../../../Engine/Shaders/Private/Bloom/BloomFindKernelCenter.usf" 2713
"../../../Engine/Shaders/Private/PostProcessEyeAdaptation.usf" 2714
"../../../Engine/Shaders/Private/TranslucencyVolumeCommon.ush" 2715
"../../../Engine/Shaders/Private/PostProcessEyeAdaptationUtils.usf" 2716
"../../../Engine/Shaders/Private/PostProcessDownsample.usf" 2717
"../../../Engine/Shaders/Private/PostProcessDOF.usf" 2718
"../../../Engine/Shaders/Private/PostProcessDeviceEncodingOnly.usf" 2719
"../../../Engine/Shaders/Private/PostProcessCompositePrimitives.usf" 2720
"../../../Engine/Shaders/Private/PostProcessCombineLUTs.usf" 2721
"../../../Engine/Shaders/Private/PostProcessVisualizeDOF.usf" 2722
"../../../Engine/Shaders/Private/PostProcessBloom.usf" 2723
"../../../Engine/Shaders/Private/PostProcessAmbientOcclusionMobile.usf" 2724
"../../../Engine/Shaders/Private/PostProcessAmbientOcclusionCommon.ush" 2725
"../../../Engine/Shaders/Private/FXAAShader.usf" 2726
"../../../Engine/Shaders/Private/Fxaa3_11.ush" 2727
"../../../Engine/Shaders/Private/PaniniProjection.usf" 2728
"../../../Engine/Shaders/Private/DiaphragmDOF/DOFRecombine.usf" 2729
"../../../Engine/Shaders/Private/DiaphragmDOF/DOFHybridScatterPixelShader.usf" 2730
"../../../Engine/Shaders/Private/DiaphragmDOF/DOFHybridScatterCommon.ush" 2731
"../../../Engine/Shaders/Private/DiaphragmDOF/DOFVignetteCommon.ush" 2732
"../../../Engine/Shaders/Private/DiaphragmDOF/DOFHybridScatterVertexShader.usf" 2733
"../../../Engine/Shaders/Private/DiaphragmDOF/DOFPostfiltering.usf" 2734
"../../../Engine/Shaders/Private/DiaphragmDOF/DOFGatherTileSuggest.ush" 2735
"../../../Engine/Shaders/Private/DiaphragmDOF/DOFCocTileCommon.ush" 2736
"../../../Engine/Shaders/Private/DiaphragmDOF/DOFGatherPass.usf" 2737
"../../../Engine/Shaders/Private/DiaphragmDOF/DOFGatherCommon.ush" 2738
"../../../Engine/Shaders/Private/DiaphragmDOF/DOFGatherAccumulator.ush" 2739
"../../../Engine/Shaders/Private/DiaphragmDOF/DOFGatherKernel.ush" 2740
"../../../Engine/Shaders/Private/DiaphragmDOF/DOFBokehLUT.usf" 2741
"../../../Engine/Shaders/Private/DiaphragmDOF/DOFHybridScatterCompilation.usf" 2742
"../../../Engine/Shaders/Private/DiaphragmDOF/DOFReduce.usf" 2743
"../../../Engine/Shaders/Private/DiaphragmDOF/DOFDownsample.ush" 2744
"../../../Engine/Shaders/Private/DiaphragmDOF/DOFHybridScatterCompilation.ush" 2745
"../../../Engine/Shaders/Private/DiaphragmDOF/DOFDownsample.usf" 2746
"../../../Engine/Shaders/Private/DiaphragmDOF/DOFCocTileDilate.usf" 2747
"../../../Engine/Shaders/Private/DiaphragmDOF/DOFCocTileFlatten.usf" 2748
"../../../Engine/Shaders/Private/DiaphragmDOF/DOFSetup.usf" 2749
"../../../Engine/Shaders/Private/Tools/DebugAlphaChannel.usf" 2750
"../../../Engine/Shaders/Private/PostProcessAlphaInvert.usf" 2751
"../../../Engine/Shaders/Private/PlanarReflectionShaders.usf" 2752
"../../../Engine/Shaders/Private/PhysicsFieldVisualizer.usf" 2753
"../../../Engine/Shaders/Private/PathTracing/PathTracingSpatialTemporalDenoising.usf" 2754
"../../../Engine/Shaders/Private/ColorDifference.ush" 2755
"../../../Engine/Shaders/Private/PathTracing/PathTracingCompositingPixelShader.usf" 2756
"../../../Engine/Shaders/Private/PathTracing/PathTracingAdaptiveUtils.ush" 2757
"../../../Engine/Shaders/Private/PathTracing/PathTracingDefaultHitShader.usf" 2758
"../../../Engine/Shaders/Private/PathTracing/PathTracingGPULightmassMaterialHitShader.usf" 2759
"../../../Engine/Shaders/Private/PathTracing/PathTracingMaterialHitShader.usf" 2760
"../../../Engine/Shaders/Private/PathTracing/Material/PathTracingSubstrateCommon.ush" 2761
"../../../Engine/Shaders/Private/PathTracing/PathTracingLightingMissShader.usf" 2762
"../../../Engine/Shaders/Private/PathTracing/PathTracingMissShader.usf" 2763
"../../../Engine/Shaders/Private/PathTracing/PathTracingAdaptiveStart.usf" 2764
"../../../Engine/Shaders/Private/PathTracing/PathTracingBuildAdaptiveError.usf" 2765
"../../../Engine/Shaders/Private/PathTracing/PathTracingVolumetricCloudMaterialShader.usf" 2766
"../../../Engine/Shaders/Private/PathTracing/Volume/PathTracingCloudsMaterialCommon.ush" 2767
"../../../Engine/Shaders/Private/PathTracing/Volume/PathTracingVolumeCommon.ush" 2768
"../../../Engine/Shaders/Private/PathTracing/Volume/PathTracingCloudsCommon.ush" 2769
"../../../Engine/Shaders/Private/PathTracing/Volume/PathTracingFog.ush" 2770
"../../../Engine/Shaders/Private/PathTracing/Volume/PathTracingAtmosphere.ush" 2771
"../../../Engine/Shaders/Private/PathTracing/Volume/PathTracingAtmosphereCommon.ush" 2772
"../../../Engine/Shaders/Private/PathTracing/Volume/PathTracingVolumeSampling.ush" 2773
"../../../Engine/Shaders/Private/PathTracing/PathTracingBuildCloudAccelerationMap.usf" 2774
"../../../Engine/Shaders/Private/PathTracing/PathTracingBuildAtmosphereLUT.usf" 2775
"../../../Engine/Shaders/Private/PathTracing/PathTracingSwizzleScanlines.usf" 2776
"../../../Engine/Shaders/Private/PathTracing/PathTracingInitExtinctionCoefficient.usf" 2777
"../../../Engine/Shaders/Private/PathTracing/PathTracingCopyDepth.usf" 2778
"../../../Engine/Shaders/Private/PathTracing/PathTracingDebug.usf" 2779
"../../../Engine/Shaders/Private/RayTracing/RayTracingDecalGrid.ush" 2780
"../../../Engine/Shaders/Private/PathTracing/Material/PathTracingMaterialSampling.ush" 2781
"../../../Engine/Shaders/Private/PathTracing/Material/PathTracingLambert.ush" 2782
"../../../Engine/Shaders/Private/PathTracing/Material/PathTracingSubstrate.ush" 2783
"../../../Engine/Shaders/Private/PathTracing/Material/PathTracingSubstrateFoliage.ush" 2784
"../../../Engine/Shaders/Private/PathTracing/Material/PathTracingSubstrateSolidGlass.ush" 2785
"../../../Engine/Shaders/Private/PathTracing/Material/PathTracingSubstrateThinGlass.ush" 2786
"../../../Engine/Shaders/Private/PathTracing/Material/PathTracingSolidGlass.ush" 2787
"../../../Engine/Shaders/Private/PathTracing/Material/PathTracingEnergyConservation.ush" 2788
"../../../Engine/Shaders/Private/PathTracing/Material/PathTracingThinGlass.ush" 2789
"../../../Engine/Shaders/Private/PathTracing/Material/PathTracingDefaultLit.ush" 2790
"../../../Engine/Shaders/Private/PathTracing/Material/PathTracingClearCoat.ush" 2791
"../../../Engine/Shaders/Private/PathTracing/Material/PathTracingTwoSidedFoliage.ush" 2792
"../../../Engine/Shaders/Private/PathTracing/Material/PathTracingCloth.ush" 2793
"../../../Engine/Shaders/Private/PathTracing/Material/PathTracingSubsurfaceProfile.ush" 2794
"../../../Engine/Shaders/Private/PathTracing/Material/PathTracingEye.ush" 2795
"../../../Engine/Shaders/Private/PathTracing/Material/PathTracingHair.ush" 2796
"../../../Engine/Shaders/Private/PathTracing/Material/PathTracingMedium.ush" 2797
"../../../Engine/Shaders/Private/PathTracing/Light/PathTracingLightSampling.ush" 2798
"../../../Engine/Shaders/Private/PathTracing/Light/PathTracingLightCommon.ush" 2799
"../../../Engine/Shaders/Private/PathTracing/Light/PathTracingDirectionalLight.ush" 2800
"../../../Engine/Shaders/Private/PathTracing/Light/PathTracingPointLight.ush" 2801
"../../../Engine/Shaders/Private/PathTracing/Light/PathTracingCapsuleLight.ush" 2802
"../../../Engine/Shaders/Private/PathTracing/Light/PathTracingRectLight.ush" 2803
"../../../Engine/Shaders/Private/PathTracing/Light/PathTracingSkyLight.ush" 2804
"../../../Engine/Shaders/Private/PathTracing/Light/PathTracingLightGrid.ush" 2805
"../../../Engine/Shaders/Private/PathTracing/PathTracing.usf" 2806
"../../../Engine/Shaders/Private/PathTracing/PathTracingCore.ush" 2807
"../../../Engine/Shaders/Private/HeterogeneousVolumes/HeterogeneousVolumesVoxelGridTypes.ush" 2808
"../../../Engine/Shaders/Private/PathTracing/Volume/PathTracingVolume.ush" 2809
"../../../Engine/Shaders/Private/PathTracing/Volume/PathTracingClouds.ush" 2810
"../../../Engine/Shaders/Private/PathTracing/Volume/PathTracingHeterogeneousVolumes.ush" 2811
"../../../Engine/Shaders/Private/HeterogeneousVolumes/HeterogeneousVolumesVoxelGridTraversal.ush" 2812
"../../../Engine/Shaders/Private/HeterogeneousVolumes/HeterogeneousVolumesVoxelGridUtils.ush" 2813
"../../../Engine/Shaders/Private/HeterogeneousVolumes/HeterogeneousVolumesFrustumVoxelGridUtils.ush" 2814
"../../../Engine/Shaders/Private/PathTracing/PathTracingBuildLightGrid.usf" 2815
"../../../Engine/Shaders/Private/PathTracing/PathTracingSkylightMISCompensation.usf" 2816
"../../../Engine/Shaders/Private/PathTracing/PathTracingSkylightPrepare.usf" 2817
"../../../Engine/Shaders/Private/OIT/OITSorting.usf" 2818
"../../../Engine/Shaders/Private/OITCombine.usf" 2819
"../../../Engine/Shaders/Private/OITCommon.ush" 2820
"../../../Engine/Shaders/Private/Nanite/Voxel/RasterizeBricks.usf" 2821
"../../../Engine/Shaders/Private/Nanite/Voxel/Brick.ush" 2822
"../../../Engine/Shaders/Private/Nanite/Voxel/Voxel.ush" 2823
"../../../Engine/Shaders/Private/Nanite/Voxel/ScatterBricks.usf" 2824
"../../../Engine/Shaders/Private/Nanite/Voxel/TileBricks.usf" 2825
"../../../Engine/Shaders/Private/Nanite/Voxel/AutoVoxel.usf" 2826
"../../../Engine/Shaders/Private/Nanite/NaniteDebugViews.usf" 2827
"../../../Engine/Shaders/Private/Nanite/NaniteEditorCommon.ush" 2828
"../../../Engine/Shaders/Private/BinarySearch.ush" 2829
"../../../Engine/Shaders/Private/Nanite/NaniteDepthDecode.usf" 2830
"../../../Engine/Shaders/Private/HTileEncoding.ush" 2831
"../../../Engine/Shaders/Private/Nanite/NaniteVisualize.usf" 2832
"../../../Engine/Shaders/Private/Nanite/NaniteStreamOut.usf" 2833
"../../../Engine/Shaders/Private/Nanite/NaniteHierarchyTraversal.ush" 2834
"../../../Engine/Shaders/Private/Nanite/NaniteSkinningUpdateViewData.usf" 2835
"../../../Engine/Shaders/Private/Skinning/TransformProviders.usf" 2836
"../../../Engine/Shaders/Private/Nanite/NaniteShadeBinning.usf" 2837
"../../../Engine/Shaders/Private/Nanite/NaniteShadeCommon.ush" 2838
"../../../Engine/Shaders/Private/Nanite/NaniteFastClear.usf" 2839
"../../../Engine/Shaders/Private/Nanite/NaniteExportGBuffer.usf" 2840
"../../../Engine/Shaders/Private/Nanite/NaniteClusterCulling.usf" 2841
"../../../Engine/Shaders/Private/Nanite/NanitePrintStats.usf" 2842
"../../../Engine/Shaders/Private/Nanite/NaniteRasterizer.usf" 2843
"../../../Engine/Shaders/Private/Nanite/NaniteRasterizationCommon.ush" 2844
"../../../Engine/Shaders/Private/Nanite/NaniteRasterizer.ush" 2845
"../../../Engine/Shaders/Private/Nanite/NaniteWritePixel.ush" 2846
"../../../Engine/Shaders/Private/Nanite/NaniteTessellation.ush" 2847
"../../../Engine/Shaders/Private/WorkDistribution.ush" 2848
"../../../Engine/Shaders/Private/Nanite/NaniteDice.ush" 2849
"../../../Engine/Shaders/Private/ShaderBundleWorkGraphCommon.ush" 2850
"../../../Engine/Shaders/Public/RootConstants.ush" 2851
"../../../Engine/Shaders/Public/Platform/D3D/D3DRootConstants.ush" 2852
"../../../Engine/Shaders/Private/Nanite/NaniteSplit.usf" 2853
"../../../Engine/Shaders/Private/Nanite/NaniteRasterBinning.usf" 2854
"../../../Engine/Shaders/Private/Nanite/NaniteInstanceCulling.usf" 2855
"../../../Engine/Shaders/Private/Nanite/NaniteImposter.ush" 2856
"../../../Engine/Shaders/Private/Nanite/NaniteInstanceHierarchyCulling.usf" 2857
"../../../Engine/Shaders/Private/WorkGroupLoadBalancer.ush" 2858
"../../../Engine/Shaders/Private/Nanite/NanitePrimitiveFilter.usf" 2859
"../../../Engine/Shaders/Private/Nanite/NaniteRasterClear.usf" 2860
"../../../Engine/Shaders/Private/Nanite/NaniteDepthExport.usf" 2861
"../../../Engine/Shaders/Private/Nanite/NaniteEmitShadow.usf" 2862
"../../../Engine/Shaders/Private/MobileDeferredUtils.usf" 2863
"../../../Engine/Shaders/Private/MobileLocalLightsBuffer.usf" 2864
"../../../Engine/Shaders/Private/MobileFog.usf" 2865
"../../../Engine/Shaders/Private/DistortApplyScreenPS.usf" 2866
"../../../Engine/Shaders/Private/MobileDeferredShading.usf" 2867
"../../../Engine/Shaders/Private/MobileBasePassPixelShader.usf" 2868
"../../../Engine/Shaders/Private/MobileBasePassCommon.ush" 2869
"../../../Engine/Shaders/Private/BasePassCommon.ush" 2870
"../../../Engine/Shaders/Private/ShadingModelsMaterial.ush" 2871
"../../../Engine/Shaders/Private/ThinTranslucentCommon.ush" 2872
"../../../Engine/Shaders/Private/SingleLayerWaterShading.ush" 2873
"../../../Engine/Shaders/Private/DistortionCommon.ush" 2874
"../../../Engine/Shaders/Private/Substrate/SubstrateMobileForwardLighting.ush" 2875
"../../../Engine/Shaders/Private/MobileBasePassVertexShader.usf" 2876
"../../../Engine/Shaders/Private/MeshEdges.usf" 2877
"../../../Engine/Shaders/Private/MegaLights/MegaLightsVSMTracing.usf" 2878
"../../../Engine/Shaders/Private/MegaLights/MegaLights.ush" 2879
"../../../Engine/Shaders/Shared/MegaLightsDefinitions.h" 2880
"../../../Engine/Shaders/Private/HairStrands/HairStrandsVisibilityUtils.ush" 2881
"../../../Engine/Shaders/Private/MegaLights/MegaLightsRayTracing.ush" 2882
"../../../Engine/Shaders/Private/MegaLights/MegaLightsRayTracing.usf" 2883
"../../../Engine/Shaders/Private/DistanceField/GlobalDistanceFieldUtils.ush" 2884
"../../../Engine/Shaders/Private/Lumen/LumenScreenTracing.ush" 2885
"../../../Engine/Shaders/Private/MegaLights/MegaLightsVolumeRayTracing.usf" 2886
"../../../Engine/Shaders/Private/MegaLights/MegaLightsVolume.ush" 2887
"../../../Engine/Shaders/Private/MegaLights/MegaLightsVolumeHardwareRayTracing.usf" 2888
"../../../Engine/Shaders/Private/Lumen/LumenHardwareRayTracingCommon.ush" 2889
"../../../Engine/Shaders/Private/RayTracing/RayTracingReflectionEnvironment.ush" 2890
"../../../Engine/Shaders/Private/Lumen/LumenHardwareRayTracingPlatformCommon.ush" 2891
"../../../Engine/Shaders/Private/Lumen/LumenReflectionsCombine.ush" 2892
"../../../Engine/Shaders/Private/Lumen/LumenTracingCommon.ush" 2893
"../../../Engine/Shaders/Private/Lumen/SurfaceCache/LumenSurfaceCacheSampling.ush" 2894
"../../../Engine/Shaders/Private/Lumen/SurfaceCache/LumenSurfaceCache.ush" 2895
"../../../Engine/Shaders/Private/Lumen/LumenCardCommon.ush" 2896
"../../../Engine/Shaders/Private/Lumen/LumenCardTileShadowDownsampleFactor.ush" 2897
"../../../Engine/Shaders/Private/MegaLights/MegaLightsHardwareRayTracing.usf" 2898
"../../../Engine/Shaders/Private/MegaLights/MegaLights.usf" 2899
"../../../Engine/Shaders/Private/MegaLights/MegaLightsShading.ush" 2900
"../../../Engine/Shaders/Private/MegaLights/MegaLightsFilterVisibleLightHash.usf" 2901
"../../../Engine/Shaders/Private/MegaLights/MegaLightsDenoiserSpatial.usf" 2902
"../../../Engine/Shaders/Private/Lumen/LumenReflectionDenoiserCommon.ush" 2903
"../../../Engine/Shaders/Private/MegaLights/MegaLightsDenoiserTemporal.usf" 2904
"../../../Engine/Shaders/Private/MegaLights/MegaLightsShading.usf" 2905
"../../../Engine/Shaders/Private/StochasticLighting/StochasticLightingUpsample.ush" 2906
"../../../Engine/Shaders/Private/MegaLights/MegaLightsVisibleLightHash.usf" 2907
"../../../Engine/Shaders/Private/MegaLights/MegaLightsVolumeShading.usf" 2908
"../../../Engine/Shaders/Private/MegaLights/MegaLightsSampling.usf" 2909
"../../../Engine/Shaders/Private/MegaLights/MegaLightsSampling.ush" 2910
"../../../Engine/Shaders/Private/MegaLights/MegaLightsVolumeSampling.usf" 2911
"../../../Engine/Shaders/Private/MaterialCache/MaterialCacheABufferPages.usf" 2912
"../../../Engine/Shaders/Private/MaterialCache/MaterialCacheShade.usf" 2913
"../../../Engine/Shaders/Private/MaterialCache/MaterialCacheUnwrapNaniteShade.usf" 2914
"../../../Engine/Shaders/Private/MaterialCache/MaterialCacheUnwrapPixelShader.usf" 2915
"../../../Engine/Shaders/Private/MaterialCache/MaterialCacheUnwrapVertexShader.usf" 2916
"../../../Engine/Shaders/Private/Lumen/LumenVisualizeRadianceCache.usf" 2917
"../../../Engine/Shaders/Private/Lumen/LumenRadianceCacheCommon.ush" 2918
"../../../Engine/Shaders/Private/Lumen/LumenVisualizeHardwareRayTracing.usf" 2919
"../../../Engine/Shaders/Private/Lumen/LumenVisualize.ush" 2920
"../../../Engine/Shaders/Private/Lumen/LumenHairTracing.ush" 2921
"../../../Engine/Shaders/Private/Lumen/LumenVisualize.usf" 2922
"../../../Engine/Shaders/Private/Lumen/LumenSoftwareRayTracing.ush" 2923
"../../../Engine/Shaders/Private/DistanceField/GlobalDistanceFieldObjectGrid.ush" 2924
"../../../Engine/Shaders/Private/DistanceFieldLightingShared.ush" 2925
"../../../Engine/Shaders/Private/Lumen/LumenVisualizeTraces.ush" 2926
"../../../Engine/Shaders/Private/Lumen/LumenTranslucencyVolumeLighting.usf" 2927
"../../../Engine/Shaders/Private/Lumen/LumenRadianceCacheMarkCommon.ush" 2928
"../../../Engine/Shaders/Private/Lumen/LumenTranslucencyVolumeLightingShared.ush" 2929
"../../../Engine/Shaders/Private/Lumen/LumenScreenProbeCommon.ush" 2930
"../../../Engine/Shaders/Private/RayTracing/RayGenUtils.ush" 2931
"../../../Engine/Shaders/Private/Lumen/LumenRadianceCacheTracingCommon.ush" 2932
"../../../Engine/Shaders/Private/Lumen/LumenTranslucencyVolumeHardwareRayTracing.usf" 2933
"../../../Engine/Shaders/Private/Lumen/LumenTranslucencyRadianceCacheMarkShaders.usf" 2934
"../../../Engine/Shaders/Private/Lumen/SurfaceCache/LumenSurfaceCache.usf" 2935
"../../../Engine/Shaders/Private/Lumen/LumenShortRangeAOHardwareRayTracing.usf" 2936
"../../../Engine/Shaders/Private/Lumen/LumenScreenSpaceBentNormal.ush" 2937
"../../../Engine/Shaders/Private/Lumen/LumenScreenSpaceBentNormal.usf" 2938
"../../../Engine/Shaders/Private/Lumen/LumenScreenProbeTracing.usf" 2939
"../../../Engine/Shaders/Private/Lumen/LumenScreenProbeTracingCommon.ush" 2940
"../../../Engine/Shaders/Private/Lumen/LumenFloatQuantization.ush" 2941
"../../../Engine/Shaders/Private/Lumen/LumenScreenProbeImportanceSampling.usf" 2942
"../../../Engine/Shaders/Private/Lumen/LumenScreenProbeImportanceSamplingShared.ush" 2943
"../../../Engine/Shaders/Private/Lumen/LumenScreenProbeHardwareRayTracing.usf" 2944
"../../../Engine/Shaders/Private/Lumen/LumenScreenProbeDebug.usf" 2945
"../../../Engine/Shaders/Private/Lumen/LumenScreenProbeGather.usf" 2946
"../../../Engine/Shaders/Private/Lumen/LumenScreenProbeGatherTemporal.usf" 2947
"../../../Engine/Shaders/Private/Lumen/LumenScreenProbeFiltering.usf" 2948
"../../../Engine/Shaders/Private/Lumen/LumenSceneLighting.usf" 2949
"../../../Engine/Shaders/Private/Lumen/LumenCardTile.ush" 2950
"../../../Engine/Shaders/Private/Lumen/LumenSceneLighting.ush" 2951
"../../../Engine/Shaders/Private/Lumen/Radiosity/LumenRadiosity.ush" 2952
"../../../Engine/Shaders/Private/Lumen/LumenSceneLightingDebug.usf" 2953
"../../../Engine/Shaders/Private/Lumen/LumenScene.usf" 2954
"../../../Engine/Shaders/Private/Lumen/LumenSceneDirectLightingHardwareRayTracing.usf" 2955
"../../../Engine/Shaders/Private/Lumen/LumenSceneDirectLightingStochastic.ush" 2956
"../../../Engine/Shaders/Private/Lumen/LumenReflectionCommon.ush" 2957
"../../../Engine/Shaders/Private/Lumen/LumenSceneDirectLighting.ush" 2958
"../../../Engine/Shaders/Private/Lumen/LumenSceneDebugHardwareRayTracing.usf" 2959
"../../../Engine/Shaders/Private/Lumen/LumenSceneDirectLightingStochastic.usf" 2960
"../../../Engine/Shaders/Private/Lumen/LumenSceneDirectLightingSoftwareRayTracing.usf" 2961
"../../../Engine/Shaders/Private/DistanceFieldShadowingShared.ush" 2962
"../../../Engine/Shaders/Private/Lumen/LumenSceneDirectLightingPerLightShadowCommon.ush" 2963
"../../../Engine/Shaders/Private/Lumen/LumenSceneDirectLightingShadowMask.usf" 2964
"../../../Engine/Shaders/Private/Lumen/LumenSceneDirectLighting.usf" 2965
"../../../Engine/Shaders/Private/Lumen/LumenSceneDirectLightingCulling.usf" 2966
"../../../Engine/Shaders/Private/Lumen/LumenCardComputeShader.usf" 2967
"../../../Engine/Shaders/Private/Lumen/LumenCardBasePass.ush" 2968
"../../../Engine/Shaders/Private/Lumen/LumenCardPixelShader.usf" 2969
"../../../Engine/Shaders/Private/Lumen/LumenCardVertexShader.usf" 2970
"../../../Engine/Shaders/Private/Lumen/LumenReSTIRGather.usf" 2971
"../../../Engine/Shaders/Private/Lumen/LumenReflectionTracing.usf" 2972
"../../../Engine/Shaders/Private/Lumen/LumenReflectionDenoiserSpatial.usf" 2973
"../../../Engine/Shaders/Private/Lumen/LumenReflectionDenoiserClear.usf" 2974
"../../../Engine/Shaders/Private/Lumen/LumenReflectionDenoiserTemporal.usf" 2975
"../../../Engine/Shaders/Private/Lumen/LumenReflectionResolve.usf" 2976
"../../../Engine/Shaders/Private/Lumen/LumenReflections.usf" 2977
"../../../Engine/Shaders/Private/Lumen/RayTracedTranslucency.usf" 2978
"../../../Engine/Shaders/Private/Lumen/LumenReflectionHardwareRayTracing.usf" 2979
"../../../Engine/Shaders/Private/Lumen/Radiosity/LumenVisualizeRadiosityProbes.usf" 2980
"../../../Engine/Shaders/Private/Lumen/Radiosity/LumenRadiosity.usf" 2981
"../../../Engine/Shaders/Private/Lumen/Radiosity/LumenRadiosityHardwareRayTracing.usf" 2982
"../../../Engine/Shaders/Private/Lumen/Radiosity/LumenRadiosityCulling.usf" 2983
"../../../Engine/Shaders/Private/Lumen/LumenRadianceCacheHardwareRayTracing.usf" 2984
"../../../Engine/Shaders/Private/Lumen/LumenRadianceCache.usf" 2985
"../../../Engine/Shaders/Private/Lumen/LumenRadianceCacheUpdate.ush" 2986
"../../../Engine/Shaders/Private/Lumen/LumenRadianceCacheDebug.usf" 2987
"../../../Engine/Shaders/Private/Lumen/LumenRadianceCacheUpdate.usf" 2988
"../../../Engine/Shaders/Private/Lumen/LumenMeshSDFCulling.usf" 2989
"../../../Engine/Shaders/Private/HybridIndirectLighting.ush" 2990
"../../../Engine/Shaders/Private/MeshDistanceFieldCommon.ush" 2991
"../../../Engine/Shaders/Private/Lumen/LumenIrradianceFieldGather.usf" 2992
"../../../Engine/Shaders/Private/Lumen/LumenHardwareRayTracingMaterials.usf" 2993
"../../../Engine/Shaders/Private/Lumen/LumenFrontLayerTranslucency.usf" 2994
"../../../Engine/Shaders/Private/LocalFogVolumes/LocalFogVolumeSplat.usf" 2995
"../../../Engine/Shaders/Private/LocalFogVolumes/LocalFogVolumeTiledCulling.usf" 2996
"../../../Engine/Shaders/Private/LightShaftShader.usf" 2997
"../../../Engine/Shaders/Private/StationaryLightOverlapShaders.usf" 2998
"../../../Engine/Shaders/Private/DeferredLightPixelShaders.usf" 2999
"../../../Engine/Shaders/Private/DeferredLightVertexShaders.usf" 3000
"../../../Engine/Shaders/Private/LightMapDensityShader.usf" 3001
"../../../Engine/Shaders/Private/LightGridInjection.usf" 3002
"../../../Engine/Shaders/Shared/LightGridDefinitions.h" 3003
"../../../Engine/Shaders/Private/LightFunctionPixelShader.usf" 3004
"../../../Engine/Shaders/Private/LightFunctionVertexShader.usf" 3005
"../../../Engine/Shaders/Private/LightFunctionAtlas/LightFunctionAtlasRender.usf" 3006
"../../../Engine/Shaders/Private/InstanceCulling/InstanceCullingOcclusionQuery.usf" 3007
"../../../Engine/Shaders/Private/InstanceCulling/InstanceCullingSetup.ush" 3008
"../../../Engine/Shaders/Private/InstanceCulling/BuildInstanceDrawCommands.usf" 3009
"../../../Engine/Shaders/Private/InstanceCulling/InstanceCompactionCommon.ush" 3010
"../../../Engine/Shaders/Private/SceneDataMobileWriter.ush" 3011
"../../../Engine/Shaders/Private/InstanceCulling/CompactVisibleInstances.usf" 3012
"../../../Engine/Shaders/Private/ReflectionEnvironmentPixelShader.usf" 3013
"../../../Engine/Shaders/Private/AmbientCubemapComposite.usf" 3014
"../../../Engine/Shaders/Private/DiffuseIndirectComposite.usf" 3015
"../../../Engine/Shaders/Private/IESAtlas.usf" 3016
"../../../Engine/Shaders/Private/HeterogeneousVolumes/HeterogeneousVolumesVoxelGridShadows.usf" 3017
"../../../Engine/Shaders/Private/HeterogeneousVolumes/HeterogeneousVolumesStochasticFiltering.ush" 3018
"../../../Engine/Shaders/Private/HeterogeneousVolumes/HeterogeneousVolumesVoxelGridRenderingUtils.ush" 3019
"../../../Engine/Shaders/Private/HeterogeneousVolumes/HeterogeneousVolumesLightingUtils.ush" 3020
"../../../Engine/Shaders/Private/HeterogeneousVolumes/HeterogeneousVolumesVoxelGridRendering.usf" 3021
"../../../Engine/Shaders/Private/HeterogeneousVolumes/HeterogeneousVolumesVoxelGridPipeline.usf" 3022
"../../../Engine/Shaders/Private/HeterogeneousVolumes/HeterogeneousVolumesMaterialBakingPipeline.usf" 3023
"../../../Engine/Shaders/Private/HeterogeneousVolumes/HeterogeneousVolumesLiveShadingUtils.ush" 3024
"../../../Engine/Shaders/Private/HeterogeneousVolumes/HeterogeneousVolumesFrustumVoxelGrid.usf" 3025
"../../../Engine/Shaders/Private/HeterogeneousVolumes/HeterogeneousVolumesSparseVoxelPipeline.usf" 3026
"../../../Engine/Shaders/Private/HeterogeneousVolumes/HeterogeneousVolumesSparseVoxelUtils.ush" 3027
"../../../Engine/Shaders/Private/HeterogeneousVolumes/HeterogeneousVolumesSparseVoxelUniformBufferUtils.ush" 3028
"../../../Engine/Shaders/Private/HeterogeneousVolumes/HeterogeneousVolumesPreshadingPipeline.usf" 3029
"../../../Engine/Shaders/Private/HeterogeneousVolumes/HeterogeneousVolumesLiveShadingShadows.usf" 3030
"../../../Engine/Shaders/Private/HeterogeneousVolumes/HeterogeneousVolumesLiveShadingGlobalPipeline.usf" 3031
"../../../Engine/Shaders/Private/HeterogeneousVolumes/HeterogeneousVolumesLiveShadingPipeline.usf" 3032
"../../../Engine/Shaders/Private/HeterogeneousVolumes/HeterogeneousVolumesHardwareRayTracing.usf" 3033
"../../../Engine/Shaders/Private/HeterogeneousVolumes/HeterogeneousVolumesAmbientOcclusionPipeline.usf" 3034
"../../../Engine/Shaders/Private/HeterogeneousVolumes/HeterogeneousVolumesComposite.usf" 3035
"../../../Engine/Shaders/Private/HdrCustomResolveShaders.usf" 3036
"../../../Engine/Shaders/Private/HairStrands/RenderCurveRaster.usf" 3037
"../../../Engine/Shaders/Private/HairStrands/HairStrandsVoxelRasterCompute.usf" 3038
"../../../Engine/Shaders/Private/HairStrands/HairStrandsHitProxy.usf" 3039
"../../../Engine/Shaders/Private/HairStrands/HairStrandsVisibilityRasterComputeNaive.usf" 3040
"../../../Engine/Shaders/Private/HairStrands/HairStrandsVisibilityRasterHW.usf" 3041
"../../../Engine/Shaders/Private/HairStrands/HairStrandsVisibilityRasterCompute.usf" 3042
"../../../Engine/Shaders/Private/HairStrands/HairStrandsVisibilityRasterClassification.usf" 3043
"../../../Engine/Shaders/Private/HairStrands/HairStrandsCoverage.usf" 3044
"../../../Engine/Shaders/Private/HairStrands/HairStrandsVisibilityDepthPS.usf" 3045
"../../../Engine/Shaders/Private/HairStrands/HairStrandsVisibilityTransmittanceDepthPS.usf" 3046
"../../../Engine/Shaders/Private/HairStrands/HairStrandsVisibilityFillOpaqueDepthPS.usf" 3047
"../../../Engine/Shaders/Private/HairStrands/HairStrandsVisibilityCompactionComputeRaster.usf" 3048
"../../../Engine/Shaders/Private/HairStrands/HairStrandsVisibilityCompaction.usf" 3049
"../../../Engine/Shaders/Private/HairStrands/HairStrandsVisibilityCopyIndirectArg.usf" 3050
"../../../Engine/Shaders/Private/HairStrands/HairStrandsVisibilityClearPS.usf" 3051
"../../../Engine/Shaders/Private/HairStrands/HairStrandsVisibilityPS.usf" 3052
"../../../Engine/Shaders/Private/HairStrands/HairStrandsVisibilityVS.usf" 3053
"../../../Engine/Shaders/Private/HairStrands/HairStrandsVelocity.usf" 3054
"../../../Engine/Shaders/Private/HairStrands/HairStrandsVisibilityComputeSampleCoverage.usf" 3055
"../../../Engine/Shaders/Private/HairStrands/HairStrandsMaterialPS.usf" 3056
"../../../Engine/Shaders/Private/HairStrands/HairStrandsMaterialCommon.ush" 3057
"../../../Engine/Shaders/Private/HairStrands/HairStrandsMaterialVS.usf" 3058
"../../../Engine/Shaders/Private/HairStrands/HairStrandsLightSample.usf" 3059
"../../../Engine/Shaders/Private/HairStrands/HairStrandsDeepShadowMask.usf" 3060
"../../../Engine/Shaders/Private/HairStrands/HairStrandsDeepTransmittanceMask.usf" 3061
"../../../Engine/Shaders/Private/HairStrands/HairStrandsVisibilityTile.usf" 3062
"../../../Engine/Shaders/Private/HairStrands/HairStrandsDeepShadowPS.usf" 3063
"../../../Engine/Shaders/Private/HairStrands/HairStrandsDeepShadowVS.usf" 3064
"../../../Engine/Shaders/Private/HairStrands/HairStrandsAABB.usf" 3065
"../../../Engine/Shaders/Private/HairStrands/HairStrandsLUT.usf" 3066
"../../../Engine/Shaders/Private/HairStrands/HairStrandsForwardRaster.usf" 3067
"../../../Engine/Shaders/Private/HairStrands/HairStrandsForwardCulling.usf" 3068
"../../../Engine/Shaders/Private/HairStrands/HairStrandsEnvironmentLighting.usf" 3069
"../../../Engine/Shaders/Private/HairStrands/HairStrandsEnvironmentAO.usf" 3070
"../../../Engine/Shaders/Private/HairStrands/HairStrandsDeepShadowAllocation.usf" 3071
"../../../Engine/Shaders/Private/HairStrands/HairStrandsVoxelDebug.usf" 3072
"../../../Engine/Shaders/Private/HairStrands/HairStrandsComposition.usf" 3073
"../../../Engine/Shaders/Private/HairStrands/HairStrandsGBufferCommon.ush" 3074
"../../../Engine/Shaders/Private/GPUScene/GPUSceneDataManagement.usf" 3075
"../../../Engine/Shaders/Private/GPUSceneDebugRender.usf" 3076
"../../../Engine/Shaders/Private/GPUFeedbackCompaction.usf" 3077
"../../../Engine/Shaders/Private/GPUFastFourierTransform.usf" 3078
"../../../Engine/Shaders/Private/GPUFastFourierTransform2DCore.ush" 3079
"../../../Engine/Shaders/Private/GPUFastFourierTransformCore.ush" 3080
"../../../Engine/Shaders/Private/GPUBenchmark.usf" 3081
"../../../Engine/Shaders/Private/DistanceField/GlobalDistanceFieldDebug.usf" 3082
"../../../Engine/Shaders/Private/DistanceField/GlobalDistanceFieldUpdate.ush" 3083
"../../../Engine/Shaders/Private/DistanceField/GlobalDistanceFieldMip.usf" 3084
"../../../Engine/Shaders/Private/DistanceField/GlobalDistanceField.usf" 3085
"../../../Engine/Shaders/Private/DistanceField/GlobalDistanceFieldCompositeObjects.usf" 3086
"../../../Engine/Shaders/Private/DistanceField/GlobalDistanceFieldHeightfields.usf" 3087
"../../../Engine/Shaders/Private/HeightfieldLightingShared.ush" 3088
"../../../Engine/Shaders/Private/GenerateConservativeDepth.usf" 3089
"../../../Engine/Shaders/Private/HeightFogPixelShader.usf" 3090
"../../../Engine/Shaders/Private/HeightFogVertexShader.usf" 3091
"../../../Engine/Shaders/Private/DistortFiltering.usf" 3092
"../../../Engine/Shaders/Private/DistortAccumulatePS.usf" 3093
"../../../Engine/Shaders/Private/DistortAccumulateVS.usf" 3094
"../../../Engine/Shaders/Private/DistanceFieldVisualization.usf" 3095
"../../../Engine/Shaders/Private/DistanceFieldStreaming.usf" 3096
"../../../Engine/Shaders/Private/DistanceFieldShadowing.usf" 3097
"../../../Engine/Shaders/Private/DistanceFieldScreenGridLighting.usf" 3098
"../../../Engine/Shaders/Private/DistanceFieldObjectCulling.usf" 3099
"../../../Engine/Shaders/Private/DistanceFieldLightingPost.usf" 3100
"../../../Engine/Shaders/Private/DitheredTransitionStencil.usf" 3101
"../../../Engine/Shaders/Private/CopyDepthTexture.usf" 3102
"../../../Engine/Shaders/Private/CopyDepthTextureCS.usf" 3103
"../../../Engine/Shaders/Private/DeferredDecal.usf" 3104
"../../../Engine/Shaders/Private/DecalCommon.ush" 3105
"../../../Engine/Shaders/Private/DebugViewModeVertexShader.usf" 3106
"../../../Engine/Shaders/Private/DebugViewModeCommon.ush" 3107
"../../../Engine/Shaders/Private/DebugViewModePixelShader.usf" 3108
"../../../Engine/Shaders/Private/DebugProbes.usf" 3109
"../../../Engine/Shaders/Private/MeshDecals.usf" 3110
"../../../Engine/Shaders/Private/PostProcessAmbientOcclusion.usf" 3111
"../../../Engine/Shaders/Private/ClusteredDeferredShadingPixelShader.usf" 3112
"../../../Engine/Shaders/Private/ClusteredDeferredShadingVertexShader.usf" 3113
"../../../Engine/Shaders/Private/CapsuleShadowShaders.usf" 3114
"../../../Engine/Shaders/Private/BasePassPixelShader.usf" 3115
"../../../Engine/Shaders/Private/ForwardLightingCommon.ush" 3116
"../../../Engine/Shaders/Private/Substrate/SubstrateForwardLighting.ush" 3117
"../../../Engine/Shaders/Private/ComputeShaderOutputCommon.ush" 3118
"../../../Engine/Shaders/Private/BasePassVertexShader.usf" 3119
"../../../Engine/Shaders/Private/BasePassVertexCommon.ush" 3120
"../../../Engine/Shaders/Private/SimpleElementVolumeTexturePreviewPixelShader.usf" 3121
"../../../Engine/Shaders/Private/SimpleElementTexture2DPreviewPixelShader.usf" 3122
"../../../Engine/Shaders/Private/meshpaintdilatepixelshader.usf" 3123
"../../../Engine/Shaders/Private/meshpaintdilatevertexshader.usf" 3124
"../../../Engine/Shaders/Private/MeshPaintPixelShader.usf" 3125
"../../../Engine/Shaders/Private/MeshPaintVertexShader.usf" 3126
"../../../Engine/Shaders/Private/SlateElementPixelShader.usf" 3127
"../../../Engine/Shaders/Private/SlateShaderCommon.ush" 3128
"../../../Engine/Shaders/Private/SlateMaskingShader.usf" 3129
"../../../Engine/Shaders/Private/SlateVertexShader.usf" 3130
"../../../Engine/Shaders/Private/CompositeUIPixelShader.usf" 3131
"../../../Engine/Shaders/Private/ColorDeficiency.ush" 3132
"../../../Engine/Shaders/Private/SlatePostProcessColorDeficiencyPixelShader.usf" 3133
"../../../Engine/Shaders/Private/SlatePostProcessPixelShader.usf" 3134
"../../../Engine/Shaders/Private/Tools/VisualizeTexture.usf" 3135
"../../../Engine/Shaders/Private/UpdateDescriptorHandle.usf" 3136
"../../../Engine/Shaders/Private/ByteBuffer.usf" 3137
"../../../Engine/Shaders/Private/ShaderBundleWorkGraphDispatch.usf" 3138
"../../../Engine/Shaders/Private/ShaderBundleDispatch.usf" 3139
"../../../Engine/Shaders/Private/ResolveVertexShader.usf" 3140
"../../../Engine/Shaders/Private/ResolvePixelShader.usf" 3141
"../../../Engine/Shaders/Private/Tools/SetupIndirectArgs.usf" 3142
"../../../Engine/Shaders/Private/ClearReplacementShaders.usf" 3143
"../../../Engine/Shaders/Private/Tools/DrawTexture.usf" 3144
"../../../Engine/Shaders/Private/RayTracing/RayTracingValidation.usf" 3145
"../../../Engine/Shaders/Private/RenderGraphUtilities.usf" 3146
"../../../Engine/Shaders/Private/OneColorShader.usf" 3147
"../../../Engine/Shaders/Private/OculusShaders.usf" 3148
"../../../Engine/Shaders/Private/MediaShaders.usf" 3149
"../../../Engine/Shaders/Private/GPUMessaging.usf" 3150
"../../../Engine/Shaders/Private/Tools/GPUDebugCrashUtils.usf" 3151
"../../../Engine/Shaders/Private/NullPixelShader.usf" 3152
"../../../Engine/Shaders/Private/ComputeGenerateMips.usf" 3153
"../../../Engine/Shaders/Private/Tools/DumpTexture.usf" 3154
"../../../Engine/Shaders/Private/CopyTextureShaders.usf" 3155
"../../../Engine/Shaders/Private/Tools/FullscreenVertexShader.usf" 3156
"../../../Engine/Shaders/Private/RayTracing/RayTracingDispatchDesc.usf" 3157
"../../../Engine/Shaders/Private/Bink.usf" 3158
"../../../Engine/Shaders/Private/VelocityShader.usf" 3159
"../../../Engine/Shaders/Private/DepthOnlyPixelShader.usf" 3160
"../../../Engine/Shaders/Private/PositionOnlyDepthVertexShader.usf" 3161
"../../../Engine/Shaders/Private/DepthOnlyVertexShader.usf" 3162
"../../../Engine/Shaders/Private/AnisotropyPassShader.usf" 3163
"L:/GitHub/massey-unreal/NeoTeAikaSem1/Content/StarterContent/Materials/M_Wood_Pine.uasset" 3164
"L:/GitHub/massey-unreal/NeoTeAikaSem1/Content/StarterContent/Materials/M_Wood_Oak.uasset" 3165
"L:/GitHub/massey-unreal/NeoTeAikaSem1/Content/StarterContent/Materials/M_Wood_Walnut.uasset" 3166
"L:/GitHub/massey-unreal/NeoTeAikaSem1/Content/StarterContent/Materials/M_Wood_Floor_Walnut_Polished.uasset" 3167
"L:/GitHub/massey-unreal/NeoTeAikaSem1/Content/StarterContent/Materials/M_Water_Ocean.uasset" 3168
"L:/GitHub/massey-unreal/NeoTeAikaSem1/Content/StarterContent/Materials/M_Tech_Panel.uasset" 3169
"L:/GitHub/massey-unreal/NeoTeAikaSem1/Content/StarterContent/Materials/M_Water_Lake.uasset" 3170
"L:/GitHub/massey-unreal/NeoTeAikaSem1/Content/StarterContent/Materials/M_Rock_Sandstone.uasset" 3171
"L:/GitHub/massey-unreal/NeoTeAikaSem1/Content/StarterContent/Materials/M_Rock_Marble_Polished.uasset" 3172
"L:/GitHub/massey-unreal/NeoTeAikaSem1/Content/StarterContent/Materials/M_Rock_Slate.uasset" 3173
"L:/GitHub/massey-unreal/NeoTeAikaSem1/Content/StarterContent/Materials/M_Tech_Hex_Tile_Pulse.uasset" 3174
"L:/GitHub/massey-unreal/NeoTeAikaSem1/Content/StarterContent/Materials/M_Tech_Hex_Tile.uasset" 3175
"L:/GitHub/massey-unreal/NeoTeAikaSem1/Content/StarterContent/Materials/M_Rock_Basalt.uasset" 3176
"L:/GitHub/massey-unreal/NeoTeAikaSem1/Content/StarterContent/Materials/M_Tech_Checker_Dot.uasset" 3177
"L:/GitHub/massey-unreal/NeoTeAikaSem1/Content/StarterContent/Materials/M_Wood_Floor_Walnut_Worn.uasset" 3178
"L:/GitHub/massey-unreal/NeoTeAikaSem1/Content/StarterContent/Materials/M_Metal_Gold.uasset" 3179
"L:/GitHub/massey-unreal/NeoTeAikaSem1/Content/StarterContent/Materials/M_Metal_Rust.uasset" 3180
"L:/GitHub/massey-unreal/NeoTeAikaSem1/Content/StarterContent/Materials/M_Ground_Moss.uasset" 3181
"L:/GitHub/massey-unreal/NeoTeAikaSem1/Content/StarterContent/Materials/M_Metal_Steel.uasset" 3182
"L:/GitHub/massey-unreal/NeoTeAikaSem1/Content/StarterContent/Materials/M_Metal_Chrome.uasset" 3183
"L:/GitHub/massey-unreal/NeoTeAikaSem1/Content/StarterContent/Materials/M_Ground_Gravel.uasset" 3184
"L:/GitHub/massey-unreal/NeoTeAikaSem1/Content/StarterContent/Materials/M_Metal_Copper.uasset" 3185
"L:/GitHub/massey-unreal/NeoTeAikaSem1/Content/StarterContent/Materials/M_Ground_Grass.uasset" 3186
"L:/GitHub/massey-unreal/NeoTeAikaSem1/Content/StarterContent/Materials/M_Metal_Burnished_Steel.uasset" 3187
"L:/GitHub/massey-unreal/NeoTeAikaSem1/Content/StarterContent/Materials/M_Metal_Brushed_Nickel.uasset" 3188
"L:/GitHub/massey-unreal/NeoTeAikaSem1/Content/StarterContent/Materials/M_Glass.uasset" 3189
"L:/GitHub/massey-unreal/NeoTeAikaSem1/Content/StarterContent/Materials/M_Concrete_Tiles.uasset" 3190
"L:/GitHub/massey-unreal/NeoTeAikaSem1/Content/StarterContent/Materials/M_Concrete_Poured.uasset" 3191
"L:/GitHub/massey-unreal/NeoTeAikaSem1/Content/StarterContent/Materials/M_Concrete_Panels.uasset" 3192
"L:/GitHub/massey-unreal/NeoTeAikaSem1/Content/StarterContent/Materials/M_CobbleStone_Smooth.uasset" 3193
"L:/GitHub/massey-unreal/NeoTeAikaSem1/Content/StarterContent/Materials/M_CobbleStone_Rough.uasset" 3194
"L:/GitHub/massey-unreal/NeoTeAikaSem1/Content/StarterContent/Materials/M_CobbleStone_Pebble.uasset" 3195
"L:/GitHub/massey-unreal/NeoTeAikaSem1/Content/StarterContent/Materials/M_Brick_Cut_Stone.uasset" 3196
"L:/GitHub/massey-unreal/NeoTeAikaSem1/Content/StarterContent/Materials/M_ColorGrid_LowSpec.uasset" 3197
"L:/GitHub/massey-unreal/NeoTeAikaSem1/Content/StarterContent/Materials/M_Brick_Hewn_Stone.uasset" 3198
"L:/GitHub/massey-unreal/NeoTeAikaSem1/Content/StarterContent/Materials/M_Ceramic_Tile_Checker.uasset" 3199
"L:/GitHub/massey-unreal/NeoTeAikaSem1/Content/StarterContent/Materials/M_Brick_Clay_Old.uasset" 3200
"L:/GitHub/massey-unreal/NeoTeAikaSem1/Content/StarterContent/Materials/M_Concrete_Grime.uasset" 3201
"L:/GitHub/massey-unreal/NeoTeAikaSem1/Content/StarterContent/Materials/M_Brick_Clay_Beveled.uasset" 3202
"L:/GitHub/massey-unreal/NeoTeAikaSem1/Content/StarterContent/Materials/M_Basic_Wall.uasset" 3203
"L:/GitHub/massey-unreal/NeoTeAikaSem1/Content/StarterContent/Materials/M_Brick_Clay_New.uasset" 3204
"L:/GitHub/massey-unreal/NeoTeAikaSem1/Content/StarterContent/Materials/M_Basic_Floor.uasset" 3205
"L:/GitHub/massey-unreal/NeoTeAikaSem1/Content/StarterContent/Materials/M_AssetPlatform.uasset" 3206
"L:/GitHub/massey-unreal/NeoTeAikaSem1/Content/StarterContent/Maps/StarterMap_BuiltData.uasset" 3207
"L:/GitHub/massey-unreal/NeoTeAikaSem1/Content/StarterContent/Maps/StarterMap.umap" 3208
"L:/GitHub/massey-unreal/NeoTeAikaSem1/Content/StarterContent/Maps/Minimal_Default_BuiltData.uasset" 3209
"L:/GitHub/massey-unreal/NeoTeAikaSem1/Content/StarterContent/Maps/Minimal_Default.umap" 3210
"L:/GitHub/massey-unreal/NeoTeAikaSem1/Content/StarterContent/Maps/Advanced_Lighting_BuiltData.uasset" 3211
"L:/GitHub/massey-unreal/NeoTeAikaSem1/Content/StarterContent/Maps/Advanced_Lighting.umap" 3212
"L:/GitHub/massey-unreal/NeoTeAikaSem1/Content/StarterContent/HDRI/HDRI_Epic_Courtyard_Daylight.uasset" 3213
"L:/GitHub/massey-unreal/NeoTeAikaSem1/Content/StarterContent/Blueprints/BP_LightStudio.uasset" 3214
"L:/GitHub/massey-unreal/NeoTeAikaSem1/Content/StarterContent/Blueprints/Blueprint_WallSconce.uasset" 3215
"L:/GitHub/massey-unreal/NeoTeAikaSem1/Content/StarterContent/Blueprints/Blueprint_Effect_Steam.uasset" 3216
"L:/GitHub/massey-unreal/NeoTeAikaSem1/Content/StarterContent/Blueprints/Blueprint_Effect_Sparks.uasset" 3217
"L:/GitHub/massey-unreal/NeoTeAikaSem1/Content/StarterContent/Blueprints/Blueprint_Effect_Smoke.uasset" 3218
"L:/GitHub/massey-unreal/NeoTeAikaSem1/Content/StarterContent/Blueprints/Blueprint_Effect_Fire.uasset" 3219
"L:/GitHub/massey-unreal/NeoTeAikaSem1/Content/StarterContent/Blueprints/Blueprint_Effect_Explosion.uasset" 3220
"L:/GitHub/massey-unreal/NeoTeAikaSem1/Content/StarterContent/Blueprints/Blueprint_CeilingLight.uasset" 3221
"L:/GitHub/massey-unreal/NeoTeAikaSem1/Content/StarterContent/Audio/Steam01_Cue.uasset" 3222
"L:/GitHub/massey-unreal/NeoTeAikaSem1/Content/StarterContent/Audio/Steam01.uasset" 3223
"L:/GitHub/massey-unreal/NeoTeAikaSem1/Content/StarterContent/Audio/Starter_Wind06.uasset" 3224
"L:/GitHub/massey-unreal/NeoTeAikaSem1/Content/StarterContent/Audio/Starter_Wind05.uasset" 3225
"L:/GitHub/massey-unreal/NeoTeAikaSem1/Content/StarterContent/Audio/Starter_Music_Cue.uasset" 3226
"L:/GitHub/massey-unreal/NeoTeAikaSem1/Content/StarterContent/Audio/Starter_Music01.uasset" 3227
"L:/GitHub/massey-unreal/NeoTeAikaSem1/Content/StarterContent/Audio/Starter_Birds01.uasset" 3228
"L:/GitHub/massey-unreal/NeoTeAikaSem1/Content/StarterContent/Audio/Starter_Background_Cue.uasset" 3229
"L:/GitHub/massey-unreal/NeoTeAikaSem1/Content/StarterContent/Audio/Smoke01_Cue.uasset" 3230
"L:/GitHub/massey-unreal/NeoTeAikaSem1/Content/StarterContent/Audio/Smoke01.uasset" 3231
"L:/GitHub/massey-unreal/NeoTeAikaSem1/Content/StarterContent/Audio/Light02_Cue.uasset" 3232
"L:/GitHub/massey-unreal/NeoTeAikaSem1/Content/StarterContent/Audio/Light02.uasset" 3233
"L:/GitHub/massey-unreal/NeoTeAikaSem1/Content/StarterContent/Audio/Light01_Cue.uasset" 3234
"L:/GitHub/massey-unreal/NeoTeAikaSem1/Content/StarterContent/Audio/Light01.uasset" 3235
"L:/GitHub/massey-unreal/NeoTeAikaSem1/Content/StarterContent/Audio/Fire_Sparks01_Cue.uasset" 3236
"L:/GitHub/massey-unreal/NeoTeAikaSem1/Content/StarterContent/Audio/Fire_Sparks01.uasset" 3237
"L:/GitHub/massey-unreal/NeoTeAikaSem1/Content/StarterContent/Audio/Fire01_Cue.uasset" 3238
"L:/GitHub/massey-unreal/NeoTeAikaSem1/Content/StarterContent/Audio/Explosion_Cue.uasset" 3239
"L:/GitHub/massey-unreal/NeoTeAikaSem1/Content/StarterContent/Audio/Fire01.uasset" 3240
"L:/GitHub/massey-unreal/NeoTeAikaSem1/Content/StarterContent/Audio/Explosion02.uasset" 3241
"L:/GitHub/massey-unreal/NeoTeAikaSem1/Content/StarterContent/Audio/Explosion01.uasset" 3242
"L:/GitHub/massey-unreal/NeoTeAikaSem1/Content/StarterContent/Audio/Collapse_Cue.uasset" 3243
"L:/GitHub/massey-unreal/NeoTeAikaSem1/Content/StarterContent/Audio/Collapse02.uasset" 3244
"L:/GitHub/massey-unreal/NeoTeAikaSem1/Content/StarterContent/Audio/Collapse01.uasset" 3245
"L:/GitHub/massey-unreal/NeoTeAikaSem1/Content/StarterContent/Architecture/Wall_Window_400x400.uasset" 3246
"L:/GitHub/massey-unreal/NeoTeAikaSem1/Content/StarterContent/Architecture/Wall_Window_400x300.uasset" 3247
"L:/GitHub/massey-unreal/NeoTeAikaSem1/Content/StarterContent/Textures/T_Wood_Walnut_D.uasset" 3248
"L:/GitHub/massey-unreal/NeoTeAikaSem1/Content/StarterContent/Textures/T_Wood_Pine_N.uasset" 3249
"L:/GitHub/massey-unreal/NeoTeAikaSem1/Content/StarterContent/Textures/T_Wood_Pine_D.uasset" 3250
"L:/GitHub/massey-unreal/NeoTeAikaSem1/Content/StarterContent/Textures/T_Wood_Walnut_N.uasset" 3251
"L:/GitHub/massey-unreal/NeoTeAikaSem1/Content/StarterContent/Textures/T_Wood_Oak_N.uasset" 3252
"L:/GitHub/massey-unreal/NeoTeAikaSem1/Content/StarterContent/Textures/T_Wood_Oak_D.uasset" 3253
"L:/GitHub/massey-unreal/NeoTeAikaSem1/Content/StarterContent/Textures/T_Wood_Floor_Walnut_M.uasset" 3254
"L:/GitHub/massey-unreal/NeoTeAikaSem1/Content/StarterContent/Textures/T_Wood_Floor_Walnut_N.uasset" 3255
"L:/GitHub/massey-unreal/NeoTeAikaSem1/Content/StarterContent/Textures/T_Water_N.uasset" 3256
"L:/GitHub/massey-unreal/NeoTeAikaSem1/Content/StarterContent/Textures/T_Wood_Floor_Walnut_D.uasset" 3257
"L:/GitHub/massey-unreal/NeoTeAikaSem1/Content/StarterContent/Textures/T_Water_M.uasset" 3258
"L:/GitHub/massey-unreal/NeoTeAikaSem1/Content/StarterContent/Textures/T_Tech_Panel_N.uasset" 3259
"L:/GitHub/massey-unreal/NeoTeAikaSem1/Content/StarterContent/Textures/T_Tech_Panel_M.uasset" 3260
"L:/GitHub/massey-unreal/NeoTeAikaSem1/Content/StarterContent/Textures/T_Tech_Hex_Tile_N.uasset" 3261
"L:/GitHub/massey-unreal/NeoTeAikaSem1/Content/StarterContent/Textures/T_Tech_Hex_Tile_M.uasset" 3262
"L:/GitHub/massey-unreal/NeoTeAikaSem1/Content/StarterContent/Textures/T_Tech_Dot_N.uasset" 3263
"L:/GitHub/massey-unreal/NeoTeAikaSem1/Content/StarterContent/Textures/T_Tech_Dot_M.uasset" 3264
"L:/GitHub/massey-unreal/NeoTeAikaSem1/Content/StarterContent/Textures/T_TableRound_N.uasset" 3265
"L:/GitHub/massey-unreal/NeoTeAikaSem1/Content/StarterContent/Textures/T_TableRound_M.uasset" 3266
"L:/GitHub/massey-unreal/NeoTeAikaSem1/Content/StarterContent/Textures/T_Statue_N.uasset" 3267
"L:/GitHub/massey-unreal/NeoTeAikaSem1/Content/StarterContent/Textures/T_Statue_M.uasset" 3268
"L:/GitHub/massey-unreal/NeoTeAikaSem1/Content/StarterContent/Textures/T_Spark_Core.uasset" 3269
"L:/GitHub/massey-unreal/NeoTeAikaSem1/Content/StarterContent/Textures/T_Smoke_Tiled_D.uasset" 3270
"L:/GitHub/massey-unreal/NeoTeAikaSem1/Content/StarterContent/Textures/T_Smoke_SubUV.uasset" 3271
"L:/GitHub/massey-unreal/NeoTeAikaSem1/Content/StarterContent/Textures/T_Single_Tile_N.uasset" 3272
"L:/GitHub/massey-unreal/NeoTeAikaSem1/Content/StarterContent/Textures/T_Shelf_N.uasset" 3273
"L:/GitHub/massey-unreal/NeoTeAikaSem1/Content/StarterContent/Textures/T_Shelf_M.uasset" 3274
"L:/GitHub/massey-unreal/NeoTeAikaSem1/Content/StarterContent/Textures/T_Rock_Slate_D.uasset" 3275
"L:/GitHub/massey-unreal/NeoTeAikaSem1/Content/StarterContent/Textures/T_Rock_Smooth_Granite_D.uasset" 3276
"L:/GitHub/massey-unreal/NeoTeAikaSem1/Content/StarterContent/Textures/T_Rock_Slate_N.uasset" 3277
"L:/GitHub/massey-unreal/NeoTeAikaSem1/Content/StarterContent/Textures/T_Rock_Sandstone_D.uasset" 3278
"L:/GitHub/massey-unreal/NeoTeAikaSem1/Content/StarterContent/Textures/T_Rock_Basalt_N.uasset" 3279
"L:/GitHub/massey-unreal/NeoTeAikaSem1/Content/StarterContent/Textures/T_RockMesh_N.uasset" 3280
"L:/GitHub/massey-unreal/NeoTeAikaSem1/Content/StarterContent/Textures/T_Rock_Marble_Polished_D.uasset" 3281
"L:/GitHub/massey-unreal/NeoTeAikaSem1/Content/StarterContent/Textures/T_Rock_Basalt_D.uasset" 3282
"L:/GitHub/massey-unreal/NeoTeAikaSem1/Content/StarterContent/Textures/T_Rock_Sandstone_N.uasset" 3283
"L:/GitHub/massey-unreal/NeoTeAikaSem1/Content/StarterContent/Textures/T_Perlin_Noise_M.uasset" 3284
"L:/GitHub/massey-unreal/NeoTeAikaSem1/Content/StarterContent/Textures/T_RockMesh_M.uasset" 3285
"L:/GitHub/massey-unreal/NeoTeAikaSem1/Content/StarterContent/Textures/T_Metal_Steel_N.uasset" 3286
"L:/GitHub/massey-unreal/NeoTeAikaSem1/Content/StarterContent/Textures/T_Metal_Steel_D.uasset" 3287
"L:/GitHub/massey-unreal/NeoTeAikaSem1/Content/StarterContent/Textures/T_Metal_Rust_N.uasset" 3288
"L:/GitHub/massey-unreal/NeoTeAikaSem1/Content/StarterContent/Textures/T_Metal_Rust_D.uasset" 3289
"L:/GitHub/massey-unreal/NeoTeAikaSem1/Content/StarterContent/Textures/T_Metal_Copper_D.uasset" 3290
"L:/GitHub/massey-unreal/NeoTeAikaSem1/Content/StarterContent/Textures/T_Metal_Gold_N.uasset" 3291
"L:/GitHub/massey-unreal/NeoTeAikaSem1/Content/StarterContent/Textures/T_Metal_Gold_D.uasset" 3292
"L:/GitHub/massey-unreal/NeoTeAikaSem1/Content/StarterContent/Textures/T_Metal_Aluminum_D.uasset" 3293
"L:/GitHub/massey-unreal/NeoTeAikaSem1/Content/StarterContent/Textures/T_Lamp_N.uasset" 3294
"L:/GitHub/massey-unreal/NeoTeAikaSem1/Content/StarterContent/Textures/T_MacroVariation.uasset" 3295
"L:/GitHub/massey-unreal/NeoTeAikaSem1/Content/StarterContent/Textures/T_Lamp_M.uasset" 3296
"L:/GitHub/massey-unreal/NeoTeAikaSem1/Content/StarterContent/Textures/T_Ground_Moss_N.uasset" 3297
"L:/GitHub/massey-unreal/NeoTeAikaSem1/Content/StarterContent/Textures/T_Ground_Gravel_N.uasset" 3298
"L:/GitHub/massey-unreal/NeoTeAikaSem1/Content/StarterContent/Textures/T_Ground_Gravel_D.uasset" 3299
"L:/GitHub/massey-unreal/NeoTeAikaSem1/Content/StarterContent/Textures/T_ground_Moss_D.uasset" 3300
"L:/GitHub/massey-unreal/NeoTeAikaSem1/Content/StarterContent/Textures/T_Ground_Grass_N.uasset" 3301
"L:/GitHub/massey-unreal/NeoTeAikaSem1/Content/StarterContent/Textures/T_Ground_Grass_D.uasset" 3302
"L:/GitHub/massey-unreal/NeoTeAikaSem1/Content/StarterContent/Textures/T_Frame_N.uasset" 3303
"L:/GitHub/massey-unreal/NeoTeAikaSem1/Content/StarterContent/Textures/T_Gradinet_01.uasset" 3304
"L:/GitHub/massey-unreal/NeoTeAikaSem1/Content/StarterContent/Textures/T_Frame_M.uasset" 3305
"L:/GitHub/massey-unreal/NeoTeAikaSem1/Content/StarterContent/Textures/T_Fire_Tiled_D.uasset" 3306
"L:/GitHub/massey-unreal/NeoTeAikaSem1/Content/StarterContent/Textures/T_Explosion_SubUV.uasset" 3307
"L:/GitHub/massey-unreal/NeoTeAikaSem1/Content/StarterContent/Textures/T_Dust_Particle_D.uasset" 3308
"L:/GitHub/massey-unreal/NeoTeAikaSem1/Content/StarterContent/Textures/T_Door_M.uasset" 3309
"L:/GitHub/massey-unreal/NeoTeAikaSem1/Content/StarterContent/Textures/T_Fire_SubUV.uasset" 3310
"L:/GitHub/massey-unreal/NeoTeAikaSem1/Content/StarterContent/Textures/T_Door_N.uasset" 3311
"L:/GitHub/massey-unreal/NeoTeAikaSem1/Content/StarterContent/Textures/T_Detail_Rocky_N.uasset" 3312
"L:/GitHub/massey-unreal/NeoTeAikaSem1/Content/StarterContent/Textures/T_Concrete_Tiles_M.uasset" 3313
"L:/GitHub/massey-unreal/NeoTeAikaSem1/Content/StarterContent/Textures/T_Concrete_Tiles_Variation_M.uasset" 3314
"L:/GitHub/massey-unreal/NeoTeAikaSem1/Content/StarterContent/Textures/T_Concrete_Tiles_N.uasset" 3315
"L:/GitHub/massey-unreal/NeoTeAikaSem1/Content/StarterContent/Textures/T_Concrete_Poured_N.uasset" 3316
"L:/GitHub/massey-unreal/NeoTeAikaSem1/Content/StarterContent/Textures/T_Concrete_Panels_D.uasset" 3317
"L:/GitHub/massey-unreal/NeoTeAikaSem1/Content/StarterContent/Textures/T_Concrete_Poured_D.uasset" 3318
"L:/GitHub/massey-unreal/NeoTeAikaSem1/Content/StarterContent/Textures/T_Concrete_Panels_N.uasset" 3319
"L:/GitHub/massey-unreal/NeoTeAikaSem1/Content/StarterContent/Textures/T_Concrete_Grime_D.uasset" 3320
"L:/GitHub/massey-unreal/NeoTeAikaSem1/Content/StarterContent/Textures/T_CobbleStone_Smooth_M.uasset" 3321
"L:/GitHub/massey-unreal/NeoTeAikaSem1/Content/StarterContent/Textures/T_CobbleStone_Rough_D.uasset" 3322
"L:/GitHub/massey-unreal/NeoTeAikaSem1/Content/StarterContent/Textures/T_CobbleStone_Smooth_N.uasset" 3323
"L:/GitHub/massey-unreal/NeoTeAikaSem1/Content/StarterContent/Textures/T_CobbleStone_Smooth_D.uasset" 3324
"L:/GitHub/massey-unreal/NeoTeAikaSem1/Content/StarterContent/Textures/T_Concrete_Tiles_D.uasset" 3325
"L:/GitHub/massey-unreal/NeoTeAikaSem1/Content/StarterContent/Textures/T_CobbleStone_Pebble_M.uasset" 3326
"L:/GitHub/massey-unreal/NeoTeAikaSem1/Content/StarterContent/Textures/T_CobbleStone_Pebble_D.uasset" 3327
"L:/GitHub/massey-unreal/NeoTeAikaSem1/Content/StarterContent/Textures/T_CobbleStone_Pebble_N.uasset" 3328
"L:/GitHub/massey-unreal/NeoTeAikaSem1/Content/StarterContent/Textures/T_CobbleStone_Rough_N.uasset" 3329
"L:/GitHub/massey-unreal/NeoTeAikaSem1/Content/StarterContent/Textures/T_Chair_N.uasset" 3330
"L:/GitHub/massey-unreal/NeoTeAikaSem1/Content/StarterContent/Textures/T_Checker_Noise_M.uasset" 3331
"L:/GitHub/massey-unreal/NeoTeAikaSem1/Content/StarterContent/Textures/T_Chair_M.uasset" 3332
"L:/GitHub/massey-unreal/NeoTeAikaSem1/Content/StarterContent/Textures/T_Ceramic_Tile_N.uasset" 3333
"L:/GitHub/massey-unreal/NeoTeAikaSem1/Content/StarterContent/Textures/T_Ceramic_Tile_M.uasset" 3334
"L:/GitHub/massey-unreal/NeoTeAikaSem1/Content/StarterContent/Textures/T_Bush_N.uasset" 3335
"L:/GitHub/massey-unreal/NeoTeAikaSem1/Content/StarterContent/Textures/T_Brick_Hewn_Stone_N.uasset" 3336
"L:/GitHub/massey-unreal/NeoTeAikaSem1/Content/StarterContent/Textures/T_Burst_M.uasset" 3337
"L:/GitHub/massey-unreal/NeoTeAikaSem1/Content/StarterContent/Textures/T_Bush_D.uasset" 3338
"L:/GitHub/massey-unreal/NeoTeAikaSem1/Content/StarterContent/Textures/T_Brick_Cut_Stone_D.uasset" 3339
"L:/GitHub/massey-unreal/NeoTeAikaSem1/Content/StarterContent/Textures/T_Brick_Clay_Old_N.uasset" 3340
"L:/GitHub/massey-unreal/NeoTeAikaSem1/Content/StarterContent/Textures/T_Brick_Hewn_Stone_M.uasset" 3341
"L:/GitHub/massey-unreal/NeoTeAikaSem1/Content/StarterContent/Textures/T_Brick_Clay_Old_D.uasset" 3342
"L:/GitHub/massey-unreal/NeoTeAikaSem1/Content/StarterContent/Textures/T_Brick_Cut_Stone_N.uasset" 3343
"L:/GitHub/massey-unreal/NeoTeAikaSem1/Content/StarterContent/Shapes/Shape_WideCapsule.uasset" 3344
"L:/GitHub/massey-unreal/NeoTeAikaSem1/Content/StarterContent/Textures/T_Brick_Hewn_Stone_D.uasset" 3345
"L:/GitHub/massey-unreal/NeoTeAikaSem1/Content/StarterContent/Textures/T_Brick_Clay_New_N.uasset" 3346
"L:/GitHub/massey-unreal/NeoTeAikaSem1/Content/StarterContent/Shapes/Shape_Wedge_A.uasset" 3347
"L:/GitHub/massey-unreal/NeoTeAikaSem1/Content/StarterContent/Textures/T_Brick_Clay_Beveled_N.uasset" 3348
"L:/GitHub/massey-unreal/NeoTeAikaSem1/Content/StarterContent/Textures/T_Brick_Clay_Beveled_M.uasset" 3349
"L:/GitHub/massey-unreal/NeoTeAikaSem1/Content/StarterContent/Textures/T_Brick_Clay_New_D.uasset" 3350
"L:/GitHub/massey-unreal/NeoTeAikaSem1/Content/StarterContent/Textures/T_Brick_Clay_Beveled_D.uasset" 3351
"L:/GitHub/massey-unreal/NeoTeAikaSem1/Content/StarterContent/Textures/T_Brick_Clay_New_M.uasset" 3352
"L:/GitHub/massey-unreal/NeoTeAikaSem1/Content/StarterContent/Shapes/Shape_Wedge_B.uasset" 3353
"L:/GitHub/massey-unreal/NeoTeAikaSem1/Content/StarterContent/Shapes/Shape_Trim_90_Out.uasset" 3354
"L:/GitHub/massey-unreal/NeoTeAikaSem1/Content/StarterContent/Shapes/Shape_TriPyramid.uasset" 3355
"L:/GitHub/massey-unreal/NeoTeAikaSem1/Content/StarterContent/Shapes/Shape_Trim_90_In.uasset" 3356
"L:/GitHub/massey-unreal/NeoTeAikaSem1/Content/StarterContent/Shapes/Shape_Trim.uasset" 3357
"L:/GitHub/massey-unreal/NeoTeAikaSem1/Content/StarterContent/Shapes/Shape_Torus.uasset" 3358
"L:/GitHub/massey-unreal/NeoTeAikaSem1/Content/StarterContent/Shapes/Shape_Sphere.uasset" 3359
"L:/GitHub/massey-unreal/NeoTeAikaSem1/Content/StarterContent/Shapes/Shape_QuadPyramid.uasset" 3360
"L:/GitHub/massey-unreal/NeoTeAikaSem1/Content/StarterContent/Shapes/Shape_Pipe_180.uasset" 3361
"L:/GitHub/massey-unreal/NeoTeAikaSem1/Content/StarterContent/Shapes/Shape_Pipe_90.uasset" 3362
"L:/GitHub/massey-unreal/NeoTeAikaSem1/Content/StarterContent/Shapes/Shape_Tube.uasset" 3363
"L:/GitHub/massey-unreal/NeoTeAikaSem1/Content/StarterContent/Shapes/Shape_NarrowCapsule.uasset" 3364
"L:/GitHub/massey-unreal/NeoTeAikaSem1/Content/StarterContent/Shapes/Shape_Plane.uasset" 3365
"L:/GitHub/massey-unreal/NeoTeAikaSem1/Content/StarterContent/Shapes/Shape_Cube.uasset" 3366
"L:/GitHub/massey-unreal/NeoTeAikaSem1/Content/StarterContent/Shapes/Shape_Cylinder.uasset" 3367
"L:/GitHub/massey-unreal/NeoTeAikaSem1/Content/StarterContent/Shapes/Shape_Pipe.uasset" 3368
"L:/GitHub/massey-unreal/NeoTeAikaSem1/Content/StarterContent/Shapes/Shape_Cone.uasset" 3369
"L:/GitHub/massey-unreal/NeoTeAikaSem1/Content/StarterContent/Props/SM_WindowFrame.uasset" 3370
"L:/GitHub/massey-unreal/NeoTeAikaSem1/Content/StarterContent/Props/SM_TableRound.uasset" 3371
"L:/GitHub/massey-unreal/NeoTeAikaSem1/Content/StarterContent/Props/SM_Stairs.uasset" 3372
"L:/GitHub/massey-unreal/NeoTeAikaSem1/Content/StarterContent/Props/SM_Statue.uasset" 3373
"L:/GitHub/massey-unreal/NeoTeAikaSem1/Content/StarterContent/Props/SM_Shelf.uasset" 3374
"L:/GitHub/massey-unreal/NeoTeAikaSem1/Content/StarterContent/Props/SM_Rock.uasset" 3375
"L:/GitHub/massey-unreal/NeoTeAikaSem1/Content/StarterContent/Props/SM_PillarFrame300.uasset" 3376
"L:/GitHub/massey-unreal/NeoTeAikaSem1/Content/StarterContent/Props/SM_PillarFrame.uasset" 3377
"L:/GitHub/massey-unreal/NeoTeAikaSem1/Content/StarterContent/Particles/P_Sparks.uasset" 3378
"L:/GitHub/massey-unreal/NeoTeAikaSem1/Content/StarterContent/Particles/P_Steam_Lit.uasset" 3379
"L:/GitHub/massey-unreal/NeoTeAikaSem1/Content/StarterContent/Particles/P_Smoke.uasset" 3380
"L:/GitHub/massey-unreal/NeoTeAikaSem1/Content/StarterContent/Props/SM_DoorFrame.uasset" 3381
"L:/GitHub/massey-unreal/NeoTeAikaSem1/Content/StarterContent/Props/SM_Lamp_Wall.uasset" 3382
"L:/GitHub/massey-unreal/NeoTeAikaSem1/Content/StarterContent/Props/SM_Door.uasset" 3383
"L:/GitHub/massey-unreal/NeoTeAikaSem1/Content/StarterContent/Props/SM_GlassWindow.uasset" 3384
"L:/GitHub/massey-unreal/NeoTeAikaSem1/Content/StarterContent/Particles/P_Fire.uasset" 3385
"L:/GitHub/massey-unreal/NeoTeAikaSem1/Content/StarterContent/Props/SM_CornerFrame.uasset" 3386
"L:/GitHub/massey-unreal/NeoTeAikaSem1/Content/StarterContent/Particles/P_Explosion.uasset" 3387
"L:/GitHub/massey-unreal/NeoTeAikaSem1/Content/StarterContent/Props/SM_Bush.uasset" 3388
"L:/GitHub/massey-unreal/NeoTeAikaSem1/Content/StarterContent/Props/SM_Lamp_Ceiling.uasset" 3389
"L:/GitHub/massey-unreal/NeoTeAikaSem1/Content/StarterContent/Particles/P_Ambient_Dust.uasset" 3390
"L:/GitHub/massey-unreal/NeoTeAikaSem1/Content/StarterContent/Props/MaterialSphere.uasset" 3391
"L:/GitHub/massey-unreal/NeoTeAikaSem1/Content/StarterContent/Props/SM_Chair.uasset" 3392
"L:/GitHub/massey-unreal/NeoTeAikaSem1/Content/StarterContent/Props/SM_Couch.uasset" 3393
"L:/GitHub/massey-unreal/NeoTeAikaSem1/Content/StarterContent/Architecture/Wall_Door_400x400.uasset" 3394
"L:/GitHub/massey-unreal/NeoTeAikaSem1/Content/StarterContent/Architecture/Wall_Door_400x300.uasset" 3395
"L:/GitHub/massey-unreal/NeoTeAikaSem1/Content/StarterContent/Architecture/Wall_400x400.uasset" 3396
"L:/GitHub/massey-unreal/NeoTeAikaSem1/Content/StarterContent/Architecture/Wall_500x500.uasset" 3397
"L:/GitHub/massey-unreal/NeoTeAikaSem1/Content/StarterContent/Architecture/Wall_400x200.uasset" 3398
"L:/GitHub/massey-unreal/NeoTeAikaSem1/Content/StarterContent/Architecture/Wall_400x300.uasset" 3399
"L:/GitHub/massey-unreal/NeoTeAikaSem1/Content/StarterContent/Architecture/SM_AssetPlatform.uasset" 3400
"L:/GitHub/massey-unreal/NeoTeAikaSem1/Content/StarterContent/Architecture/Pillar_50x500.uasset" 3401
"L:/GitHub/massey-unreal/NeoTeAikaSem1/Content/StarterContent/Architecture/Floor_400x400.uasset" 3402
"L:/GitHub/massey-unreal/NeoTeAikaSem1/Content/NeoGame/Levels/TestLevel.umap" 3403
"L:/GitHub/massey-unreal/NeoTeAikaSem1/Content/StarterContent/Props/Materials/M_StatueGlass.uasset" 3404
"L:/GitHub/massey-unreal/NeoTeAikaSem1/Content/StarterContent/Props/Materials/M_Statue.uasset" 3405
"L:/GitHub/massey-unreal/NeoTeAikaSem1/Content/StarterContent/Props/Materials/M_TableRound.uasset" 3406
"L:/GitHub/massey-unreal/NeoTeAikaSem1/Content/StarterContent/Props/Materials/M_Shelf.uasset" 3407
"L:/GitHub/massey-unreal/NeoTeAikaSem1/Content/StarterContent/Props/Materials/M_Rock.uasset" 3408
"L:/GitHub/massey-unreal/NeoTeAikaSem1/Content/StarterContent/Props/Materials/M_Frame.uasset" 3409
"L:/GitHub/massey-unreal/NeoTeAikaSem1/Content/StarterContent/Props/Materials/M_Lamp.uasset" 3410
"L:/GitHub/massey-unreal/NeoTeAikaSem1/Content/StarterContent/Props/Materials/M_Door.uasset" 3411
"L:/GitHub/massey-unreal/NeoTeAikaSem1/Content/StarterContent/Props/Materials/M_Chair.uasset" 3412
"L:/GitHub/massey-unreal/NeoTeAikaSem1/Content/StarterContent/Particles/Materials/M_Spark.uasset" 3413
"L:/GitHub/massey-unreal/NeoTeAikaSem1/Content/StarterContent/Props/Materials/M_Bush.uasset" 3414
"L:/GitHub/massey-unreal/NeoTeAikaSem1/Content/StarterContent/Particles/Materials/M_radial_ramp.uasset" 3415
"L:/GitHub/massey-unreal/NeoTeAikaSem1/Content/StarterContent/Particles/Materials/M_smoke_subUV.uasset" 3416
"L:/GitHub/massey-unreal/NeoTeAikaSem1/Content/StarterContent/Particles/Materials/M_Radial_Gradient.uasset" 3417
"L:/GitHub/massey-unreal/NeoTeAikaSem1/Content/StarterContent/Particles/Materials/m_flare_01.uasset" 3418
"L:/GitHub/massey-unreal/NeoTeAikaSem1/Content/StarterContent/Particles/Materials/M_Heat_Distortion.uasset" 3419
"L:/GitHub/massey-unreal/NeoTeAikaSem1/Content/StarterContent/Particles/Materials/M_Fire_SubUV.uasset" 3420
"L:/GitHub/massey-unreal/NeoTeAikaSem1/Content/StarterContent/Particles/Materials/M_explosion_subUV.uasset" 3421
"L:/GitHub/massey-unreal/NeoTeAikaSem1/Content/StarterContent/Particles/Materials/M_Dust_Particle.uasset" 3422
"L:/GitHub/massey-unreal/NeoTeAikaSem1/Content/StarterContent/Particles/Materials/M_Burst.uasset" 3423
"L:/GitHub/massey-unreal/NeoTeAikaSem1/Content/StarterContent/Blueprints/Assets/SunlightColorLUT.uasset" 3424
"L:/GitHub/massey-unreal/NeoTeAikaSem1/Content/StarterContent/Blueprints/Assets/SM_Arrows.uasset" 3425
"L:/GitHub/massey-unreal/NeoTeAikaSem1/Content/StarterContent/Blueprints/Assets/Skybox.uasset" 3426
"L:/GitHub/massey-unreal/NeoTeAikaSem1/Content/StarterContent/Blueprints/Assets/M_LightStage_Skybox_Master.uasset" 3427
"L:/GitHub/massey-unreal/NeoTeAikaSem1/Content/StarterContent/Blueprints/Assets/M_LightStage_Skybox_HDRI.uasset" 3428
"L:/GitHub/massey-unreal/NeoTeAikaSem1/Content/StarterContent/Blueprints/Assets/M_LightStage_Arrows.uasset" 3429
"L:/GitHub/massey-unreal/NeoTeAikaSem1/Content/StarterContent/Blueprints/Assets/FogBrightnessLUT.uasset" 3430
"L:/GitHub/massey-unreal/NeoTeAikaSem1/Content/StarterContent/Blueprints/Assets/M_LightStage_Skybox_Black.uasset" 3431
"/Engine/EngineResources/WhiteSquareTexture" 3432
"../../../Engine/Content/EngineResources/WhiteSquareTexture.uasset" 3433
"/Engine/EngineResources/GradientTexture0" 3434
"../../../Engine/Content/EngineResources/GradientTexture0.uasset" 3435
"/Engine/EngineResources/Black" 3436
"../../../Engine/Content/EngineResources/Black.uasset" 3437
"/Engine/EditorResources/S_Actor" 3438
"../../../Engine/Content/EditorResources/S_Actor.uasset" 3439
"/Engine/EngineFonts/RobotoDistanceField" 3440
"../../../Engine/Content/EngineFonts/RobotoDistanceField.uasset" 3441
"/Engine/EngineMaterials/DefaultTextMaterialOpaque" 3442
"../../../Engine/Content/EngineMaterials/DefaultTextMaterialOpaque.uasset" 3443
"/Engine/Functions/Engine_MaterialFunctions01/Shading/PowerToRoughness" 3444
"../../../Engine/Content/Functions/Engine_MaterialFunctions01/Shading/PowerToRoughness.uasset" 3445
"/Engine/Functions/Engine_MaterialFunctions01/Shading/ConvertFromDiffSpec" 3446
"../../../Engine/Content/Functions/Engine_MaterialFunctions01/Shading/ConvertFromDiffSpec.uasset" 3447
"/Engine/EngineMaterials/WorldGridMaterial" 3448
"../../../Engine/Content/EngineMaterials/WorldGridMaterial.uasset" 3449
"../../../Engine/Content/Functions/Engine_MaterialFunctions01/Opacity/CameraDepthFade.uasset" 3450
"../../../Engine/Content/EngineMaterials/T_Default_Material_Grid_M.uasset" 3451
"../../../Engine/Content/EngineMaterials/T_Default_Material_Grid_N.uasset" 3452
"/Engine/EngineMaterials/DefaultDeferredDecalMaterial" 3453
"../../../Engine/Content/EngineMaterials/DefaultDeferredDecalMaterial.uasset" 3454
"../../../Engine/Content/EngineMaterials/DefaultDiffuse.uasset" 3455
"/Engine/EngineMaterials/DefaultLightFunctionMaterial" 3456
"../../../Engine/Content/EngineMaterials/DefaultLightFunctionMaterial.uasset" 3457
"/Engine/EngineMaterials/DefaultPostProcessMaterial" 3458
"../../../Engine/Content/EngineMaterials/DefaultPostProcessMaterial.uasset" 3459
"../../../Engine/Content/Functions/Engine_MaterialFunctions02/Utility/BreakOutFloat2Components.uasset" 3460
"/Engine/EditorResources/S_Trigger" 3461
"../../../Engine/Content/EditorResources/S_Trigger.uasset" 3462
"/Engine/EditorResources/S_BoxReflectionCapture" 3463
"../../../Engine/Content/EditorResources/S_BoxReflectionCapture.uasset" 3464
"/Engine/EngineResources/DefaultTexture" 3465
"../../../Engine/Content/EngineResources/DefaultTexture.uasset" 3466
"/Engine/EditorResources/S_TriggerBox" 3467
"../../../Engine/Content/EditorResources/S_TriggerBox.uasset" 3468
"/Engine/EditorResources/S_TriggerCapsule" 3469
"../../../Engine/Content/EditorResources/S_TriggerCapsule.uasset" 3470
"/Engine/EditorResources/S_TriggerSphere" 3471
"../../../Engine/Content/EditorResources/S_TriggerSphere.uasset" 3472
"/Engine/EngineDamageTypes/DmgTypeBP_Environmental" 3473
"../../../Engine/Content/EngineDamageTypes/DmgTypeBP_Environmental.uasset" 3474
"/Engine/EngineMeshes/Sphere" 3475
"../../../Engine/Content/EngineMeshes/Sphere.uasset" 3476
"/Engine/EngineResources/DefaultTextureCube" 3477
"../../../Engine/Content/EngineResources/DefaultTextureCube.uasset" 3478
"/Engine/EngineResources/DefaultVolumeTexture" 3479
"../../../Engine/Content/EngineResources/DefaultVolumeTexture.uasset" 3480
"../../../Engine/Content/EngineResources/DefaultVolumeTexture2D.uasset" 3481
"/Engine/VREditor/TransformGizmo/SM_Sequencer_Node" 3482
"../../../Engine/Content/VREditor/TransformGizmo/SM_Sequencer_Node.uasset" 3483
"../../../Engine/Content/VREditor/TransformGizmo/Main.uasset" 3484
"../../../Engine/Content/VREditor/TransformGizmo/Xray.uasset" 3485
"/Engine/EditorResources/S_Solver" 3486
"../../../Engine/Content/EditorResources/S_Solver.uasset" 3487
"/Engine/EngineDebugMaterials/VolumeToRender" 3488
"../../../Engine/Content/EngineDebugMaterials/VolumeToRender.uasset" 3489
"/Engine/EngineDebugMaterials/M_VolumeRenderSphereTracePP" 3490
"../../../Engine/Content/EngineDebugMaterials/M_VolumeRenderSphereTracePP.uasset" 3491
"../../../Engine/Content/Functions/Engine_MaterialFunctions02/Utility/CameraDirectionVector.uasset" 3492
"/Engine/EditorMeshes/Camera/SM_CraneRig_Base" 3493
"../../../Engine/Content/EditorMeshes/Camera/SM_CraneRig_Base.uasset" 3494
"../../../Engine/Content/EditorMaterials/Camera/MI_CineMat_Rig.uasset" 3495
"../../../Engine/Content/EditorMaterials/Camera/CineMat.uasset" 3496
"/Engine/EditorMeshes/Camera/SM_CraneRig_Arm" 3497
"../../../Engine/Content/EditorMeshes/Camera/SM_CraneRig_Arm.uasset" 3498
"/Engine/EditorMeshes/Camera/SM_CraneRig_Mount" 3499
"../../../Engine/Content/EditorMeshes/Camera/SM_CraneRig_Mount.uasset" 3500
"/Engine/EditorMeshes/Camera/SM_CraneRig_Body" 3501
"../../../Engine/Content/EditorMeshes/Camera/SM_CraneRig_Body.uasset" 3502
"/Engine/EditorMeshes/Camera/SM_RailRig_Track" 3503
"../../../Engine/Content/EditorMeshes/Camera/SM_RailRig_Track.uasset" 3504
"/Engine/EditorMeshes/Camera/SM_RailRig_Mount" 3505
"../../../Engine/Content/EditorMeshes/Camera/SM_RailRig_Mount.uasset" 3506
"/Engine/EditorLandscapeResources/SplineEditorMesh" 3507
"../../../Engine/Content/EditorLandscapeResources/SplineEditorMesh.uasset" 3508
"../../../Engine/Content/EditorLandscapeResources/SplineEditorMeshMat.uasset" 3509
"/HairStrands/Materials/HairDebugMaterial" 3510
"../../Plugins/Runtime/HairStrands/Content/Materials/HairDebugMaterial.uasset" 3511
"../../../Engine/Content/Functions/Engine_MaterialFunctions02/Utility/MakeFloat2.uasset" 3512
"../../../Engine/Content/Functions/Engine_MaterialFunctions02/Utility/MakeFloat3.uasset" 3513
"../../../Engine/Content/EngineMaterials/HairColorMap.uasset" 3514
"../../../Engine/Content/EngineMaterials/HairDebugColor.uasset" 3515
"../../Plugins/Runtime/HairStrands/Content/Materials/HairGroupColors.uasset" 3516
"/HairStrands/Materials/HairDefaultMaterial" 3517
"../../Plugins/Runtime/HairStrands/Content/Materials/HairDefaultMaterial.uasset" 3518
"/HairStrands/Materials/HairCardsDefaultMaterial" 3519
"../../Plugins/Runtime/HairStrands/Content/Materials/HairCardsDefaultMaterial.uasset" 3520
"/HairStrands/Materials/HairMeshesDefaultMaterial" 3521
"../../Plugins/Runtime/HairStrands/Content/Materials/HairMeshesDefaultMaterial.uasset" 3522
"/Engine/BasicShapes/Cube" 3523
"../../../Engine/Content/BasicShapes/Cube.uasset" 3524
"/CameraCalibrationCore/Materials/M_DefaultOddSquare" 3525
"../../Plugins/VirtualProduction/CameraCalibrationCore/Content/Materials/M_DefaultOddSquare.uasset" 3526
"/CameraCalibrationCore/Materials/M_DefaultEvenSquare" 3527
"../../Plugins/VirtualProduction/CameraCalibrationCore/Content/Materials/M_DefaultEvenSquare.uasset" 3528
"/Engine/EngineMaterials/Widget3DPassThrough_Translucent" 3529
"../../../Engine/Content/EngineMaterials/Widget3DPassThrough_Translucent.uasset" 3530
"../../../Engine/Content/EngineMaterials/Widget3DPassThrough.uasset" 3531
"/Engine/EngineMaterials/Widget3DPassThrough_Translucent_OneSided" 3532
"../../../Engine/Content/EngineMaterials/Widget3DPassThrough_Translucent_OneSided.uasset" 3533
"/Engine/EngineMaterials/Widget3DPassThrough_Opaque" 3534
"../../../Engine/Content/EngineMaterials/Widget3DPassThrough_Opaque.uasset" 3535
"/Engine/EngineMaterials/Widget3DPassThrough_Opaque_OneSided" 3536
"../../../Engine/Content/EngineMaterials/Widget3DPassThrough_Opaque_OneSided.uasset" 3537
"/Engine/EngineMaterials/Widget3DPassThrough_Masked" 3538
"../../../Engine/Content/EngineMaterials/Widget3DPassThrough_Masked.uasset" 3539
"/Engine/EngineMaterials/Widget3DPassThrough_Masked_OneSided" 3540
"../../../Engine/Content/EngineMaterials/Widget3DPassThrough_Masked_OneSided.uasset" 3541
"/Engine/VREditor/ViewportInteractionAssetContainerData" 3542
"../../../Engine/Content/VREditor/ViewportInteractionAssetContainerData.uasset" 3543
"../../../Engine/Content/VREditor/SnapGrid/SnapGridMaterial.uasset" 3544
"../../../Engine/Content/VREditor/TransformGizmo/TransformGizmoMaterial_Inst.uasset" 3545
"../../../Engine/Content/VREditor/TransformGizmo/TranslucentTransformGizmoMaterial_Inst.uasset" 3546
"../../../Engine/Content/VREditor/SnapGrid/SnapGridPlaneMesh.uasset" 3547
"../../../Engine/Content/VREditor/Sounds/UI/Drop_Item_From_ContentBrowser.uasset" 3548
"../../../Engine/Content/VREditor/Sounds/UI/Gizmo_Handle_Clicked.uasset" 3549
"../../../Engine/Content/VREditor/Sounds/UI/Object_PickUp.uasset" 3550
"../../../Engine/Content/VREditor/Sounds/UI/Object_Snaps_To_Another_Actor.uasset" 3551
"../../../Engine/Content/VREditor/Sounds/UI/Object_Snaps_To_Grid.uasset" 3552
"../../../Engine/Content/VREditor/Sounds/UI/Scaling_Down.uasset" 3553
"../../../Engine/Content/VREditor/Sounds/UI/Scaling_Up.uasset" 3554
"../../../Engine/Content/VREditor/Sounds/UI/Selection_Changes.uasset" 3555
"../../../Engine/Content/VREditor/TransformGizmo/PlaneTranslationHandle.uasset" 3556
"../../../Engine/Content/VREditor/TransformGizmo/RotationHandleFull.uasset" 3557
"../../../Engine/Content/VREditor/TransformGizmo/RotationHandleIndicator.uasset" 3558
"../../../Engine/Content/VREditor/TransformGizmo/RotationHandleQuarter.uasset" 3559
"../../../Engine/Content/VREditor/TransformGizmo/StartRotationHandleIndicator.uasset" 3560
"../../../Engine/Content/VREditor/TransformGizmo/TransformGizmoFreeRotation.uasset" 3561
"../../../Engine/Content/VREditor/TransformGizmo/TranslateArrowHandle.uasset" 3562
"../../../Engine/Content/VREditor/TransformGizmo/UniformScaleHandle.uasset" 3563
"../../../Engine/Content/Functions/Engine_MaterialFunctions02/Math/Transform3x3Matrix.uasset" 3564
"../../../Engine/Content/Functions/Engine_MaterialFunctions02/SplitComponents.uasset" 3565
"../../../Engine/Content/VREditor/TransformGizmo/TransformGizmoMaterial.uasset" 3566
"../../../Engine/Content/VREditor/TransformGizmo/TranslucentTransformGizmoMaterial.uasset" 3567
"../../../Engine/Content/Functions/Engine_MaterialFunctions02/Utility/BreakOutFloat3Components.uasset" 3568
"../../../Engine/Content/VREditor/LaserPointer/VR_LaserPower_01.uasset" 3569
"/Engine/VREditor/TransformGizmo/BoundingBoxCorner" 3570
"../../../Engine/Content/VREditor/TransformGizmo/BoundingBoxCorner.uasset" 3571
"/Engine/VREditor/TransformGizmo/BoundingBoxEdge" 3572
"../../../Engine/Content/VREditor/TransformGizmo/BoundingBoxEdge.uasset" 3573
"/Engine/ArtTools/RenderToTexture/Meshes/S_1_Unit_Plane" 3574
"../../../Engine/Content/ArtTools/RenderToTexture/Meshes/S_1_Unit_Plane.uasset" 3575
"/Engine/EngineDebugMaterials/M_SimpleUnlitTranslucent" 3576
"../../../Engine/Content/EngineDebugMaterials/M_SimpleUnlitTranslucent.uasset" 3577
"/Engine/EngineFonts/Roboto" 3578
"../../../Engine/Content/EngineFonts/Roboto.uasset" 3579
"../../../Engine/Content/EngineFonts/Faces/DroidSansFallback.uasset" 3580
"../../../Engine/Content/EngineFonts/Faces/RobotoBold.uasset" 3581
"../../../Engine/Content/EngineFonts/Faces/RobotoBoldItalic.uasset" 3582
"../../../Engine/Content/EngineFonts/Faces/RobotoItalic.uasset" 3583
"../../../Engine/Content/EngineFonts/Faces/RobotoLight.uasset" 3584
"../../../Engine/Content/EngineFonts/Faces/RobotoRegular.uasset" 3585
"/Engine/EditorMaterials/ParticleSystems/PSysThumbnail_NoImage" 3586
"../../../Engine/Content/EditorMaterials/ParticleSystems/PSysThumbnail_NoImage.uasset" 3587
"/Engine/EditorMaterials/ParticleSystems/PSysThumbnail_OOD" 3588
"../../../Engine/Content/EditorMaterials/ParticleSystems/PSysThumbnail_OOD.uasset" 3589
"/Engine/EngineResources/LandscapeVisibilityLayerInfo" 3590
"../../../Engine/Content/EngineResources/LandscapeVisibilityLayerInfo.uasset" 3591
"/ACLPlugin/ACLAnimBoneCompressionSettings" 3592
"../../Plugins/Animation/ACLPlugin/Content/ACLAnimBoneCompressionSettings.uasset" 3593
"/Engine/Animation/DefaultRecorderBoneCompression" 3594
"../../../Engine/Content/Animation/DefaultRecorderBoneCompression.uasset" 3595
"/ACLPlugin/ACLAnimCurveCompressionSettings" 3596
"../../Plugins/Animation/ACLPlugin/Content/ACLAnimCurveCompressionSettings.uasset" 3597
"/Engine/Animation/DefaultVariableFrameStrippingSettings" 3598
"../../../Engine/Content/Animation/DefaultVariableFrameStrippingSettings.uasset" 3599
"/ControlRig/Controls/ControlRigXRayMaterial" 3600
"../../Plugins/Animation/ControlRig/Content/Controls/ControlRigXRayMaterial.uasset" 3601
"/ControlRig/Controls/DefaultGizmoLibraryNormalized" 3602
"../../Plugins/Animation/ControlRig/Content/Controls/DefaultGizmoLibraryNormalized.uasset" 3603
"/AudioWidgets/Resources/ScrubHandleDown_Clamped" 3604
"../../Plugins/Runtime/AudioWidgets/Content/Resources/ScrubHandleDown_Clamped.uasset" 3605
"/Paper2D/MaskedUnlitSpriteMaterial" 3606
"../../Plugins/2D/Paper2D/Content/MaskedUnlitSpriteMaterial.uasset" 3607
"../../Plugins/2D/Paper2D/Content/DefaultSpriteMaterial.uasset" 3608
"../../Plugins/2D/Paper2D/Content/PlaceholderTextures/DummySpriteTexture.uasset" 3609
"/Paper2D/OpaqueUnlitSpriteMaterial" 3610
"../../Plugins/2D/Paper2D/Content/OpaqueUnlitSpriteMaterial.uasset" 3611
"/Paper2D/DefaultPaperTerrainMaterial" 3612
"../../Plugins/2D/Paper2D/Content/DefaultPaperTerrainMaterial.uasset" 3613
"../../Plugins/2D/Paper2D/Content/DummySprite.uasset" 3614
"/ControlRig/M_Manip" 3615
"../../Plugins/Animation/ControlRig/Content/M_Manip.uasset" 3616
"../../../Engine/Content/Functions/Engine_MaterialFunctions02/WorldPositionOffset/CameraOffset.uasset" 3617
"/SpeedTreeImporter/SpeedTree9/SpeedTreeMaster" 3618
"../../Plugins/Editor/SpeedTreeImporter/Content/SpeedTree9/SpeedTreeMaster.uasset" 3619
"../../../Engine/Content/Functions/Engine_MaterialFunctions02/ObjectLocalBounds.uasset" 3620
"../../../Engine/Content/Functions/Engine_MaterialFunctions02/SafeNormalize.uasset" 3621
"../../../Engine/Content/Functions/Engine_MaterialFunctions02/Utility/VectorLength.uasset" 3622
"../../../Engine/Content/Functions/Engine_MaterialFunctions02/UVs/BoundingBoxBased_0-1_UVW.uasset" 3623
"../../../Engine/Content/Functions/Engine_MaterialFunctions02/WorldPositionOffset/ObjectScale.uasset" 3624
"../../Plugins/Editor/SpeedTreeImporter/Content/SpeedTree9/SpeedTreeBranchMotion.uasset" 3625
"../../Plugins/Editor/SpeedTreeImporter/Content/SpeedTree9/SpeedTreeCameraFacing.uasset" 3626
"../../Plugins/Editor/SpeedTreeImporter/Content/SpeedTree9/SpeedTreeWind.uasset" 3627
"../../Plugins/Editor/SpeedTreeImporter/Content/SpeedTree9/SpeedTreeWindMotion.uasset" 3628
"../../Plugins/Editor/SpeedTreeImporter/Content/SpeedTree9/UnpackDirection.uasset" 3629
"../../Plugins/Editor/SpeedTreeImporter/Content/SpeedTree9/UnpackInteger3.uasset" 3630
"../../Plugins/Editor/SpeedTreeImporter/Content/SpeedTree9/Empty.uasset" 3631
"../../Plugins/Editor/SpeedTreeImporter/Content/SpeedTree9/EmptyNormal.uasset" 3632
"../../Plugins/Editor/SpeedTreeImporter/Content/SpeedTree9/game_wind_noise.uasset" 3633
"/SpeedTreeImporter/SpeedTree9/SpeedTreeBillboardMaster" 3634
"../../Plugins/Editor/SpeedTreeImporter/Content/SpeedTree9/SpeedTreeBillboardMaster.uasset" 3635
"../../Plugins/Editor/SpeedTreeImporter/Content/SpeedTree9/SpeedTreeBillboard.uasset" 3636
"/MediaPlate/SM_MediaPlateScreen" 3637
"../../Plugins/Media/MediaPlate/Content/SM_MediaPlateScreen.uasset" 3638
"/Engine/BasicShapes/BasicShapeMaterial" 3639
"../../../Engine/Content/BasicShapes/BasicShapeMaterial.uasset" 3640
"/Engine/EditorMaterials/Dataflow/DataflowVertexMaterial" 3641
"../../../Engine/Content/EditorMaterials/Dataflow/DataflowVertexMaterial.uasset" 3642
"/Engine/EditorMaterials/Dataflow/DataflowTwoSidedVertexMaterial" 3643
"../../../Engine/Content/EditorMaterials/Dataflow/DataflowTwoSidedVertexMaterial.uasset" 3644
"/Engine/EditorLandscapeResources/LayerVisMaterial" 3645
"../../../Engine/Content/EditorLandscapeResources/LayerVisMaterial.uasset" 3646
"../../../Engine/Content/EditorLandscapeResources/WhiteSquareTexture.uasset" 3647
"/Engine/EditorLandscapeResources/SelectBrushMaterial_Selected" 3648
"../../../Engine/Content/EditorLandscapeResources/SelectBrushMaterial_Selected.uasset" 3649
"../../../Engine/Content/EditorLandscapeResources/SelectBrushMaterial.uasset" 3650
"../../../Engine/Content/Functions/Engine_MaterialFunctions03/Math/WithinRangeFloat2.uasset" 3651
"../../../Engine/Content/EditorLandscapeResources/DefaultAlphaTexture.uasset" 3652
"/Engine/EditorLandscapeResources/SelectBrushMaterial_SelectedRegion" 3653
"../../../Engine/Content/EditorLandscapeResources/SelectBrushMaterial_SelectedRegion.uasset" 3654
"/Engine/EditorLandscapeResources/MaskBrushMaterial_MaskedRegion" 3655
"../../../Engine/Content/EditorLandscapeResources/MaskBrushMaterial_MaskedRegion.uasset" 3656
"../../../Engine/Content/EditorLandscapeResources/MaskBrushMaterial.uasset" 3657
"/Engine/EditorLandscapeResources/ColorMaskBrushMaterial_MaskedRegion" 3658
"../../../Engine/Content/EditorLandscapeResources/ColorMaskBrushMaterial_MaskedRegion.uasset" 3659
"../../../Engine/Content/EditorLandscapeResources/ColorMaskBrushMaterial.uasset" 3660
"/Engine/EditorLandscapeResources/LandscapeDirtyMaterial" 3661
"../../../Engine/Content/EditorLandscapeResources/LandscapeDirtyMaterial.uasset" 3662
"/Engine/EditorLandscapeResources/LandscapeLayerUsageMaterial" 3663
"../../../Engine/Content/EditorLandscapeResources/LandscapeLayerUsageMaterial.uasset" 3664
"../../../Engine/Content/Functions/Engine_MaterialFunctions01/Debug/DebugIntValues.uasset" 3665
"../../../Engine/Content/Functions/Engine_MaterialFunctions01/Texturing/ScaleUVsByCenter.uasset" 3666
"../../../Engine/Content/Functions/Engine_MaterialFunctions02/WorldPositionOffset/LocalPosition.uasset" 3667
"../../../Engine/Content/Functions/Engine_MaterialFunctions01/Texturing/TextureCropping.uasset" 3668
"../../../Engine/Content/Functions/Engine_MaterialFunctions02/ExampleContent/DebugNumberStrip.uasset" 3669
"C:/Users/neo/AppData/Local/UnrealEngine/Editor/UInteractiveToolsPresetCollectionAsset_DefaultCollection.json" 3670
"/Engine/EngineMaterials/NaniteHiddenSectionMaterial" 3671
"../../../Engine/Content/EngineMaterials/NaniteHiddenSectionMaterial.uasset" 3672
"/Engine/EngineMaterials/RemoveSurfaceMaterial" 3673
"../../../Engine/Content/EngineMaterials/RemoveSurfaceMaterial.uasset" 3674
"/Engine/EngineDebugMaterials/DebugMeshMaterial" 3675
"../../../Engine/Content/EngineDebugMaterials/DebugMeshMaterial.uasset" 3676
"/Engine/EngineMaterials/EmissiveMeshMaterial" 3677
"../../../Engine/Content/EngineMaterials/EmissiveMeshMaterial.uasset" 3678
"../../../Engine/Content/EngineMaterials/DefaultWhiteGrid_Low.uasset" 3679
"/Engine/EngineMaterials/M_InvalidLightmapSettings" 3680
"../../../Engine/Content/EngineMaterials/M_InvalidLightmapSettings.uasset" 3681
"../../../Engine/Content/EngineMaterials/InvalidLightmapSettings.uasset" 3682
"/Engine/EngineMaterials/GizmoMaterial" 3683
"../../../Engine/Content/EngineMaterials/GizmoMaterial.uasset" 3684
"/Engine/EngineMaterials/PhAT_JointLimitMaterial" 3685
"../../../Engine/Content/EngineMaterials/PhAT_JointLimitMaterial.uasset" 3686
"/Engine/EngineMaterials/FlattenMaterial" 3687
"../../../Engine/Content/EngineMaterials/FlattenMaterial.uasset" 3688
"../../../Engine/Content/EngineMaterials/BaseFlattenDiffuseMap.uasset" 3689
"../../../Engine/Content/EngineMaterials/BaseFlattenEmissiveMap.uasset" 3690
"../../../Engine/Content/EngineMaterials/BaseFlattenGrayscaleMap.uasset" 3691
"../../../Engine/Content/EngineMaterials/BaseFlattenLinearColor.uasset" 3692
"../../../Engine/Content/EngineMaterials/BaseFlattenNormalMap.uasset" 3693
"../../../Engine/Content/Functions/Engine_MaterialFunctions02/PivotPainter2/Black_1x1_EXR_Texture.uasset" 3694
"/Engine/EngineMaterials/FlattenMaterial_VT" 3695
"../../../Engine/Content/EngineMaterials/FlattenMaterial_VT.uasset" 3696
"../../../Engine/Content/EngineMaterials/BaseFlattenDiffuseMap_VT.uasset" 3697
"../../../Engine/Content/EngineMaterials/BaseFlattenEmissiveMap_VT.uasset" 3698
"../../../Engine/Content/EngineMaterials/BaseFlattenGrayscaleMap_VT.uasset" 3699
"../../../Engine/Content/EngineMaterials/BaseFlattenLinearColor_VT.uasset" 3700
"../../../Engine/Content/EngineMaterials/BaseFlattenNormalMap_VT.uasset" 3701
"../../../Engine/Content/EngineMaterials/Black_1x1_EXR_Texture_VT.uasset" 3702
"/Engine/EngineMaterials/FlattenMaterial_WS_Normal_VT" 3703
"../../../Engine/Content/EngineMaterials/FlattenMaterial_WS_Normal_VT.uasset" 3704
"/Engine/EngineMaterials/Good64x64TilingNoiseHighFreq" 3705
"../../../Engine/Content/EngineMaterials/Good64x64TilingNoiseHighFreq.uasset" 3706
"/Engine/EngineMaterials/DefaultBokeh" 3707
"../../../Engine/Content/EngineMaterials/DefaultBokeh.uasset" 3708
"/Engine/EngineMaterials/MiniFont" 3709
"../../../Engine/Content/EngineMaterials/MiniFont.uasset" 3710
"/Engine/EngineMaterials/WeightMapPlaceholderTexture" 3711
"../../../Engine/Content/EngineMaterials/WeightMapPlaceholderTexture.uasset" 3712
"/Engine/EngineMaterials/WeightMapArrayPlaceholderTexture" 3713
"../../../Engine/Content/EngineMaterials/WeightMapArrayPlaceholderTexture.uasset" 3714
"/Engine/EngineMaterials/DefaultWhiteGrid" 3715
"../../../Engine/Content/EngineMaterials/DefaultWhiteGrid.uasset" 3716
"/Engine/EngineMaterials/PreintegratedSkinBRDF" 3717
"../../../Engine/Content/EngineMaterials/PreintegratedSkinBRDF.uasset" 3718
"/Engine/EngineMaterials/LTC/GGX_LTCAmp" 3719
"../../../Engine/Content/EngineMaterials/LTC/GGX_LTCAmp.uasset" 3720
"/Engine/EngineMaterials/LTC/GGX_LTCMat" 3721
"../../../Engine/Content/EngineMaterials/LTC/GGX_LTCMat.uasset" 3722
"/Engine/EngineMaterials/DefaultPhysicalMaterial" 3723
"../../../Engine/Content/EngineMaterials/DefaultPhysicalMaterial.uasset" 3724
"/Engine/EngineMaterials/DefaultDestructiblePhysicalMaterial" 3725
"../../../Engine/Content/EngineMaterials/DefaultDestructiblePhysicalMaterial.uasset" 3726
"C:/Users/neo/AppData/Local/UnrealEngine/Editor/ProjectEditorRecords.json" 3727
"/Niagara/ParameterDefinitions/SpriteRenderer" 3728
"../../Plugins/FX/Niagara/Content/ParameterDefinitions/SpriteRenderer.uasset" 3729
"/Niagara/ParameterDefinitions/RibbonRenderer" 3730
"../../Plugins/FX/Niagara/Content/ParameterDefinitions/RibbonRenderer.uasset" 3731
"/Niagara/ParameterDefinitions/MeshRenderer" 3732
"../../Plugins/FX/Niagara/Content/ParameterDefinitions/MeshRenderer.uasset" 3733
"/Niagara/ParameterDefinitions/LightRenderer" 3734
"../../Plugins/FX/Niagara/Content/ParameterDefinitions/LightRenderer.uasset" 3735
"/Niagara/ParameterDefinitions/DecalRenderer" 3736
"../../Plugins/FX/Niagara/Content/ParameterDefinitions/DecalRenderer.uasset" 3737
"/Niagara/ParameterDefinitions/CoreParameters" 3738
"../../Plugins/FX/Niagara/Content/ParameterDefinitions/CoreParameters.uasset" 3739
"/DeformerGraph/Deformers/DG_LinearBlendSkin_Morph_Cloth" 3740
"../../Plugins/Animation/DeformerGraph/Content/Deformers/DG_LinearBlendSkin_Morph_Cloth.uasset" 3741
"../../Plugins/Animation/DeformerGraph/Content/DeformerFunctions/DG_Function_LinearBlendSkin_Morph_Cloth.uasset" 3742
"/DeformerGraph/Deformers/DG_LinearBlendSkin_Morph_Cloth_RecomputeNormals" 3743
"../../Plugins/Animation/DeformerGraph/Content/Deformers/DG_LinearBlendSkin_Morph_Cloth_RecomputeNormals.uasset" 3744
"../../Plugins/Animation/DeformerGraph/Content/DeformerFunctions/DG_Function_ComputeNormalsTangents.uasset" 3745
"../../Plugins/Animation/DeformerGraph/Content/DeformerFunctions/DG_Function_LinearBlendSkin_Morph_Cloth_PositionOnly.uasset" 3746
"/Engine/BasicShapes/Sphere" 3747
"../../../Engine/Content/BasicShapes/Sphere.uasset" 3748
"../../../Engine/Content/EngineMaterials/DefaultMaterial.uasset" 3749
"/Engine/BasicShapes/Cylinder" 3750
"../../../Engine/Content/BasicShapes/Cylinder.uasset" 3751
"/Engine/BasicShapes/Cone" 3752
"../../../Engine/Content/BasicShapes/Cone.uasset" 3753
"/Engine/BasicShapes/Plane" 3754
"../../../Engine/Content/BasicShapes/Plane.uasset" 3755
"../../../Engine/Documentation/Source/Shared/Types/ABrush/ABrush.INT.udn" 3756
"../../../Engine/Content/Internationalization/icudt64l/brkitr/en_US.res" 3757
"../../../Engine/Content/Internationalization/icudt64l/brkitr/en.res" 3758
"../../../Engine/Content/Internationalization/icudt64l/brkitr/root.res" 3759
"../../../Engine/Content/Internationalization/icudt64l/brkitr/char.brk" 3760
"../../../Engine/Content/Internationalization/icudt64l/brkitr/word.brk" 3761
"/Engine/EditorResources/SequenceRecorder/Countdown" 3762
"../../../Engine/Content/EditorResources/SequenceRecorder/Countdown.uasset" 3763
"/Engine/EditorResources/SequenceRecorder/RecordingIndicator" 3764
"../../../Engine/Content/EditorResources/SequenceRecorder/RecordingIndicator.uasset" 3765
"/Engine/EditorMaterials/PhAT_UnselectedMaterial" 3766
"../../../Engine/Content/EditorMaterials/PhAT_UnselectedMaterial.uasset" 3767
"/Engine/EditorMaterials/PhAT_NoCollisionMaterial" 3768
"../../../Engine/Content/EditorMaterials/PhAT_NoCollisionMaterial.uasset" 3769
"/Engine/EngineFonts/DroidSansMono" 3770
"../../../Engine/Content/EngineFonts/DroidSansMono.uasset" 3771
"../../../Engine/Content/EngineFonts/Faces/DroidSansMono.uasset" 3772
"/Engine/EditorResources/S_Terrain" 3773
"../../../Engine/Content/EditorResources/S_Terrain.uasset" 3774
"../../../Engine/Plugins/FX/Niagara/Shaders/Private/NiagaraDataInterfaceTexture2DArrayTemplate.ush" 3775
"../../../Engine/Plugins/FX/Niagara/Shaders/Private/NiagaraDataInterfaceActorComponentTemplate.ush" 3776
"../../../Engine/Plugins/FX/Niagara/Shaders/Private/NiagaraDataInterfaceArrayTemplate.ush" 3777
"../../../Engine/Plugins/FX/Niagara/Shaders/Private/NiagaraDataInterfaceArrayRWTemplate.ush" 3778
"../../../Engine/Plugins/FX/Niagara/Shaders/Private/NiagaraDataInterfaceAsyncGpuTrace.ush" 3779
"../../../Engine/Plugins/FX/Niagara/Shaders/Private/NiagaraDataInterfaceAsyncGpuTraceTemplate.ush" 3780
"../../../Engine/Plugins/FX/Niagara/Shaders/Private/NiagaraDataInterfaceCamera.ush" 3781
"../../../Engine/Plugins/Experimental/ChaosNiagara/Shaders/NiagaraDataInterfaceChaosDestruction.ush" 3782
"../../../Engine/Plugins/FX/Niagara/Shaders/Private/NiagaraDataInterfaceCollisionQuery.ush" 3783
"L:/GitHub/massey-unreal/NeoTeAikaSem1/Intermediate/ShaderAutogen/PCD3D_SM5/AutogenShaderHeaders.ush" 3784
"../../../Engine/Plugins/FX/Niagara/Shaders/Private/NiagaraDataInterfaceCollisionQueryTemplate.ush" 3785
"../../../Engine/Plugins/FX/Niagara/Shaders/Private/NiagaraDataInterfaceCurveTemplate.ush" 3786
"../../../Engine/Plugins/FX/Niagara/Shaders/Private/NiagaraDataInterfaceCubeTextureTemplate.ush" 3787
"../../../Engine/Plugins/FX/Niagara/Shaders/Private/DataChannel/NiagaraDataInterfaceDataChannelCommon.ush" 3788
"../../../Engine/Plugins/FX/Niagara/Shaders/Private/DataChannel/NiagaraDataInterfaceDataChannelTemplateCommon.ush" 3789
"../../../Engine/Plugins/FX/Niagara/Shaders/Private/DataChannel/NiagaraDataInterfaceDataChannelTemplateReadCommon.ush" 3790
"../../../Engine/Plugins/FX/Niagara/Shaders/Private/DataChannel/NiagaraDataInterfaceDataChannelTemplate_Read.ush" 3791
"../../../Engine/Plugins/FX/Niagara/Shaders/Private/DataChannel/NiagaraDataInterfaceDataChannelTemplate_Consume.ush" 3792
"../../../Engine/Plugins/FX/Niagara/Shaders/Private/DataChannel/NiagaraDataInterfaceDataChannelTemplateWriteCommon.ush" 3793
"../../../Engine/Plugins/FX/Niagara/Shaders/Private/DataChannel/NiagaraDataInterfaceDataChannelTemplate_Append.ush" 3794
"../../../Engine/Plugins/FX/Niagara/Shaders/Private/NiagaraDataInterfaceDataTableTemplate.ush" 3795
"../../../Engine/Plugins/FX/Niagara/Shaders/Private/NiagaraDataInterfaceDebugDraw.ush" 3796
"../../../Engine/Plugins/FX/Niagara/Shaders/Private/NiagaraDataInterfaceDebugDrawTemplate.ush" 3797
"../../../Engine/Plugins/FX/Niagara/Shaders/Private/NiagaraDataInterfaceDynamicMeshTemplate.ush" 3798
"../../../Engine/Plugins/FX/Niagara/Shaders/Private/NiagaraDataInterfaceEmitterPropertiesTemplate.ush" 3799
"../../../Engine/Plugins/FX/Niagara/Shaders/Private/NiagaraDataInterfaceExportTemplate.ush" 3800
"../../../Engine/Plugins/FX/Niagara/Shaders/Private/NiagaraDataInterfaceGBufferTemplate.ush" 3801
"../../../Engine/Plugins/Experimental/ChaosNiagara/Shaders/NiagaraDataInterfaceGeometryCollection.ush" 3802
"../../../Engine/Plugins/FX/Niagara/Shaders/Private/NiagaraTransformUtils.ush" 3803
"../../../Engine/Plugins/Runtime/HairStrands/Shaders/Private/NiagaraStrandsExternalForce.ush" 3804
"../../../Engine/Plugins/Runtime/HairStrands/Shaders/Private/NiagaraHookeSpringMaterial.ush" 3805
"../../../Engine/Plugins/Runtime/HairStrands/Shaders/Private/NiagaraAngularSpringMaterial.ush" 3806
"../../../Engine/Plugins/Runtime/HairStrands/Shaders/Private/NiagaraConstantVolumeMaterial.ush" 3807
"../../../Engine/Plugins/Runtime/HairStrands/Shaders/Private/NiagaraCosseratRodMaterial.ush" 3808
"../../../Engine/Plugins/Runtime/HairStrands/Shaders/Private/NiagaraStaticCollisionConstraint.ush" 3809
"../../../Engine/Plugins/Runtime/HairStrands/Shaders/Private/NiagaraDataInterfaceHairStrands.ush" 3810
"../../../Engine/Plugins/Runtime/HairStrands/Shaders/Private/NiagaraDataInterfaceHairStrandsTemplate.ush" 3811
"../../../Engine/Plugins/FX/Niagara/Shaders/Private/NiagaraDataInterfaceIntRenderTarget2D.ush" 3812
"../../../Engine/Plugins/FX/Niagara/Shaders/Private/NiagaraDataInterfaceLandscape.ush" 3813
"../../../Engine/Plugins/FX/Niagara/Shaders/Private/NiagaraDataInterfaceMemoryBufferTemplate.ush" 3814
"../../../Engine/Plugins/FX/Niagara/Shaders/Private/NiagaraDataInterfaceMeshRendererInfoTemplate.ush" 3815
"../../../Engine/Plugins/FX/Niagara/Shaders/Private/NiagaraDataInterfaceOcclusion.ush" 3816
"../../../Engine/Plugins/FX/Niagara/Shaders/Private/NiagaraDataInterfacePhysicsAsset.ush" 3817
"../../../Engine/Plugins/Experimental/ChaosNiagara/Shaders/NiagaraDataInterfacePhysicsField.ush" 3818
"../../../Engine/Plugins/FX/Niagara/Shaders/Private/NiagaraDataInterfacePlatformSetTemplate.ush" 3819
"../../../Engine/Plugins/Runtime/HairStrands/Shaders/Private/NiagaraDataInterfaceVelocityGrid.ush" 3820
"../../../Engine/Plugins/Runtime/HairStrands/Shaders/Private/NiagaraDataInterfaceVelocityGridTemplate.ush" 3821
"../../../Engine/Plugins/Runtime/HairStrands/Shaders/Private/NiagaraDataInterfacePressureGrid.ush" 3822
"../../../Engine/Plugins/Runtime/HairStrands/Shaders/Private/NiagaraDataInterfacePressureGridTemplate.ush" 3823
"../../../Engine/Plugins/FX/Niagara/Shaders/Private/NiagaraDataInterfaceRenderTarget2DTemplate.ush" 3824
"../../../Engine/Plugins/FX/Niagara/Shaders/Private/NiagaraDataInterfaceRenderTarget2DArrayTemplate.ush" 3825
"../../../Engine/Plugins/FX/Niagara/Shaders/Private/NiagaraDataInterfaceRenderTargetCubeTemplate.ush" 3826
"../../../Engine/Plugins/FX/Niagara/Shaders/Private/NiagaraDataInterfaceRenderTargetVolumeTemplate.ush" 3827
"../../../Engine/Plugins/FX/Niagara/Shaders/Private/NiagaraDataInterfaceRigidMeshCollisionQuery.ush" 3828
"../../../Engine/Plugins/FX/Niagara/Shaders/Private/NiagaraDistanceFieldQueries.ush" 3829
"../../../Engine/Plugins/FX/Niagara/Shaders/Private/NiagaraDataInterfaceSceneCapture2DTemplate.ush" 3830
"../../../Engine/Plugins/FX/Niagara/Shaders/Private/NiagaraDataInterfaceSimCacheReaderTemplate.ush" 3831
"../../../Engine/Plugins/FX/Niagara/Shaders/Private/NiagaraDataInterfaceSimpleCounterTemplate.ush" 3832
"../../../Engine/Plugins/FX/Niagara/Shaders/Private/NiagaraDataInterfaceSkeletalMesh.ush" 3833
"../../../Engine/Plugins/FX/Niagara/Shaders/Private/NiagaraBaryCentricUtils.ush" 3834
"../../../Engine/Plugins/FX/Niagara/Shaders/Private/NiagaraDataInterfaceSkeletalMeshTemplate.ush" 3835
"../../../Engine/Plugins/FX/Niagara/Shaders/Private/NiagaraDataInterfaceSocketReaderTemplate.ush" 3836
"../../../Engine/Plugins/FX/Niagara/Shaders/Private/NiagaraDataInterfaceSparseVolumeTextureTemplate.ush" 3837
"../../../Engine/Plugins/FX/Niagara/Shaders/Private/NiagaraDataInterfaceSplineTemplate.ush" 3838
"../../../Engine/Plugins/FX/Niagara/Shaders/Private/NiagaraDataInterfaceSpriteRendererInfoTemplate.ush" 3839
"../../../Engine/Plugins/FX/Niagara/Shaders/Private/NiagaraDataInterfaceStaticMeshTemplate.ush" 3840
"../../../Engine/Plugins/FX/Niagara/Shaders/Private/NiagaraDataInterfaceTextureTemplate.ush" 3841
"../../../Engine/Plugins/FX/Niagara/Shaders/Private/NiagaraDataInterfaceVirtualTexture.ush" 3842
"../../../Engine/Plugins/FX/Niagara/Shaders/Private/NiagaraDataInterfaceVirtualTextureTemplate.ush" 3843
"../../../Engine/Plugins/FX/Niagara/Shaders/Private/NiagaraDataInterfaceVolumeCache.ush" 3844
"../../../Engine/Plugins/FX/Niagara/Shaders/Private/NiagaraDataInterfaceVolumeTextureTemplate.ush" 3845
"L:/GitHub/massey-unreal/NeoTeAikaSem1/Content/NeoGame/Art/MaterialLibrary/Pylon.uasset" 3846
"L:/GitHub/massey-unreal/NeoTeAikaSem1/Content/LevelPrototyping/Materials/M_Solid.uasset" 3847
"L:/GitHub/massey-unreal/NeoTeAikaSem1/Content/NeoGame/Art/MaterialLibrary/Purple/texture_09.uasset" 3848
"L:/GitHub/massey-unreal/NeoTeAikaSem1/Content/NeoGame/Blueprints/BP_Init.uasset" 3849
"L:/GitHub/massey-unreal/NeoTeAikaSem1/Content/NeoGame/Art/Models/pylon_base.uasset" 3850
"L:/GitHub/massey-unreal/NeoTeAikaSem1/Content/NeoGame/Art/TextureCameraMat_Mat.uasset" 3851
"L:/GitHub/massey-unreal/NeoTeAikaSem1/Content/NeoGame/Art/Models/alien.uasset" 3852
"L:/GitHub/massey-unreal/NeoTeAikaSem1/Content/NeoGame/Art/MaterialLibrary/Purple/texture_09_Mat.uasset" 3853
"L:/GitHub/massey-unreal/NeoTeAikaSem1/Content/NeoGame/Blueprints/placeholderPylon.uasset" 3854
"L:/GitHub/massey-unreal/NeoTeAikaSem1/Content/NeoGame/Art/MaterialLibrary/Light/texture_06.uasset" 3855
"L:/GitHub/massey-unreal/NeoTeAikaSem1/Content/NeoGame/Art/MaterialLibrary/Orange/texture_09_Mat.uasset" 3856
"L:/GitHub/massey-unreal/NeoTeAikaSem1/Content/NeoGame/Art/MaterialLibrary/Emissive/matLightRed.uasset" 3857
"L:/GitHub/massey-unreal/NeoTeAikaSem1/Content/NeoGame/Art/MaterialLibrary/Orange/texture_09.uasset" 3858
"/Game/NeoGame/Art/MaterialLibrary/Pylon" 3859
"L:/GitHub/massey-unreal/NeoTeAikaSem1/Content/NeoGame/Art/MaterialLibrary/Light/texture_06_Mat.uasset" 3860
"L:/GitHub/massey-unreal/NeoTeAikaSem1/Content/NeoGame/Art/MaterialLibrary/Green/texture_02_Mat.uasset" 3861
"L:/GitHub/massey-unreal/NeoTeAikaSem1/Content/NeoGame/Art/MaterialLibrary/Green/texture_02.uasset" 3862
"L:/GitHub/massey-unreal/NeoTeAikaSem1/Content/FPWeapon/Mesh/FirstPersonProjectileMesh.uasset" 3863
"L:/GitHub/massey-unreal/NeoTeAikaSem1/Content/FirstPerson/Input/Actions/IA_Shoot.uasset" 3864
"L:/GitHub/massey-unreal/NeoTeAikaSem1/Content/NeoGame/Art/MaterialLibrary/Emissive/matLightGreen.uasset" 3865
"L:/GitHub/massey-unreal/NeoTeAikaSem1/Content/FPWeapon/Materials/BaseMaterial.uasset" 3866
"L:/GitHub/massey-unreal/NeoTeAikaSem1/Content/FPWeapon/Materials/FirstPersonProjectileMaterial.uasset" 3867
"L:/GitHub/massey-unreal/NeoTeAikaSem1/Content/NeoGame/Art/TextureCameraMat.uasset" 3868
"L:/GitHub/massey-unreal/NeoTeAikaSem1/Content/NeoGame/Art/MaterialLibrary/Red/texture_09_Mat.uasset" 3869
"L:/GitHub/massey-unreal/NeoTeAikaSem1/Content/NeoGame/Art/MaterialLibrary/Red/texture_09.uasset" 3870
"L:/GitHub/massey-unreal/NeoTeAikaSem1/Content/FirstPerson/Input/Actions/IA_Move.uasset" 3871
"L:/GitHub/massey-unreal/NeoTeAikaSem1/Content/LevelPrototyping/Materials/MI_Solid_Blue.uasset" 3872
"L:/GitHub/massey-unreal/NeoTeAikaSem1/Content/NeoGame/Art/MaterialLibrary/Emissive/matEmissive.uasset" 3873
"L:/GitHub/massey-unreal/NeoTeAikaSem1/Content/FirstPerson/Blueprints/BP_FirstPersonProjectile.uasset" 3874
"L:/GitHub/massey-unreal/NeoTeAikaSem1/Content/FirstPerson/Input/IMC_Weapons.uasset" 3875
"L:/GitHub/massey-unreal/NeoTeAikaSem1/Content/FirstPerson/Input/Actions/IA_Look.uasset" 3876
"L:/GitHub/massey-unreal/NeoTeAikaSem1/Content/FirstPerson/Input/Actions/IA_Jump.uasset" 3877
"/Game/LevelPrototyping/Materials/M_Solid" 3878
"/Game/StarterContent/Particles/Materials/m_flare_01" 3879
"/Game/NeoGame/Art/MaterialLibrary/Purple/texture_09" 3880
"L:/GitHub/massey-unreal/NeoTeAikaSem1/Content/FirstPersonArms/Character/Textures/Shared/T_UE_Logo_M.uasset" 3881
"L:/GitHub/massey-unreal/NeoTeAikaSem1/Content/FirstPersonArms/Character/Materials/Functions/ML_BaseColorFallOff.uasset" 3882
"L:/GitHub/massey-unreal/NeoTeAikaSem1/Content/FirstPersonArms/Character/Materials/Functions/MF_logo3layers.uasset" 3883
"L:/GitHub/massey-unreal/NeoTeAikaSem1/Content/FirstPersonArms/Character/Materials/Functions/MF_Diffraction.uasset" 3884
"/Game/NeoGame/Art/TextureCameraMat_Mat" 3885
"/Game/NeoGame/Art/Models/pylon_base" 3886
"/Game/LevelPrototyping/Materials/MI_Solid_Blue" 3887
"/Game/NeoGame/Art/Models/alien" 3888
"/Game/NeoGame/Blueprints/BP_Init" 3889
"/Game/NeoGame/Blueprints/placeholderPylon" 3890
"/Game/NeoGame/Art/MaterialLibrary/Red/texture_09" 3891
"/Game/NeoGame/Art/MaterialLibrary/Red/texture_09_Mat" 3892
"/Game/NeoGame/Art/MaterialLibrary/Purple/texture_09_Mat" 3893
"/Game/NeoGame/Art/MaterialLibrary/Orange/texture_09" 3894
"/Game/NeoGame/Art/MaterialLibrary/Orange/texture_09_Mat" 3895
"/Game/NeoGame/Art/MaterialLibrary/Light/texture_06" 3896
"/Game/NeoGame/Art/MaterialLibrary/Light/texture_06_Mat" 3897
"/Game/NeoGame/Art/MaterialLibrary/Green/texture_02" 3898
"/Game/NeoGame/Art/MaterialLibrary/Green/texture_02_Mat" 3899
"/Game/NeoGame/Art/MaterialLibrary/Emissive/matLightRed" 3900
"/Game/NeoGame/Art/MaterialLibrary/Emissive/matLightGreen" 3901
"/Game/FPWeapon/Materials/BaseMaterial" 3902
"/Game/FPWeapon/Materials/FirstPersonProjectileMaterial" 3903
"/Game/FPWeapon/Mesh/FirstPersonProjectileMesh" 3904
"/Game/FirstPerson/Blueprints/BP_FirstPersonProjectile" 3905
"/Game/FirstPerson/Input/Actions/IA_Shoot" 3906
"/Game/FirstPerson/Input/IMC_Weapons" 3907
"/Game/FirstPerson/Input/Actions/IA_Jump" 3908
"/Game/FirstPerson/Input/Actions/IA_Look" 3909
"/Game/FirstPerson/Input/Actions/IA_Move" 3910
"L:/GitHub/massey-unreal/NeoTeAikaSem1/Content/FirstPersonArms/Character/Materials/M_Mannequin.uasset" 3911
"L:/GitHub/massey-unreal/NeoTeAikaSem1/Content/FirstPersonArms/Character/Materials/Functions/CA_Mannequin.uasset" 3912
"L:/GitHub/massey-unreal/NeoTeAikaSem1/Content/FirstPersonArms/Character/Materials/Functions/ChromaticCurve.uasset" 3913
"/Game/FirstPersonArms/Character/Materials/Functions/MF_logo3layers" 3914
"L:/GitHub/massey-unreal/NeoTeAikaSem1/Content/FirstPersonArms/Character/Materials/Instances/Manny/MI_Manny_01.uasset" 3915
"L:/GitHub/massey-unreal/NeoTeAikaSem1/Content/FirstPersonArms/Character/Textures/Manny/T_Manny_01_ASAOPMASK_MSK.uasset" 3916
"L:/GitHub/massey-unreal/NeoTeAikaSem1/Content/FirstPersonArms/Character/Textures/Manny/T_Manny_01_D.uasset" 3917
"L:/GitHub/massey-unreal/NeoTeAikaSem1/Content/FirstPersonArms/Character/Textures/Manny/T_Manny_01_CCRCCPlastic_MSK.uasset" 3918
"L:/GitHub/massey-unreal/NeoTeAikaSem1/Content/FirstPersonArms/Character/Textures/Manny/T_Manny_01_Tan.uasset" 3919
"L:/GitHub/massey-unreal/NeoTeAikaSem1/Content/FirstPersonArms/Character/Textures/Manny/T_Manny_01_MSR_MSK.uasset" 3920
"L:/GitHub/massey-unreal/NeoTeAikaSem1/Content/FirstPersonArms/Character/Textures/Manny/T_Manny_01_N.uasset" 3921
"L:/GitHub/massey-unreal/NeoTeAikaSem1/Content/FirstPersonArms/Character/Textures/Manny/T_Manny_02_BN.uasset" 3922
"L:/GitHub/massey-unreal/NeoTeAikaSem1/Content/FirstPersonArms/Character/Textures/Manny/T_Manny_02_CCRCCPlastic_MSK.uasset" 3923
"L:/GitHub/massey-unreal/NeoTeAikaSem1/Content/FirstPersonArms/Character/Textures/Manny/T_Manny_02_D.uasset" 3924
"L:/GitHub/massey-unreal/NeoTeAikaSem1/Content/FirstPersonArms/Character/Textures/Manny/T_Manny_02_MSR_MSK.uasset" 3925
"L:/GitHub/massey-unreal/NeoTeAikaSem1/Content/FirstPersonArms/Character/Textures/Manny/T_Manny_02_Tan.uasset" 3926
"L:/GitHub/massey-unreal/NeoTeAikaSem1/Content/FirstPersonArms/Character/Materials/Instances/Manny/MI_Manny_02.uasset" 3927
"L:/GitHub/massey-unreal/NeoTeAikaSem1/Content/FirstPersonArms/Character/Textures/Manny/T_Manny_01_BN.uasset" 3928
"L:/GitHub/massey-unreal/NeoTeAikaSem1/Content/FirstPersonArms/Character/Mesh/SK_Mannequin_Arms_PhysicsAsset.uasset" 3929
"L:/GitHub/massey-unreal/NeoTeAikaSem1/Content/FirstPersonArms/Character/Mesh/SK_Mannequin_Arms.uasset" 3930
"L:/GitHub/massey-unreal/NeoTeAikaSem1/Content/FirstPersonArms/Animations/FP_Falling.uasset" 3931
"L:/GitHub/massey-unreal/NeoTeAikaSem1/Content/FirstPersonArms/Animations/FP_Idle.uasset" 3932
"L:/GitHub/massey-unreal/NeoTeAikaSem1/Content/FirstPersonArms/Character/Textures/Manny/T_Manny_02_ASAOPMASK_MSK.uasset" 3933
"L:/GitHub/massey-unreal/NeoTeAikaSem1/Content/FirstPersonArms/Animations/FP_Land.uasset" 3934
"L:/GitHub/massey-unreal/NeoTeAikaSem1/Content/FirstPersonArms/Character/Textures/Manny/T_Manny_02_N.uasset" 3935
"L:/GitHub/massey-unreal/NeoTeAikaSem1/Content/FirstPersonArms/Animations/FP_Rifle_Jump.uasset" 3936
"L:/GitHub/massey-unreal/NeoTeAikaSem1/Content/FirstPersonArms/Animations/FP_Jump.uasset" 3937
"L:/GitHub/massey-unreal/NeoTeAikaSem1/Content/FirstPersonArms/Animations/FP_Rifle_Falling.uasset" 3938
"L:/GitHub/massey-unreal/NeoTeAikaSem1/Content/FirstPersonArms/Animations/FP_Rifle_Idle.uasset" 3939
"/Game/FirstPersonArms/Character/Materials/Functions/ML_BaseColorFallOff" 3940
"L:/GitHub/massey-unreal/NeoTeAikaSem1/Content/FirstPersonArms/Animations/FP_Rifle_Land.uasset" 3941
"L:/GitHub/massey-unreal/NeoTeAikaSem1/Content/FirstPersonArms/Animations/FP_Rifle_Run.uasset" 3942
"L:/GitHub/massey-unreal/NeoTeAikaSem1/Content/FirstPersonArms/Animations/FP_Run_Fwd.uasset" 3943
"/Game/FirstPersonArms/Animations/FP_Rifle_Jump" 3944
"../../../Engine/Content/Animation/DefaultAnimBoneCompressionSettings.uasset" 3945
"../../../Engine/Content/Animation/DefaultAnimCurveCompressionSettings.uasset" 3946
"L:/GitHub/massey-unreal/NeoTeAikaSem1/Content/FirstPersonArms/Character/Mesh/SK_Mannequin_Arms_Skeleton.uasset" 3947
"/Game/FirstPersonArms/Character/Materials/Functions/MF_Diffraction" 3948
"/Game/FirstPersonArms/Animations/FP_Rifle_Idle" 3949
"/Game/FirstPersonArms/Animations/FP_Rifle_Falling" 3950
"/Game/FirstPersonArms/Animations/FP_Land" 3951
"/Game/FirstPersonArms/Animations/FP_Jump" 3952
"/Game/FirstPersonArms/Animations/FP_Idle" 3953
"/Game/FirstPersonArms/Animations/FP_Falling" 3954
"/Game/FirstPersonArms/Character/Mesh/SK_Mannequin_Arms" 3955
"L:/GitHub/massey-unreal/NeoTeAikaSem1/Content/FirstPersonArms/Animations/FirstPerson_AnimBP.uasset" 3956
"L:/GitHub/massey-unreal/NeoTeAikaSem1/Content/FirstPerson/Blueprints/BP_FirstPersonCharacter.uasset" 3957
"L:/GitHub/massey-unreal/NeoTeAikaSem1/Content/FPWeapon/Audio/FirstPersonTemplateWeaponFire02.uasset" 3958
"L:/GitHub/massey-unreal/NeoTeAikaSem1/Content/FPWeapon/Materials/MaterialLayers/ML_Plastic_Shiny_Beige.uasset" 3959
"L:/GitHub/massey-unreal/NeoTeAikaSem1/Content/FPWeapon/Materials/MaterialLayers/ML_SoftMetal_UE4.uasset" 3960
"/Game/FirstPersonArms/Animations/FP_Run_Fwd" 3961
"L:/GitHub/massey-unreal/NeoTeAikaSem1/Content/FPWeapon/Materials/MaterialLayers/T_ML_Aluminum01_N.uasset" 3962
"L:/GitHub/massey-unreal/NeoTeAikaSem1/Content/FPWeapon/Materials/MaterialLayers/ML_GlossyBlack_Latex_UE4.uasset" 3963
"L:/GitHub/massey-unreal/NeoTeAikaSem1/Content/FPWeapon/Materials/MaterialLayers/ML_Screen.uasset" 3964
"L:/GitHub/massey-unreal/NeoTeAikaSem1/Content/FPWeapon/Materials/MaterialLayers/T_ML_Rubber_Blue_01_D.uasset" 3965
"L:/GitHub/massey-unreal/NeoTeAikaSem1/Content/FPWeapon/Materials/MaterialLayers/T_ML_Rubber_Blue_01_N.uasset" 3966
"L:/GitHub/massey-unreal/NeoTeAikaSem1/Content/FPWeapon/Textures/T_FPGun_M.uasset" 3967
"L:/GitHub/massey-unreal/NeoTeAikaSem1/Content/FPWeapon/Materials/MaterialLayers/T_ML_Aluminum01.uasset" 3968
"L:/GitHub/massey-unreal/NeoTeAikaSem1/Content/FPWeapon/Textures/T_FPGun_N.uasset" 3969
"L:/GitHub/massey-unreal/NeoTeAikaSem1/Content/FirstPersonArms/Animations/FP_Rifle_Shoot_Montage.uasset" 3970
"L:/GitHub/massey-unreal/NeoTeAikaSem1/Content/FirstPersonArms/Animations/FP_Rifle_Fire.uasset" 3971
"../../../Engine/Content/Functions/Engine_MaterialFunctions02/Utility/BlendAngleCorrectedNormals.uasset" 3972
"L:/GitHub/massey-unreal/NeoTeAikaSem1/Content/FPWeapon/Materials/M_FPGun.uasset" 3973
"L:/GitHub/massey-unreal/NeoTeAikaSem1/Content/FPWeapon/Mesh/SK_FPGun_Physics.uasset" 3974
"L:/GitHub/massey-unreal/NeoTeAikaSem1/Content/FPWeapon/Mesh/SK_FPGun_Skeleton.uasset" 3975
"L:/GitHub/massey-unreal/NeoTeAikaSem1/Content/FirstPerson/Blueprints/BP_Weapon_Component.uasset" 3976
"../../../Engine/Content/EditorBlueprintResources/StandardMacros.uasset" 3977
"L:/GitHub/massey-unreal/NeoTeAikaSem1/Content/NeoGame/Art/UI/xhair1.uasset" 3978
"L:/GitHub/massey-unreal/NeoTeAikaSem1/Content/NeoGame/Art/UI/ui_corner.uasset" 3979
"L:/GitHub/massey-unreal/NeoTeAikaSem1/Content/NeoGame/Art/ui_border_rim.uasset" 3980
"L:/GitHub/massey-unreal/NeoTeAikaSem1/Content/NeoGame/Art/xhair.uasset" 3981
"L:/GitHub/massey-unreal/NeoTeAikaSem1/Content/NeoGame/UI/PlayerHUD.uasset" 3982
"L:/GitHub/massey-unreal/NeoTeAikaSem1/Content/FPWeapon/Mesh/SK_FPGun.uasset" 3983
"../../../Engine/Content/Functions/MaterialLayerFunctions/MatLayerBlend_Simple.uasset" 3984
"../../../Engine/Content/Functions/MaterialLayerFunctions/MatLayerBlend_NormalBlend.uasset" 3985
"/Game/FirstPersonArms/Animations/FP_Rifle_Run" 3986
"/Game/FirstPersonArms/Animations/FP_Rifle_Land" 3987
"L:/GitHub/massey-unreal/NeoTeAikaSem1/Content/NeoGame/Player/BP_PlayerN.uasset" 3988
"/Game/NeoGame/Art/UI/ui_corner" 3989
"/Game/NeoGame/Art/UI/xhair1" 3990
"/Game/FirstPerson/Blueprints/BP_Weapon_Component" 3991
"/Game/NeoGame/Art/ui_border_rim" 3992
"/Game/NeoGame/Art/xhair" 3993
"/Game/NeoGame/UI/PlayerHUD" 3994
"L:/GitHub/massey-unreal/NeoTeAikaSem1/Content/NeoGame/Blueprints/BP_Door.uasset" 3995
"L:/GitHub/massey-unreal/NeoTeAikaSem1/Content/NeoGame/Levels/TestLevel_BuiltData.uasset" 3996
"L:/GitHub/massey-unreal/NeoTeAikaSem1/Content/NeoGame/Objects/FakeSky.uasset" 3997
"/Game/StarterContent/Textures/T_Door_N" 3998
"L:/GitHub/massey-unreal/NeoTeAikaSem1/Content/NeoGame/Art/Models/skyobj_tex.uasset" 3999
"L:/GitHub/massey-unreal/NeoTeAikaSem1/Content/NeoGame/Core/GM_FirstPersonGame.uasset" 4000
"L:/GitHub/massey-unreal/NeoTeAikaSem1/Content/NeoGame/Player/BP_PlayerNController.uasset" 4001
"L:/GitHub/massey-unreal/NeoTeAikaSem1/Content/NeoGame/Art/Models/skyobj.uasset" 4002
"L:/GitHub/massey-unreal/NeoTeAikaSem1/Content/NeoGame/Art/Models/skyobj_mat.uasset" 4003
"../../../Engine/Content/EngineSounds/Submixes/MasterReverbEffectPreset.uasset" 4004
"../../../Engine/Plugins/Interchange/Assets/Content/gltf/MaterialBodies/MF_ClearCoat_Body.uasset" 4005
"../../../Engine/Plugins/Interchange/Assets/Content/gltf/Textures/T_Anisotropy_Direction_Linear.uasset" 4006
"../../../Engine/Content/EngineSounds/Submixes/MasterEQSubmixDefault.uasset" 4007
"../../../Engine/Content/EngineSounds/Submixes/MasterEQEffectPreset.uasset" 4008
"../../../Engine/Plugins/Interchange/Assets/Content/gltf/MaterialFunctions/MF_Clearcoat.uasset" 4009
"../../../Engine/Plugins/Interchange/Assets/Content/gltf/MaterialFunctions/MF_Emissive.uasset" 4010
"../../../Engine/Content/Functions/Engine_MaterialFunctions01/Texturing/FlattenNormal.uasset" 4011
"../../../Engine/Plugins/Interchange/Assets/Content/gltf/MaterialFunctions/MF_Specular.uasset" 4012
"../../../Engine/Content/EngineSounds/Submixes/MasterReverbSubmixDefault.uasset" 4013
"../../../Engine/Plugins/Interchange/Assets/Content/gltf/MaterialFunctions/MF_Occlusion.uasset" 4014
"../../../Engine/Plugins/Interchange/Assets/Content/gltf/MaterialFunctions/MF_SpecularAnisotropy.uasset" 4015
"../../../Engine/Content/EngineSounds/Submixes/MasterSubmixDefault.uasset" 4016
"/Game/StarterContent/Textures/T_Door_M" 4017
"/Game/NeoGame/Player/BP_PlayerN" 4018
"../../../Engine/Plugins/Interchange/Assets/Content/gltf/Textures/T_Generic_N.uasset" 4019
"../../../Engine/Plugins/Interchange/Assets/Content/gltf/MaterialFunctions/MF_ScaleNormal.uasset" 4020
"../../../Engine/Plugins/Interchange/Assets/Content/gltf/MaterialFunctions/MF_RotateNormals_TS.uasset" 4021
"/InterchangeAssets/gltf/MaterialFunctions/MF_Occlusion" 4022
"../../Plugins/Interchange/Assets/Content/gltf/Textures/T_White_Linear.uasset" 4023
"/InterchangeAssets/gltf/MaterialFunctions/MF_Specular" 4024
"../../Plugins/Interchange/Assets/Content/gltf/Textures/T_White_srgb.uasset" 4025
"/InterchangeAssets/gltf/MaterialFunctions/MF_SpecularAnisotropy" 4026
"/InterchangeAssets/gltf/MaterialFunctions/MF_Emissive" 4027
"/Engine/Functions/Engine_MaterialFunctions01/Texturing/FlattenNormal" 4028
"/Engine/EngineSounds/Submixes/MasterReverbSubmixDefault" 4029
"../../../Engine/Plugins/Interchange/Assets/Content/Functions/MF_IridescenceNoLUT.uasset" 4030
"../../../Engine/Content/Functions/Engine_MaterialFunctions03/Math/RemapValueRange.uasset" 4031
"../../../Engine/Plugins/Interchange/Assets/Content/Functions/MF_Iridescence.uasset" 4032
"../../../Engine/Plugins/Interchange/Assets/Content/Utilities/New_LUT.uasset" 4033
"../../../Engine/Plugins/Interchange/Assets/Content/gltf/MaterialFunctions/MF_Normals.uasset" 4034
"../../../Engine/Plugins/Interchange/Assets/Content/gltf/MaterialFunctions/MF_IOR.uasset" 4035
"../../../Engine/Plugins/Interchange/Assets/Content/gltf/MaterialFunctions/MF_MetallicRoughness.uasset" 4036
"../../../Engine/Plugins/Interchange/Assets/Content/gltf/MaterialFunctions/MF_TransformUVs.uasset" 4037
"../../../Engine/Plugins/Interchange/Assets/Content/gltf/MaterialFunctions/MF_Iridescence.uasset" 4038
"../../../Engine/Plugins/Interchange/Assets/Content/gltf/MaterialFunctions/MF_BaseColor.uasset" 4039
"../../../Engine/Plugins/Interchange/Assets/Content/gltf/MaterialFunctions/MF_RotateV2.uasset" 4040
"/InterchangeAssets/gltf/MaterialFunctions/MF_Clearcoat" 4041
"/Game/NeoGame/Art/Models/skyobj_tex" 4042
"/Game/StarterContent/Props/Materials/M_Door" 4043
"/Game/NeoGame/Art/Models/skyobj_mat" 4044
"/Game/NeoGame/Art/Models/skyobj" 4045
"/Game/StarterContent/Textures/T_Brick_Clay_New_D" 4046
"/Game/StarterContent/Textures/T_Brick_Clay_New_M" 4047
"/Game/StarterContent/Textures/T_Brick_Clay_New_N" 4048
"/Game/StarterContent/Textures/T_Detail_Rocky_N" 4049
"/Game/StarterContent/Textures/T_MacroVariation" 4050
"/Game/NeoGame/Blueprints/BP_Door" 4051
"/Game/NeoGame/Levels/TestLevel_BuiltData" 4052
"/InterchangeAssets/gltf/MaterialFunctions/MF_ScaleNormal" 4053
"/Game/NeoGame/Objects/FakeSky" 4054
"/Game/StarterContent/Materials/M_Brick_Clay_New" 4055
"/Game/NeoGame/Player/BP_PlayerNController" 4056
"/Game/NeoGame/Levels/TestLevel" 4057
"/Game/NeoGame/Core/GM_FirstPersonGame" 4058
"../../../Engine/Plugins/Interchange/Assets/Content/gltf/M_ClearCoat.uasset" 4059
"../../../Engine/Plugins/Interchange/Assets/Content/gltf/MaterialBodies/MF_Default_Body.uasset" 4060
"../../../Engine/Plugins/Interchange/Assets/Content/gltf/M_Default.uasset" 4061
"/Engine/Functions/Engine_MaterialFunctions03/Math/RemapValueRange" 4062
"../../../Engine/Plugins/Interchange/Assets/Content/gltf/MaterialInstances/MI_ClearCoat_Blend.uasset" 4063
"../../../Engine/Plugins/Interchange/Assets/Content/gltf/MaterialInstances/MI_ClearCoat_Opaque.uasset" 4064
"../../../Engine/Plugins/Interchange/Assets/Content/gltf/MaterialInstances/MI_ClearCoat_Mask.uasset" 4065
"../../../Engine/Plugins/Interchange/Assets/Content/gltf/MaterialInstances/MI_ClearCoat_Blend_DS.uasset" 4066
"../../../Engine/Plugins/Interchange/Assets/Content/gltf/MaterialInstances/MI_ClearCoat_Opaque_DS.uasset" 4067
"../../../Engine/Plugins/Interchange/Assets/Content/gltf/MaterialInstances/MI_ClearCoat_Mask_DS.uasset" 4068
"../../../Engine/Plugins/Interchange/Assets/Content/gltf/MaterialBodies/MF_Sheen_Body.uasset" 4069
"../../../Engine/Plugins/Interchange/Assets/Content/gltf/MaterialInstances/MI_Default_Mask.uasset" 4070
"../../../Engine/Plugins/Interchange/Assets/Content/gltf/MaterialInstances/MI_Default_Mask_DS.uasset" 4071
"../../../Engine/Plugins/Interchange/Assets/Content/gltf/MaterialInstances/MI_Default_Opaque.uasset" 4072
"../../../Engine/Plugins/Interchange/Assets/Content/gltf/M_Sheen.uasset" 4073
"../../../Engine/Plugins/Interchange/Assets/Content/gltf/MaterialFunctions/MF_Sheen.uasset" 4074
"../../../Engine/Plugins/Interchange/Assets/Content/gltf/MaterialInstances/MI_Default_Opaque_DS.uasset" 4075
"../../../Engine/Plugins/Interchange/Assets/Content/gltf/MaterialInstances/MI_Default_Blend.uasset" 4076
"../../../Engine/Plugins/Interchange/Assets/Content/gltf/MaterialInstances/MI_Default_Blend_DS.uasset" 4077
"../../../Engine/Plugins/Interchange/Assets/Content/gltf/MaterialInstances/MI_Sheen_Opaque.uasset" 4078
"../../../Engine/Plugins/Interchange/Assets/Content/gltf/MaterialInstances/MI_Sheen_Mask.uasset" 4079
"/InterchangeAssets/gltf/MaterialFunctions/MF_BaseColor" 4080
"/InterchangeAssets/gltf/MaterialFunctions/MF_RotateV2" 4081
"/InterchangeAssets/gltf/MaterialFunctions/MF_TransformUVs" 4082
"/InterchangeAssets/gltf/MaterialBodies/MF_ClearCoat_Body" 4083
"/InterchangeAssets/Utilities/New_LUT" 4084
"/InterchangeAssets/Functions/MF_Iridescence" 4085
"../../../Engine/Plugins/Interchange/Assets/Content/gltf/MaterialBodies/MF_Transmission_Body.uasset" 4086
"../../../Engine/Plugins/Interchange/Assets/Content/gltf/M_Transmission.uasset" 4087
"../../../Engine/Plugins/Interchange/Assets/Content/gltf/MaterialFunctions/MF_Fresnel_DS.uasset" 4088
"../../../Engine/Content/Functions/Engine_MaterialFunctions02/Texturing/ScreenAlignedPixelToPixelUVs.uasset" 4089
"../../../Engine/Plugins/Interchange/Assets/Content/gltf/MaterialInstances/MI_Sheen_Opaque_DS.uasset" 4090
"../../../Engine/Plugins/Interchange/Assets/Content/gltf/MaterialInstances/MI_Sheen_Blend.uasset" 4091
"../../../Engine/Plugins/Interchange/Assets/Content/gltf/MaterialFunctions/MF_Temporal_Blur.uasset" 4092
"../../../Engine/Plugins/Interchange/Assets/Content/gltf/MaterialFunctions/MF_Transmission.uasset" 4093
"../../../Engine/Plugins/Interchange/Assets/Content/gltf/MaterialInstances/MI_Sheen_Mask_DS.uasset" 4094
"/InterchangeAssets/gltf/MaterialInstances/MI_Sheen_Mask" 4095
"../../../Engine/Plugins/Interchange/Assets/Content/gltf/MaterialInstances/MI_Sheen_Blend_DS.uasset" 4096
"../../../Engine/Plugins/Interchange/Assets/Content/gltf/MaterialInstances/MI_Transmission_DS.uasset" 4097
"../../../Engine/Plugins/Interchange/Assets/Content/gltf/MaterialInstances/MI_Transmission.uasset" 4098
"/InterchangeAssets/gltf/MaterialInstances/MI_Sheen_Opaque" 4099
"../../../Engine/Plugins/Interchange/Assets/Shaders/ThinFilmFunctions.usf" 4100
"/InterchangeAssets/gltf/MaterialInstances/MI_Default_Blend_DS" 4101
"/InterchangeAssets/gltf/MaterialInstances/MI_Default_Mask_DS" 4102
"/InterchangeAssets/gltf/MaterialInstances/MI_Default_Opaque_DS" 4103
"/InterchangeAssets/gltf/MaterialInstances/MI_Default_Blend" 4104
"/InterchangeAssets/gltf/MaterialInstances/MI_Default_Mask" 4105
"/InterchangeAssets/gltf/MaterialInstances/MI_Default_Opaque" 4106
"/InterchangeAssets/gltf/MaterialInstances/MI_ClearCoat_Blend_DS" 4107
"/InterchangeAssets/gltf/MaterialInstances/MI_ClearCoat_Mask_DS" 4108
"/InterchangeAssets/gltf/MaterialInstances/MI_ClearCoat_Opaque_DS" 4109
"/InterchangeAssets/gltf/MaterialInstances/MI_ClearCoat_Blend" 4110
"/InterchangeAssets/gltf/MaterialInstances/MI_ClearCoat_Mask" 4111
"/InterchangeAssets/gltf/MaterialInstances/MI_ClearCoat_Opaque" 4112
"/InterchangeAssets/gltf/MaterialInstances/MI_Transmission_DS" 4113
"../../../Engine/Plugins/Interchange/Assets/Content/gltf/MaterialFunctions/MF_PerceivedBrightness.uasset" 4114
"../../../Engine/Plugins/Interchange/Assets/Content/gltf/MaterialFunctions/MF_SpecGlossToMetalRoughness.uasset" 4115
"../../../Engine/Content/Functions/Engine_MaterialFunctions01/Volumetrics/BeersLaw.uasset" 4116
"../../../Engine/Plugins/Interchange/Assets/Content/gltf/M_SpecularGlossiness.uasset" 4117
"../../../Engine/Plugins/Interchange/Assets/Content/gltf/MaterialInstances/MI_SpecularGlossiness_Mask_DS.uasset" 4118
"../../../Engine/Plugins/Interchange/Assets/Content/gltf/MaterialInstances/MI_SpecularGlossiness_Mask.uasset" 4119
"../../../Engine/Plugins/Interchange/Assets/Content/gltf/MaterialInstances/MI_SpecularGlossiness_Opaque_DS.uasset" 4120
"../../../Engine/Content/Functions/Engine_MaterialFunctions02/Math/AddComponents.uasset" 4121
"../../../Engine/Plugins/Interchange/Assets/Content/gltf/MaterialInstances/MI_SpecularGlossiness_Opaque.uasset" 4122
"../../../Engine/Plugins/Interchange/Assets/Content/gltf/MaterialInstances/MI_SpecularGlossiness_Blend.uasset" 4123
"../../../Engine/Plugins/Interchange/Assets/Content/gltf/MaterialBodies/MF_SpecularGlossiness_Body.uasset" 4124
"../../../Engine/Plugins/Interchange/Assets/Content/gltf/MaterialFunctions/MF_DiffuseSpecGloss.uasset" 4125
"../../../Engine/Plugins/Interchange/Assets/Content/Functions/MX_Transmission.uasset" 4126
"../../../Engine/Plugins/Interchange/Assets/Content/gltf/MaterialFunctions/MF_MaxComponentValue.uasset" 4127
"../../../Engine/Plugins/Interchange/Assets/Content/gltf/MaterialInstances/MI_SpecularGlossiness_Blend_DS.uasset" 4128
"../../../Engine/Content/Functions/Substrate/MF_SchlickInternal.uasset" 4129
"../../../Engine/Plugins/Interchange/Assets/Content/Functions/MF_OrenNayerView.uasset" 4130
"../../../Engine/Plugins/Interchange/Assets/Content/Functions/MX_StandardSurface.uasset" 4131
"../../../Engine/Plugins/Interchange/Assets/Content/Functions/MX_TransmissionSurface.uasset" 4132
"../../../Engine/Plugins/Interchange/Assets/Content/Functions/MX_OpenPBR_Translucent.uasset" 4133
"/InterchangeAssets/gltf/MaterialInstances/MI_Transmission" 4134
"/InterchangeAssets/gltf/MaterialInstances/MI_Sheen_Blend_DS" 4135
"/InterchangeAssets/gltf/MaterialInstances/MI_Sheen_Mask_DS" 4136
"/InterchangeAssets/gltf/MaterialInstances/MI_Sheen_Opaque_DS" 4137
"/InterchangeAssets/gltf/MaterialInstances/MI_Sheen_Blend" 4138
"../../../Engine/Plugins/Interchange/Assets/Content/gltf/M_Unlit.uasset" 4139
"../../../Engine/Plugins/Interchange/Assets/Content/gltf/MaterialBodies/MF_Unlit_Body.uasset" 4140
"../../../Engine/Plugins/Interchange/Assets/Content/gltf/MaterialInstances/MI_Unlit_Opaque.uasset" 4141
"../../../Engine/Plugins/Interchange/Assets/Content/gltf/MaterialInstances/MI_Unlit_Mask.uasset" 4142
"../../../Engine/Plugins/Interchange/Assets/Content/gltf/MaterialInstances/MI_Unlit_Blend.uasset" 4143
"/InterchangeAssets/Functions/MX_OpenPBR_Translucent" 4144
"../../../Engine/Plugins/Interchange/Assets/Content/gltf/MaterialInstances/MI_Unlit_Opaque_DS.uasset" 4145
"../../../Engine/Plugins/Interchange/Assets/Content/gltf/MaterialInstances/MI_Unlit_Mask_DS.uasset" 4146
"../../../Engine/Plugins/Interchange/Assets/Content/gltf/MaterialInstances/MI_Unlit_Blend_DS.uasset" 4147
"../../../Engine/Plugins/Animation/ControlRig/Content/Controls/ControlRig_Sphere_solid.uasset" 4148
"../../../Engine/Plugins/Interchange/Assets/Content/Functions/MX_OpenPBR_Opaque.uasset" 4149
"../../../Engine/Plugins/Animation/ControlRig/Content/Controls/ControlRig_Arrow2_1mm.uasset" 4150
"../../../Engine/Plugins/Animation/ControlRig/Content/Controls/ControlRig_Arrow2_3mm.uasset" 4151
"/InterchangeAssets/gltf/MaterialInstances/MI_SpecularGlossiness_Blend_DS" 4152
"/InterchangeAssets/gltf/MaterialInstances/MI_SpecularGlossiness_Mask_DS" 4153
"/InterchangeAssets/gltf/MaterialInstances/MI_SpecularGlossiness_Opaque_DS" 4154
"/InterchangeAssets/gltf/MaterialInstances/MI_SpecularGlossiness_Blend" 4155
"/InterchangeAssets/gltf/MaterialInstances/MI_SpecularGlossiness_Mask" 4156
"/InterchangeAssets/gltf/MaterialInstances/MI_SpecularGlossiness_Opaque" 4157
"/ControlRig/Controls/ControlRig_Arrow2_3mm" 4158
"../../../Engine/Plugins/Animation/ControlRig/Content/Controls/ControlRig_Arrow4_1mm.uasset" 4159
"../../../Engine/Plugins/Animation/ControlRig/Content/Controls/ControlRig_Arrow2_solid.uasset" 4160
"../../../Engine/Plugins/Animation/ControlRig/Content/Controls/ControlRig_Arrow4_3mm.uasset" 4161
"../../../Engine/Plugins/Animation/ControlRig/Content/Controls/ControlRig_Arrow4_solid.uasset" 4162
"../../../Engine/Plugins/Animation/ControlRig/Content/Controls/ControlRig_Box_1mm.uasset" 4163
"../../../Engine/Plugins/Animation/ControlRig/Content/Controls/ControlRig_Arrow_1mm.uasset" 4164
"../../../Engine/Plugins/Animation/ControlRig/Content/Controls/ControlRig_Circle_1mm.uasset" 4165
"../../../Engine/Plugins/Animation/ControlRig/Content/Controls/ControlRig_Circle_3mm.uasset" 4166
"../../../Engine/Plugins/Animation/ControlRig/Content/Controls/ControlRig_Arrow_solid.uasset" 4167
"../../../Engine/Plugins/Animation/ControlRig/Content/Controls/ControlRig_Box_solid.uasset" 4168
"../../../Engine/Plugins/Animation/ControlRig/Content/Controls/ControlRig_Box_3mm.uasset" 4169
"../../../Engine/Plugins/Animation/ControlRig/Content/Controls/ControlRig_Arrow_3mm.uasset" 4170
"../../../Engine/Plugins/Animation/ControlRig/Content/Controls/ControlRig_Circle_solid.uasset" 4171
"../../../Engine/Plugins/Animation/ControlRig/Content/Controls/ControlRig_Diamond_1mm.uasset" 4172
"../../../Engine/Plugins/Animation/ControlRig/Content/Controls/ControlRig_Diamond_solid.uasset" 4173
"../../../Engine/Plugins/Animation/ControlRig/Content/Controls/ControlRig_Diamond_3mm.uasset" 4174
"../../../Engine/Plugins/Animation/ControlRig/Content/Controls/ControlRig_HalfCircle_1mm.uasset" 4175
"../../../Engine/Plugins/Animation/ControlRig/Content/Controls/ControlRig_HalfCircle_3mm.uasset" 4176
"../../../Engine/Plugins/Animation/ControlRig/Content/Controls/ControlRig_Hexagon_1mm.uasset" 4177
"../../../Engine/Plugins/Animation/ControlRig/Content/Controls/ControlRig_HalfCircle_solid.uasset" 4178
"/ControlRig/Controls/ControlRig_Arrow2_1mm" 4179
"/ControlRig/Controls/ControlRig_Sphere_solid" 4180
"/InterchangeAssets/Functions/MX_OpenPBR_Opaque" 4181
"/InterchangeAssets/gltf/MaterialInstances/MI_Unlit_Blend_DS" 4182
"/InterchangeAssets/gltf/MaterialInstances/MI_Unlit_Mask_DS" 4183
"/InterchangeAssets/gltf/MaterialInstances/MI_Unlit_Opaque_DS" 4184
"/InterchangeAssets/gltf/MaterialInstances/MI_Unlit_Blend" 4185
"/InterchangeAssets/gltf/MaterialInstances/MI_Unlit_Mask" 4186
"/InterchangeAssets/gltf/MaterialInstances/MI_Unlit_Opaque" 4187
"/ControlRig/Controls/ControlRig_Hexagon_1mm" 4188
"../../../Engine/Plugins/Animation/ControlRig/Content/Controls/ControlRig_Hexagon_3mm.uasset" 4189
"../../../Engine/Plugins/Animation/ControlRig/Content/Controls/ControlRig_Hexagon_solid.uasset" 4190
"../../../Engine/Plugins/Animation/ControlRig/Content/Controls/ControlRig_QuarterCircle_3mm.uasset" 4191
"../../../Engine/Plugins/Animation/ControlRig/Content/Controls/ControlRig_Pyramid_1mm.uasset" 4192
"../../../Engine/Plugins/Animation/ControlRig/Content/Controls/ControlRig_Pyramid_3mm.uasset" 4193
"../../../Engine/Plugins/Animation/ControlRig/Content/Controls/ControlRig_Pyramid_solid.uasset" 4194
"../../../Engine/Plugins/Animation/ControlRig/Content/Controls/ControlRig_RoundedSquare_1mm.uasset" 4195
"../../../Engine/Plugins/Animation/ControlRig/Content/Controls/ControlRig_QuarterCircle_solid.uasset" 4196
"../../../Engine/Plugins/Animation/ControlRig/Content/Controls/ControlRig_Octagon_3mm.uasset" 4197
"../../../Engine/Plugins/Animation/ControlRig/Content/Controls/ControlRig_QuarterCircle_1mm.uasset" 4198
"../../../Engine/Plugins/Animation/ControlRig/Content/Controls/ControlRig_Octagon_solid.uasset" 4199
"../../../Engine/Plugins/Animation/ControlRig/Content/Controls/ControlRig_Octagon_1mm.uasset" 4200
"/ControlRig/Controls/ControlRig_HalfCircle_solid" 4201
"/ControlRig/Controls/ControlRig_HalfCircle_3mm" 4202
"/ControlRig/Controls/ControlRig_HalfCircle_1mm" 4203
"/ControlRig/Controls/ControlRig_Diamond_solid" 4204
"/ControlRig/Controls/ControlRig_Diamond_3mm" 4205
"/ControlRig/Controls/ControlRig_Diamond_1mm" 4206
"/ControlRig/Controls/ControlRig_Circle_solid" 4207
"/ControlRig/Controls/ControlRig_Circle_3mm" 4208
"/ControlRig/Controls/ControlRig_Circle_1mm" 4209
"/ControlRig/Controls/ControlRig_Box_solid" 4210
"/ControlRig/Controls/ControlRig_Box_3mm" 4211
"/ControlRig/Controls/ControlRig_Box_1mm" 4212
"/ControlRig/Controls/ControlRig_Arrow_solid" 4213
"/ControlRig/Controls/ControlRig_Arrow_3mm" 4214
"/ControlRig/Controls/ControlRig_Arrow_1mm" 4215
"/ControlRig/Controls/ControlRig_Arrow4_solid" 4216
"/ControlRig/Controls/ControlRig_Arrow4_3mm" 4217
"/ControlRig/Controls/ControlRig_Arrow4_1mm" 4218
"/ControlRig/Controls/ControlRig_Arrow2_solid" 4219
"/ControlRig/Controls/ControlRig_RoundedSquare_1mm" 4220
"../../../Engine/Plugins/Animation/ControlRig/Content/Controls/ControlRig_RoundedSquare_3mm.uasset" 4221
"/ControlRig/Controls/ControlRig_QuarterCircle_solid" 4222
"/ControlRig/Controls/ControlRig_QuarterCircle_3mm" 4223
"/ControlRig/Controls/ControlRig_QuarterCircle_1mm" 4224
"/ControlRig/Controls/ControlRig_Pyramid_solid" 4225
"/ControlRig/Controls/ControlRig_Pyramid_3mm" 4226
"/ControlRig/Controls/ControlRig_Pyramid_1mm" 4227
"/ControlRig/Controls/ControlRig_Octagon_solid" 4228
"/ControlRig/Controls/ControlRig_Octagon_3mm" 4229
"/ControlRig/Controls/ControlRig_Octagon_1mm" 4230
"/ControlRig/Controls/ControlRig_Hexagon_solid" 4231
"/ControlRig/Controls/ControlRig_Hexagon_3mm" 4232
"../../../Engine/Plugins/Animation/ControlRig/Content/Controls/ControlRig_Sphere_3mm.uasset" 4233
"../../../Engine/Plugins/Animation/ControlRig/Content/Controls/ControlRig_RoundedTriangle_solid.uasset" 4234
"../../../Engine/Plugins/Animation/ControlRig/Content/Controls/ControlRig_Sphere_1mm.uasset" 4235
"../../../Engine/Plugins/Animation/ControlRig/Content/Controls/ControlRig_RoundedTriangle_3mm.uasset" 4236
"../../../Engine/Plugins/Animation/ControlRig/Content/Controls/ControlRig_Triangle_1mm.uasset" 4237
"../../../Engine/Plugins/Animation/ControlRig/Content/Controls/ControlRig_Square_1mm.uasset" 4238
"../../../Engine/Plugins/Animation/ControlRig/Content/Controls/ControlRig_Square_3mm.uasset" 4239
"../../../Engine/Plugins/Animation/ControlRig/Content/Controls/ControlRig_Star4_3mm.uasset" 4240
"../../../Engine/Plugins/Animation/ControlRig/Content/Controls/ControlRig_Square_solid.uasset" 4241
"../../../Engine/Plugins/Animation/ControlRig/Content/Controls/ControlRig_RoundedTriangle_1mm.uasset" 4242
"../../../Engine/Plugins/Animation/ControlRig/Content/Controls/ControlRig_Star4_solid.uasset" 4243
"../../../Engine/Plugins/Animation/ControlRig/Content/Controls/ControlRig_Triangle_3mm.uasset" 4244
"../../../Engine/Plugins/Animation/ControlRig/Content/Controls/ControlRig_Star4_1mm.uasset" 4245
"../../../Engine/Plugins/Animation/ControlRig/Content/Controls/ControlRig_RoundedSquare_solid.uasset" 4246
"../../../Engine/Plugins/Animation/ControlRig/Content/Controls/ControlRig_Triangle_solid.uasset" 4247
"../../../Engine/Plugins/Animation/ControlRig/Content/Controls/ControlRig_Wedge_1mm.uasset" 4248
"../../../Engine/Content/Maps/Entry.umap" 4249
"../../../Engine/Content/Maps/Entry_BuiltData.uasset" 4250
"../../../Engine/Plugins/Animation/ControlRig/Content/Controls/ControlRig_Wedge_solid.uasset" 4251
"../../../Engine/Plugins/Animation/ControlRig/Content/Controls/ControlRig_Wedge_3mm.uasset" 4252
"/ControlRig/Controls/ControlRig_RoundedSquare_3mm" 4253
"/ControlRig/Controls/ControlRig_Star4_solid" 4254
"/ControlRig/Controls/ControlRig_Star4_3mm" 4255
"/ControlRig/Controls/ControlRig_Star4_1mm" 4256
"/ControlRig/Controls/ControlRig_Square_solid" 4257
"/ControlRig/Controls/ControlRig_Square_3mm" 4258
"/ControlRig/Controls/ControlRig_Square_1mm" 4259
"/ControlRig/Controls/ControlRig_Sphere_3mm" 4260
"/ControlRig/Controls/ControlRig_Sphere_1mm" 4261
"/ControlRig/Controls/ControlRig_RoundedTriangle_solid" 4262
"/ControlRig/Controls/ControlRig_RoundedTriangle_3mm" 4263
"/ControlRig/Controls/ControlRig_RoundedTriangle_1mm" 4264
"/ControlRig/Controls/ControlRig_RoundedSquare_solid" 4265
"/Engine/Maps/Entry" 4266
"/ControlRig/Controls/ControlRig_Wedge_solid" 4267
"/ControlRig/Controls/ControlRig_Wedge_3mm" 4268
"/ControlRig/Controls/ControlRig_Wedge_1mm" 4269
"/ControlRig/Controls/ControlRig_Triangle_solid" 4270
"/ControlRig/Controls/ControlRig_Triangle_3mm" 4271
"/ControlRig/Controls/ControlRig_Triangle_1mm" 4272
"../../../Engine/Content/EditorMaterials/PreviewShadowIndicator.uasset" 4273
"../../../Engine/Content/EditorMaterials/PreviewShadowIndicatorMaterial.uasset" 4274
"../../../Engine/Content/EngineMaterials/Substrate/GLints/dict_16_192_64_0p5_0p02_0000_0001.uasset" 4275
"../../../Engine/Content/EngineMaterials/Substrate/GLints/dict_16_192_64_0p5_0p02_0000_0000.uasset" 4276
"../../../Engine/Content/EngineMaterials/Substrate/GLints/dict_16_192_64_0p5_0p02_0000_0003.uasset" 4277
"../../../Engine/Content/EngineMaterials/Substrate/GLints/dict_16_192_64_0p5_0p02_0000_0005.uasset" 4278
"../../../Engine/Content/EngineMaterials/Substrate/GLints/dict_16_192_64_0p5_0p02_0000_0002.uasset" 4279
"../../../Engine/Content/EngineMaterials/Substrate/GLints/dict_16_192_64_0p5_0p02_0000_0010.uasset" 4280
"../../../Engine/Content/EngineMaterials/Substrate/GLints/dict_16_192_64_0p5_0p02_0000_0007.uasset" 4281
"../../../Engine/Content/EngineMaterials/Substrate/GLints/dict_16_192_64_0p5_0p02_0000_0004.uasset" 4282
"../../../Engine/Content/EngineMaterials/Substrate/GLints/dict_16_192_64_0p5_0p02_0000_0008.uasset" 4283
"../../../Engine/Content/EngineMaterials/Substrate/GLints/dict_16_192_64_0p5_0p02_0000_0011.uasset" 4284
"../../../Engine/Content/EngineMaterials/Substrate/GLints/dict_16_192_64_0p5_0p02_0000_0006.uasset" 4285
"../../../Engine/Content/EngineMaterials/Substrate/GLints/dict_16_192_64_0p5_0p02_0001_0001.uasset" 4286
"../../../Engine/Content/EngineMaterials/Substrate/GLints/dict_16_192_64_0p5_0p02_0000_0014.uasset" 4287
"../../../Engine/Content/EngineMaterials/Substrate/GLints/dict_16_192_64_0p5_0p02_0001_0000.uasset" 4288
"../../../Engine/Content/EngineMaterials/Substrate/GLints/dict_16_192_64_0p5_0p02_0001_0004.uasset" 4289
"../../../Engine/Content/EngineMaterials/Substrate/GLints/dict_16_192_64_0p5_0p02_0001_0003.uasset" 4290
"../../../Engine/Content/EngineMaterials/Substrate/GLints/dict_16_192_64_0p5_0p02_0001_0007.uasset" 4291
"../../../Engine/Content/EngineMaterials/Substrate/GLints/dict_16_192_64_0p5_0p02_0001_0005.uasset" 4292
"../../../Engine/Content/EngineMaterials/Substrate/GLints/dict_16_192_64_0p5_0p02_0001_0006.uasset" 4293
"../../../Engine/Content/EngineMaterials/Substrate/GLints/dict_16_192_64_0p5_0p02_0001_0002.uasset" 4294
"../../../Engine/Content/EngineMaterials/Substrate/GLints/dict_16_192_64_0p5_0p02_0001_0008.uasset" 4295
"../../../Engine/Content/EngineMaterials/Substrate/GLints/dict_16_192_64_0p5_0p02_0000_0015.uasset" 4296
"../../../Engine/Content/EngineMaterials/Substrate/GLints/dict_16_192_64_0p5_0p02_0001_0010.uasset" 4297
"../../../Engine/Content/EngineMaterials/Substrate/GLints/dict_16_192_64_0p5_0p02_0001_0011.uasset" 4298
"../../../Engine/Content/EngineMaterials/Substrate/GLints/dict_16_192_64_0p5_0p02_0000_0013.uasset" 4299
"../../../Engine/Content/EngineMaterials/Substrate/GLints/dict_16_192_64_0p5_0p02_0001_0009.uasset" 4300
"../../../Engine/Content/EngineMaterials/Substrate/GLints/dict_16_192_64_0p5_0p02_0000_0009.uasset" 4301
"../../../Engine/Content/EngineMaterials/Substrate/GLints/dict_16_192_64_0p5_0p02_0001_0012.uasset" 4302
"../../../Engine/Content/EngineMaterials/Substrate/GLints/dict_16_192_64_0p5_0p02_0001_0013.uasset" 4303
"../../../Engine/Content/EngineMaterials/Substrate/GLints/dict_16_192_64_0p5_0p02_0000_0012.uasset" 4304
"/Engine/EditorMaterials/PreviewShadowIndicatorMaterial" 4305
"/Engine/EngineMaterials/Substrate/GLints/dict_16_192_64_0p5_0p02_0001_0001" 4306
"/Engine/EngineMaterials/Substrate/GLints/dict_16_192_64_0p5_0p02_0001_0000" 4307
"/Engine/EngineMaterials/Substrate/GLints/dict_16_192_64_0p5_0p02_0000_0015" 4308
"/Engine/EngineMaterials/Substrate/GLints/dict_16_192_64_0p5_0p02_0000_0014" 4309
"/Engine/EngineMaterials/Substrate/GLints/dict_16_192_64_0p5_0p02_0000_0013" 4310
"/Engine/EngineMaterials/Substrate/GLints/dict_16_192_64_0p5_0p02_0000_0012" 4311
"/Engine/EngineMaterials/Substrate/GLints/dict_16_192_64_0p5_0p02_0000_0011" 4312
"/Engine/EngineMaterials/Substrate/GLints/dict_16_192_64_0p5_0p02_0000_0010" 4313
"/Engine/EngineMaterials/Substrate/GLints/dict_16_192_64_0p5_0p02_0000_0009" 4314
"/Engine/EngineMaterials/Substrate/GLints/dict_16_192_64_0p5_0p02_0000_0008" 4315
"/Engine/EngineMaterials/Substrate/GLints/dict_16_192_64_0p5_0p02_0000_0007" 4316
"/Engine/EngineMaterials/Substrate/GLints/dict_16_192_64_0p5_0p02_0001_0013" 4317
"/Engine/EngineMaterials/Substrate/GLints/dict_16_192_64_0p5_0p02_0000_0006" 4318
"/Engine/EngineMaterials/Substrate/GLints/dict_16_192_64_0p5_0p02_0001_0012" 4319
"/Engine/EngineMaterials/Substrate/GLints/dict_16_192_64_0p5_0p02_0001_0011" 4320
"/Engine/EngineMaterials/Substrate/GLints/dict_16_192_64_0p5_0p02_0001_0010" 4321
"/Engine/EngineMaterials/Substrate/GLints/dict_16_192_64_0p5_0p02_0001_0009" 4322
"/Engine/EngineMaterials/Substrate/GLints/dict_16_192_64_0p5_0p02_0001_0008" 4323
"/Engine/EngineMaterials/Substrate/GLints/dict_16_192_64_0p5_0p02_0001_0007" 4324
"/Engine/EngineMaterials/Substrate/GLints/dict_16_192_64_0p5_0p02_0001_0006" 4325
"/Engine/EngineMaterials/Substrate/GLints/dict_16_192_64_0p5_0p02_0001_0005" 4326
"/Engine/EngineMaterials/Substrate/GLints/dict_16_192_64_0p5_0p02_0001_0004" 4327
"/Engine/EngineMaterials/Substrate/GLints/dict_16_192_64_0p5_0p02_0001_0003" 4328
"/Engine/EngineMaterials/Substrate/GLints/dict_16_192_64_0p5_0p02_0000_0005" 4329
"/Engine/EngineMaterials/Substrate/GLints/dict_16_192_64_0p5_0p02_0000_0004" 4330
"/Engine/EngineMaterials/Substrate/GLints/dict_16_192_64_0p5_0p02_0000_0003" 4331
"/Engine/EngineMaterials/Substrate/GLints/dict_16_192_64_0p5_0p02_0000_0002" 4332
"/Engine/EngineMaterials/Substrate/GLints/dict_16_192_64_0p5_0p02_0000_0001" 4333
"/Engine/EngineMaterials/Substrate/GLints/dict_16_192_64_0p5_0p02_0000_0000" 4334
"/Engine/EngineMaterials/Substrate/GLints/dict_16_192_64_0p5_0p02_0001_0002" 4335
"../../../Engine/Content/EngineMaterials/Substrate/GLints/dict_16_192_64_0p5_0p02_0001_0014.uasset" 4336
"../../../Engine/Content/EngineMaterials/Substrate/GLints/dict_16_192_64_0p5_0p02_0002_0000.uasset" 4337
"../../../Engine/Content/EngineMaterials/Substrate/GLints/dict_16_192_64_0p5_0p02_0002_0001.uasset" 4338
"../../../Engine/Content/EngineMaterials/Substrate/GLints/dict_16_192_64_0p5_0p02_0002_0002.uasset" 4339
"../../../Engine/Content/EngineMaterials/Substrate/GLints/dict_16_192_64_0p5_0p02_0002_0003.uasset" 4340
"../../../Engine/Content/EngineMaterials/Substrate/GLints/dict_16_192_64_0p5_0p02_0002_0004.uasset" 4341
"../../../Engine/Content/EngineMaterials/Substrate/GLints/dict_16_192_64_0p5_0p02_0002_0005.uasset" 4342
"../../../Engine/Content/EngineMaterials/Substrate/GLints/dict_16_192_64_0p5_0p02_0002_0006.uasset" 4343
"../../../Engine/Content/EngineMaterials/Substrate/GLints/dict_16_192_64_0p5_0p02_0002_0007.uasset" 4344
"../../../Engine/Content/EngineMaterials/Substrate/GLints/dict_16_192_64_0p5_0p02_0002_0008.uasset" 4345
"../../../Engine/Content/EngineMaterials/Substrate/GLints/dict_16_192_64_0p5_0p02_0001_0015.uasset" 4346
"../../../Engine/Content/EngineMaterials/Substrate/GLints/dict_16_192_64_0p5_0p02_0002_0009.uasset" 4347
"../../../Engine/Content/EngineMaterials/Substrate/GLints/dict_16_192_64_0p5_0p02_0002_0010.uasset" 4348
"../../../Engine/Content/EngineMaterials/Substrate/GLints/dict_16_192_64_0p5_0p02_0002_0011.uasset" 4349
"../../../Engine/Content/EngineMaterials/Substrate/GLints/dict_16_192_64_0p5_0p02_0002_0013.uasset" 4350
"../../../Engine/Content/EngineMaterials/Substrate/GLints/dict_16_192_64_0p5_0p02_0002_0012.uasset" 4351
"../../../Engine/Content/EngineMaterials/Substrate/GLints/dict_16_192_64_0p5_0p02_0002_0015.uasset" 4352
"../../../Engine/Content/EngineMaterials/Substrate/GLints/dict_16_192_64_0p5_0p02_0002_0014.uasset" 4353
"../../../Engine/Content/EngineMaterials/Substrate/GLints/dict_16_192_64_0p5_0p02_0003_0001.uasset" 4354
"../../../Engine/Content/EngineMaterials/Substrate/GLints/dict_16_192_64_0p5_0p02_0003_0000.uasset" 4355
"../../../Engine/Content/EngineMaterials/Substrate/GLints/dict_16_192_64_0p5_0p02_0003_0002.uasset" 4356
"../../../Engine/Content/EngineMaterials/Substrate/GLints/dict_16_192_64_0p5_0p02_0003_0003.uasset" 4357
"../../../Engine/Content/EngineMaterials/Substrate/GLints/dict_16_192_64_0p5_0p02_0003_0004.uasset" 4358
"../../../Engine/Content/EngineMaterials/Substrate/GLints/dict_16_192_64_0p5_0p02_0003_0005.uasset" 4359
"../../../Engine/Content/EngineMaterials/Substrate/GLints/dict_16_192_64_0p5_0p02_0003_0006.uasset" 4360
"../../../Engine/Content/EngineMaterials/Substrate/GLints/dict_16_192_64_0p5_0p02_0003_0008.uasset" 4361
"../../../Engine/Content/EngineMaterials/Substrate/GLints/dict_16_192_64_0p5_0p02_0003_0009.uasset" 4362
"../../../Engine/Content/EngineMaterials/Substrate/GLints/dict_16_192_64_0p5_0p02_0003_0010.uasset" 4363
"../../../Engine/Content/EngineMaterials/Substrate/GLints/dict_16_192_64_0p5_0p02_0003_0007.uasset" 4364
"../../../Engine/Content/EngineMaterials/Substrate/GLints/dict_16_192_64_0p5_0p02_0003_0011.uasset" 4365
"../../../Engine/Content/EngineMaterials/Substrate/GLints/dict_16_192_64_0p5_0p02_0003_0013.uasset" 4366
"../../../Engine/Content/EngineMaterials/Substrate/GLints/dict_16_192_64_0p5_0p02_0003_0012.uasset" 4367
"/Engine/EngineMaterials/Substrate/GLints/dict_16_192_64_0p5_0p02_0003_0013" 4368
"/Engine/EngineMaterials/Substrate/GLints/dict_16_192_64_0p5_0p02_0003_0012" 4369
"/Engine/EngineMaterials/Substrate/GLints/dict_16_192_64_0p5_0p02_0003_0011" 4370
"/Engine/EngineMaterials/Substrate/GLints/dict_16_192_64_0p5_0p02_0003_0010" 4371
"/Engine/EngineMaterials/Substrate/GLints/dict_16_192_64_0p5_0p02_0003_0009" 4372
"/Engine/EngineMaterials/Substrate/GLints/dict_16_192_64_0p5_0p02_0003_0008" 4373
"/Engine/EngineMaterials/Substrate/GLints/dict_16_192_64_0p5_0p02_0003_0007" 4374
"/Engine/EngineMaterials/Substrate/GLints/dict_16_192_64_0p5_0p02_0003_0006" 4375
"/Engine/EngineMaterials/Substrate/GLints/dict_16_192_64_0p5_0p02_0003_0005" 4376
"/Engine/EngineMaterials/Substrate/GLints/dict_16_192_64_0p5_0p02_0003_0004" 4377
"/Engine/EngineMaterials/Substrate/GLints/dict_16_192_64_0p5_0p02_0003_0003" 4378
"/Engine/EngineMaterials/Substrate/GLints/dict_16_192_64_0p5_0p02_0003_0002" 4379
"/Engine/EngineMaterials/Substrate/GLints/dict_16_192_64_0p5_0p02_0003_0001" 4380
"/Engine/EngineMaterials/Substrate/GLints/dict_16_192_64_0p5_0p02_0003_0000" 4381
"/Engine/EngineMaterials/Substrate/GLints/dict_16_192_64_0p5_0p02_0002_0015" 4382
"/Engine/EngineMaterials/Substrate/GLints/dict_16_192_64_0p5_0p02_0002_0014" 4383
"/Engine/EngineMaterials/Substrate/GLints/dict_16_192_64_0p5_0p02_0002_0013" 4384
"/Engine/EngineMaterials/Substrate/GLints/dict_16_192_64_0p5_0p02_0002_0012" 4385
"/Engine/EngineMaterials/Substrate/GLints/dict_16_192_64_0p5_0p02_0002_0011" 4386
"/Engine/EngineMaterials/Substrate/GLints/dict_16_192_64_0p5_0p02_0002_0010" 4387
"/Engine/EngineMaterials/Substrate/GLints/dict_16_192_64_0p5_0p02_0002_0009" 4388
"/Engine/EngineMaterials/Substrate/GLints/dict_16_192_64_0p5_0p02_0002_0008" 4389
"/Engine/EngineMaterials/Substrate/GLints/dict_16_192_64_0p5_0p02_0002_0007" 4390
"/Engine/EngineMaterials/Substrate/GLints/dict_16_192_64_0p5_0p02_0002_0006" 4391
"/Engine/EngineMaterials/Substrate/GLints/dict_16_192_64_0p5_0p02_0002_0005" 4392
"/Engine/EngineMaterials/Substrate/GLints/dict_16_192_64_0p5_0p02_0002_0004" 4393
"/Engine/EngineMaterials/Substrate/GLints/dict_16_192_64_0p5_0p02_0002_0003" 4394
"/Engine/EngineMaterials/Substrate/GLints/dict_16_192_64_0p5_0p02_0002_0002" 4395
"/Engine/EngineMaterials/Substrate/GLints/dict_16_192_64_0p5_0p02_0002_0001" 4396
"/Engine/EngineMaterials/Substrate/GLints/dict_16_192_64_0p5_0p02_0001_0015" 4397
"/Engine/EngineMaterials/Substrate/GLints/dict_16_192_64_0p5_0p02_0001_0014" 4398
"/Engine/EngineMaterials/Substrate/GLints/dict_16_192_64_0p5_0p02_0002_0000" 4399
"../../../Engine/Content/EngineMaterials/Substrate/GLints/dict_16_192_64_0p5_0p02_0003_0014.uasset" 4400
"../../../Engine/Content/EngineMaterials/Substrate/GLints/dict_16_192_64_0p5_0p02_0003_0015.uasset" 4401
"../../../Engine/Content/EngineMaterials/Substrate/GLints/dict_16_192_64_0p5_0p02_0004_0000.uasset" 4402
"../../../Engine/Content/EngineMaterials/Substrate/GLints/dict_16_192_64_0p5_0p02_0004_0001.uasset" 4403
"../../../Engine/Content/EngineMaterials/Substrate/GLints/dict_16_192_64_0p5_0p02_0004_0002.uasset" 4404
"../../../Engine/Content/EngineMaterials/Substrate/GLints/dict_16_192_64_0p5_0p02_0004_0003.uasset" 4405
"../../../Engine/Content/EngineMaterials/Substrate/GLints/dict_16_192_64_0p5_0p02_0004_0004.uasset" 4406
"../../../Engine/Content/EngineMaterials/Substrate/GLints/dict_16_192_64_0p5_0p02_0004_0005.uasset" 4407
"../../../Engine/Content/EngineMaterials/Substrate/GLints/dict_16_192_64_0p5_0p02_0004_0007.uasset" 4408
"../../../Engine/Content/EngineMaterials/Substrate/GLints/dict_16_192_64_0p5_0p02_0004_0006.uasset" 4409
"../../../Engine/Content/EngineMaterials/Substrate/GLints/dict_16_192_64_0p5_0p02_0004_0008.uasset" 4410
"../../../Engine/Content/EngineMaterials/Substrate/GLints/dict_16_192_64_0p5_0p02_0004_0010.uasset" 4411
"../../../Engine/Content/EngineMaterials/Substrate/GLints/dict_16_192_64_0p5_0p02_0004_0009.uasset" 4412
"../../../Engine/Content/EngineMaterials/Substrate/GLints/dict_16_192_64_0p5_0p02_0004_0011.uasset" 4413
"../../../Engine/Content/EngineMaterials/Substrate/GLints/dict_16_192_64_0p5_0p02_0004_0013.uasset" 4414
"../../../Engine/Content/EngineMaterials/Substrate/GLints/dict_16_192_64_0p5_0p02_0004_0012.uasset" 4415
"../../../Engine/Content/EngineMaterials/Substrate/GLints/dict_16_192_64_0p5_0p02_0004_0014.uasset" 4416
"../../../Engine/Content/EngineMaterials/Substrate/GLints/dict_16_192_64_0p5_0p02_0004_0015.uasset" 4417
"../../../Engine/Content/EngineMaterials/Substrate/GLints/dict_16_192_64_0p5_0p02_0005_0000.uasset" 4418
"../../../Engine/Content/EngineMaterials/Substrate/GLints/dict_16_192_64_0p5_0p02_0005_0001.uasset" 4419
"../../../Engine/Content/EngineMaterials/Substrate/GLints/dict_16_192_64_0p5_0p02_0005_0002.uasset" 4420
"../../../Engine/Content/EngineMaterials/Substrate/GLints/dict_16_192_64_0p5_0p02_0005_0005.uasset" 4421
"../../../Engine/Content/EngineMaterials/Substrate/GLints/dict_16_192_64_0p5_0p02_0005_0007.uasset" 4422
"../../../Engine/Content/EngineMaterials/Substrate/GLints/dict_16_192_64_0p5_0p02_0005_0006.uasset" 4423
"../../../Engine/Content/EngineMaterials/Substrate/GLints/dict_16_192_64_0p5_0p02_0005_0008.uasset" 4424
"../../../Engine/Content/EngineMaterials/Substrate/GLints/dict_16_192_64_0p5_0p02_0005_0009.uasset" 4425
"../../../Engine/Content/EngineMaterials/Substrate/GLints/dict_16_192_64_0p5_0p02_0005_0012.uasset" 4426
"../../../Engine/Content/EngineMaterials/Substrate/GLints/dict_16_192_64_0p5_0p02_0005_0013.uasset" 4427
"../../../Engine/Content/EngineMaterials/Substrate/GLints/dict_16_192_64_0p5_0p02_0005_0010.uasset" 4428
"../../../Engine/Content/EngineMaterials/Substrate/GLints/dict_16_192_64_0p5_0p02_0005_0004.uasset" 4429
"../../../Engine/Content/EngineMaterials/Substrate/GLints/dict_16_192_64_0p5_0p02_0005_0003.uasset" 4430
"../../../Engine/Content/EngineMaterials/Substrate/GLints/dict_16_192_64_0p5_0p02_0005_0011.uasset" 4431
"../../../Engine/Plugins/Animation/DeformerGraph/Shaders/Private/DataInterfaceCustomComputeKernel.ush" 4432
"../../../Engine/Plugins/Animation/DeformerGraph/Shaders/Private/DataInterfaceCloth.ush" 4433
"../../../Engine/Plugins/Animation/DeformerGraph/Shaders/Private/DataInterfaceSkinnedMeshRead.ush" 4434
"../../../Engine/Plugins/Animation/DeformerGraph/Shaders/Private/DataInterfaceSkeleton.ush" 4435
"../../../Engine/Plugins/Animation/DeformerGraph/Shaders/Private/DataInterfaceSkeletonCommon.ush" 4436
"../../../Engine/Plugins/Animation/DeformerGraph/Shaders/Private/DataInterfaceMorphTarget.ush" 4437
"../../../Engine/Plugins/Animation/DeformerGraph/Shaders/Private/DataInterfaceSkinnedMeshWrite.ush" 4438
"../../../Engine/Plugins/Animation/DeformerGraph/Shaders/Private/DataInterfaceRawBuffer.ush" 4439
"../../../Engine/Plugins/Runtime/ComputeFramework/Shaders/Private/BufferAlias.ush" 4440
"../../../Engine/Plugins/Animation/DeformerGraph/Shaders/Private/DataInterfaceSkinnedMesh.ush" 4441
"../../../Engine/Plugins/Animation/DeformerGraph/Shaders/Private/DataInterfaceHalfEdge.ush" 4442
"/Engine/EngineMaterials/Substrate/GLints/dict_16_192_64_0p5_0p02_0005_0013" 4443
"/Engine/EngineMaterials/Substrate/GLints/dict_16_192_64_0p5_0p02_0005_0012" 4444
"/Engine/EngineMaterials/Substrate/GLints/dict_16_192_64_0p5_0p02_0005_0011" 4445
"/Engine/EngineMaterials/Substrate/GLints/dict_16_192_64_0p5_0p02_0005_0010" 4446
"/Engine/EngineMaterials/Substrate/GLints/dict_16_192_64_0p5_0p02_0005_0009" 4447
"/Engine/EngineMaterials/Substrate/GLints/dict_16_192_64_0p5_0p02_0005_0008" 4448
"/Engine/EngineMaterials/Substrate/GLints/dict_16_192_64_0p5_0p02_0005_0007" 4449
"/Engine/EngineMaterials/Substrate/GLints/dict_16_192_64_0p5_0p02_0005_0006" 4450
"/Engine/EngineMaterials/Substrate/GLints/dict_16_192_64_0p5_0p02_0005_0005" 4451
"/Engine/EngineMaterials/Substrate/GLints/dict_16_192_64_0p5_0p02_0005_0004" 4452
"/Engine/EngineMaterials/Substrate/GLints/dict_16_192_64_0p5_0p02_0005_0003" 4453
"/Engine/EngineMaterials/Substrate/GLints/dict_16_192_64_0p5_0p02_0005_0002" 4454
"/Engine/EngineMaterials/Substrate/GLints/dict_16_192_64_0p5_0p02_0005_0001" 4455
"/Engine/EngineMaterials/Substrate/GLints/dict_16_192_64_0p5_0p02_0005_0000" 4456
"/Engine/EngineMaterials/Substrate/GLints/dict_16_192_64_0p5_0p02_0004_0015" 4457
"/Engine/EngineMaterials/Substrate/GLints/dict_16_192_64_0p5_0p02_0004_0014" 4458
"/Engine/EngineMaterials/Substrate/GLints/dict_16_192_64_0p5_0p02_0004_0013" 4459
"/Engine/EngineMaterials/Substrate/GLints/dict_16_192_64_0p5_0p02_0004_0012" 4460
"/Engine/EngineMaterials/Substrate/GLints/dict_16_192_64_0p5_0p02_0004_0011" 4461
"/Engine/EngineMaterials/Substrate/GLints/dict_16_192_64_0p5_0p02_0004_0010" 4462
"/Engine/EngineMaterials/Substrate/GLints/dict_16_192_64_0p5_0p02_0004_0009" 4463
"/Engine/EngineMaterials/Substrate/GLints/dict_16_192_64_0p5_0p02_0004_0008" 4464
"/Engine/EngineMaterials/Substrate/GLints/dict_16_192_64_0p5_0p02_0004_0007" 4465
"/Engine/EngineMaterials/Substrate/GLints/dict_16_192_64_0p5_0p02_0004_0006" 4466
"/Engine/EngineMaterials/Substrate/GLints/dict_16_192_64_0p5_0p02_0004_0005" 4467
"/Engine/EngineMaterials/Substrate/GLints/dict_16_192_64_0p5_0p02_0004_0004" 4468
"/Engine/EngineMaterials/Substrate/GLints/dict_16_192_64_0p5_0p02_0004_0003" 4469
"/Engine/EngineMaterials/Substrate/GLints/dict_16_192_64_0p5_0p02_0004_0002" 4470
"/Engine/EngineMaterials/Substrate/GLints/dict_16_192_64_0p5_0p02_0004_0001" 4471
"/Engine/EngineMaterials/Substrate/GLints/dict_16_192_64_0p5_0p02_0004_0000" 4472
"/Engine/EngineMaterials/Substrate/GLints/dict_16_192_64_0p5_0p02_0003_0015" 4473
"/Engine/EngineMaterials/Substrate/GLints/dict_16_192_64_0p5_0p02_0003_0014" 4474
"../../../Engine/Content/EngineMaterials/Substrate/GLints/dict_16_192_64_0p5_0p02_0005_0014.uasset" 4475
"../../../Engine/Content/EngineMaterials/Substrate/GLints/dict_16_192_64_0p5_0p02_0005_0015.uasset" 4476
"../../../Engine/Content/EngineMaterials/Substrate/GLints/dict_16_192_64_0p5_0p02_0006_0000.uasset" 4477
"../../../Engine/Content/EngineMaterials/Substrate/GLints/dict_16_192_64_0p5_0p02_0006_0002.uasset" 4478
"../../../Engine/Content/EngineMaterials/Substrate/GLints/dict_16_192_64_0p5_0p02_0006_0003.uasset" 4479
"../../../Engine/Content/EngineMaterials/Substrate/GLints/dict_16_192_64_0p5_0p02_0006_0001.uasset" 4480
"../../../Engine/Content/EngineMaterials/Substrate/GLints/dict_16_192_64_0p5_0p02_0006_0005.uasset" 4481
"../../../Engine/Content/EngineMaterials/Substrate/GLints/dict_16_192_64_0p5_0p02_0006_0007.uasset" 4482
"../../../Engine/Content/EngineMaterials/Substrate/GLints/dict_16_192_64_0p5_0p02_0006_0006.uasset" 4483
"../../../Engine/Content/EngineMaterials/Substrate/GLints/dict_16_192_64_0p5_0p02_0006_0008.uasset" 4484
"../../../Engine/Content/EngineMaterials/Substrate/GLints/dict_16_192_64_0p5_0p02_0006_0004.uasset" 4485
"../../../Engine/Content/EngineMaterials/Substrate/GLints/dict_16_192_64_0p5_0p02_0006_0011.uasset" 4486
"../../../Engine/Content/EngineMaterials/Substrate/GLints/dict_16_192_64_0p5_0p02_0006_0010.uasset" 4487
"../../../Engine/Content/EngineMaterials/Substrate/GLints/dict_16_192_64_0p5_0p02_0006_0009.uasset" 4488
"../../../Engine/Content/EngineMaterials/Substrate/GLints/dict_16_192_64_0p5_0p02_0006_0012.uasset" 4489
"../../../Engine/Content/EngineMaterials/Substrate/GLints/dict_16_192_64_0p5_0p02_0006_0015.uasset" 4490
"../../../Engine/Content/EngineMaterials/Substrate/GLints/dict_16_192_64_0p5_0p02_0007_0002.uasset" 4491
"../../../Engine/Content/EngineMaterials/Substrate/GLints/dict_16_192_64_0p5_0p02_0007_0006.uasset" 4492
"../../../Engine/Content/EngineMaterials/Substrate/GLints/dict_16_192_64_0p5_0p02_0007_0004.uasset" 4493
"../../../Engine/Content/EngineMaterials/Substrate/GLints/dict_16_192_64_0p5_0p02_0006_0013.uasset" 4494
"../../../Engine/Content/EngineMaterials/Substrate/GLints/dict_16_192_64_0p5_0p02_0007_0003.uasset" 4495
"../../../Engine/Content/EngineMaterials/Substrate/GLints/dict_16_192_64_0p5_0p02_0006_0014.uasset" 4496
"../../../Engine/Content/EngineMaterials/Substrate/GLints/dict_16_192_64_0p5_0p02_0007_0001.uasset" 4497
"../../../Engine/Content/EngineMaterials/Substrate/GLints/dict_16_192_64_0p5_0p02_0007_0000.uasset" 4498
"../../../Engine/Content/EngineMaterials/Substrate/GLints/dict_16_192_64_0p5_0p02_0007_0005.uasset" 4499
"../../../Engine/Content/EngineMaterials/Substrate/GLints/dict_16_192_64_0p5_0p02_0007_0008.uasset" 4500
"../../../Engine/Content/EngineMaterials/Substrate/GLints/dict_16_192_64_0p5_0p02_0007_0007.uasset" 4501
"../../../Engine/Content/EngineMaterials/Substrate/GLints/dict_16_192_64_0p5_0p02_0007_0009.uasset" 4502
"../../../Engine/Content/EngineMaterials/Substrate/GLints/dict_16_192_64_0p5_0p02_0007_0010.uasset" 4503
"../../../Engine/Content/EngineMaterials/Substrate/GLints/dict_16_192_64_0p5_0p02_0007_0012.uasset" 4504
"../../../Engine/Content/EngineMaterials/Substrate/GLints/dict_16_192_64_0p5_0p02_0007_0013.uasset" 4505
"../../../Engine/Content/EngineMaterials/Substrate/GLints/dict_16_192_64_0p5_0p02_0007_0011.uasset" 4506
"/Engine/EditorResources/EmptyActor" 4507
"../../../Engine/Content/EditorResources/EmptyActor.uasset" 4508
"/Engine/EngineMaterials/Substrate/GLints/dict_16_192_64_0p5_0p02_0007_0013" 4509
"/Engine/EngineMaterials/Substrate/GLints/dict_16_192_64_0p5_0p02_0007_0012" 4510
"/Engine/EngineMaterials/Substrate/GLints/dict_16_192_64_0p5_0p02_0007_0011" 4511
"/Engine/EngineMaterials/Substrate/GLints/dict_16_192_64_0p5_0p02_0007_0010" 4512
"/Engine/EngineMaterials/Substrate/GLints/dict_16_192_64_0p5_0p02_0007_0009" 4513
"/Engine/EngineMaterials/Substrate/GLints/dict_16_192_64_0p5_0p02_0007_0008" 4514
"/Engine/EngineMaterials/Substrate/GLints/dict_16_192_64_0p5_0p02_0007_0007" 4515
"/Engine/EngineMaterials/Substrate/GLints/dict_16_192_64_0p5_0p02_0007_0006" 4516
"/Engine/EngineMaterials/Substrate/GLints/dict_16_192_64_0p5_0p02_0007_0005" 4517
"/Engine/EngineMaterials/Substrate/GLints/dict_16_192_64_0p5_0p02_0007_0004" 4518
"/Engine/EngineMaterials/Substrate/GLints/dict_16_192_64_0p5_0p02_0007_0003" 4519
"/Engine/EngineMaterials/Substrate/GLints/dict_16_192_64_0p5_0p02_0007_0002" 4520
"/Engine/EngineMaterials/Substrate/GLints/dict_16_192_64_0p5_0p02_0007_0001" 4521
"/Engine/EngineMaterials/Substrate/GLints/dict_16_192_64_0p5_0p02_0007_0000" 4522
"/Engine/EngineMaterials/Substrate/GLints/dict_16_192_64_0p5_0p02_0006_0015" 4523
"/Engine/EngineMaterials/Substrate/GLints/dict_16_192_64_0p5_0p02_0006_0014" 4524
"/Engine/EngineMaterials/Substrate/GLints/dict_16_192_64_0p5_0p02_0006_0013" 4525
"/Engine/EngineMaterials/Substrate/GLints/dict_16_192_64_0p5_0p02_0006_0012" 4526
"/Engine/EngineMaterials/Substrate/GLints/dict_16_192_64_0p5_0p02_0006_0011" 4527
"/Engine/EngineMaterials/Substrate/GLints/dict_16_192_64_0p5_0p02_0006_0010" 4528
"/Engine/EngineMaterials/Substrate/GLints/dict_16_192_64_0p5_0p02_0006_0009" 4529
"/Engine/EngineMaterials/Substrate/GLints/dict_16_192_64_0p5_0p02_0006_0008" 4530
"/Engine/EngineMaterials/Substrate/GLints/dict_16_192_64_0p5_0p02_0006_0007" 4531
"/Engine/EngineMaterials/Substrate/GLints/dict_16_192_64_0p5_0p02_0006_0006" 4532
"/Engine/EngineMaterials/Substrate/GLints/dict_16_192_64_0p5_0p02_0006_0005" 4533
"/Engine/EngineMaterials/Substrate/GLints/dict_16_192_64_0p5_0p02_0006_0004" 4534
"/Engine/EngineMaterials/Substrate/GLints/dict_16_192_64_0p5_0p02_0006_0003" 4535
"/Engine/EngineMaterials/Substrate/GLints/dict_16_192_64_0p5_0p02_0006_0002" 4536
"/Engine/EngineMaterials/Substrate/GLints/dict_16_192_64_0p5_0p02_0006_0001" 4537
"/Engine/EngineMaterials/Substrate/GLints/dict_16_192_64_0p5_0p02_0006_0000" 4538
"/Engine/EngineMaterials/Substrate/GLints/dict_16_192_64_0p5_0p02_0005_0015" 4539
"/Engine/EngineMaterials/Substrate/GLints/dict_16_192_64_0p5_0p02_0005_0014" 4540
"../../../Engine/Content/EngineMaterials/Substrate/GLints/dict_16_192_64_0p5_0p02_0007_0014.uasset" 4541
"../../../Engine/Content/EngineMaterials/Substrate/GLints/dict_16_192_64_0p5_0p02_0007_0015.uasset" 4542
"../../../Engine/Content/EngineMaterials/Substrate/GLints/dict_16_192_64_0p5_0p02_0008_0000.uasset" 4543
"../../../Engine/Content/EngineMaterials/Substrate/GLints/dict_16_192_64_0p5_0p02_0008_0001.uasset" 4544
"../../../Engine/Content/EngineMaterials/Substrate/GLints/dict_16_192_64_0p5_0p02_0008_0002.uasset" 4545
"../../../Engine/Content/EngineMaterials/Substrate/GLints/dict_16_192_64_0p5_0p02_0008_0003.uasset" 4546
"../../../Engine/Content/EngineMaterials/Substrate/GLints/dict_16_192_64_0p5_0p02_0008_0004.uasset" 4547
"../../../Engine/Content/EngineMaterials/Substrate/GLints/dict_16_192_64_0p5_0p02_0008_0005.uasset" 4548
"../../../Engine/Content/EngineMaterials/Substrate/GLints/dict_16_192_64_0p5_0p02_0008_0006.uasset" 4549
"../../../Engine/Content/EngineMaterials/Substrate/GLints/dict_16_192_64_0p5_0p02_0008_0007.uasset" 4550
"../../../Engine/Content/EngineMaterials/Substrate/GLints/dict_16_192_64_0p5_0p02_0008_0008.uasset" 4551
"../../../Engine/Content/EngineMaterials/Substrate/GLints/dict_16_192_64_0p5_0p02_0008_0009.uasset" 4552
"../../../Engine/Content/EngineMaterials/Substrate/GLints/dict_16_192_64_0p5_0p02_0008_0010.uasset" 4553
"../../../Engine/Content/EngineMaterials/Substrate/GLints/dict_16_192_64_0p5_0p02_0008_0011.uasset" 4554
"../../../Engine/Content/EngineMaterials/Substrate/GLints/dict_16_192_64_0p5_0p02_0008_0012.uasset" 4555
"../../../Engine/Content/EngineMaterials/Substrate/GLints/dict_16_192_64_0p5_0p02_0008_0013.uasset" 4556
"../../../Engine/Content/EngineMaterials/Substrate/GLints/dict_16_192_64_0p5_0p02_0008_0014.uasset" 4557
"../../../Engine/Content/EngineMaterials/Substrate/GLints/dict_16_192_64_0p5_0p02_0008_0015.uasset" 4558
"../../../Engine/Content/EngineMaterials/Substrate/GLints/dict_16_192_64_0p5_0p02_0009_0000.uasset" 4559
"../../../Engine/Content/EngineMaterials/Substrate/GLints/dict_16_192_64_0p5_0p02_0009_0001.uasset" 4560
"../../../Engine/Content/EngineMaterials/Substrate/GLints/dict_16_192_64_0p5_0p02_0009_0002.uasset" 4561
"../../../Engine/Content/EngineMaterials/Substrate/GLints/dict_16_192_64_0p5_0p02_0009_0003.uasset" 4562
"../../../Engine/Content/EngineMaterials/Substrate/GLints/dict_16_192_64_0p5_0p02_0009_0004.uasset" 4563
"../../../Engine/Content/EngineMaterials/Substrate/GLints/dict_16_192_64_0p5_0p02_0009_0006.uasset" 4564
"../../../Engine/Content/EngineMaterials/Substrate/GLints/dict_16_192_64_0p5_0p02_0009_0007.uasset" 4565
"../../../Engine/Content/EngineMaterials/Substrate/GLints/dict_16_192_64_0p5_0p02_0009_0008.uasset" 4566
"../../../Engine/Content/EngineMaterials/Substrate/GLints/dict_16_192_64_0p5_0p02_0009_0009.uasset" 4567
"../../../Engine/Content/EngineMaterials/Substrate/GLints/dict_16_192_64_0p5_0p02_0009_0010.uasset" 4568
"../../../Engine/Content/EngineMaterials/Substrate/GLints/dict_16_192_64_0p5_0p02_0009_0013.uasset" 4569
"../../../Engine/Content/EngineMaterials/Substrate/GLints/dict_16_192_64_0p5_0p02_0009_0011.uasset" 4570
"../../../Engine/Content/EngineMaterials/Substrate/GLints/dict_16_192_64_0p5_0p02_0009_0012.uasset" 4571
"../../../Engine/Content/EngineMaterials/Substrate/GLints/dict_16_192_64_0p5_0p02_0009_0005.uasset" 4572
"/Engine/EngineMaterials/Substrate/GLints/dict_16_192_64_0p5_0p02_0009_0013" 4573
"/Engine/EngineMaterials/Substrate/GLints/dict_16_192_64_0p5_0p02_0009_0012" 4574
"/Engine/EngineMaterials/Substrate/GLints/dict_16_192_64_0p5_0p02_0009_0011" 4575
"/Engine/EngineMaterials/Substrate/GLints/dict_16_192_64_0p5_0p02_0009_0010" 4576
"/Engine/EngineMaterials/Substrate/GLints/dict_16_192_64_0p5_0p02_0009_0009" 4577
"/Engine/EngineMaterials/Substrate/GLints/dict_16_192_64_0p5_0p02_0009_0008" 4578
"/Engine/EngineMaterials/Substrate/GLints/dict_16_192_64_0p5_0p02_0009_0007" 4579
"/Engine/EngineMaterials/Substrate/GLints/dict_16_192_64_0p5_0p02_0009_0006" 4580
"/Engine/EngineMaterials/Substrate/GLints/dict_16_192_64_0p5_0p02_0009_0005" 4581
"/Engine/EngineMaterials/Substrate/GLints/dict_16_192_64_0p5_0p02_0009_0004" 4582
"/Engine/EngineMaterials/Substrate/GLints/dict_16_192_64_0p5_0p02_0009_0003" 4583
"/Engine/EngineMaterials/Substrate/GLints/dict_16_192_64_0p5_0p02_0009_0002" 4584
"/Engine/EngineMaterials/Substrate/GLints/dict_16_192_64_0p5_0p02_0009_0001" 4585
"/Engine/EngineMaterials/Substrate/GLints/dict_16_192_64_0p5_0p02_0009_0000" 4586
"/Engine/EngineMaterials/Substrate/GLints/dict_16_192_64_0p5_0p02_0008_0015" 4587
"/Engine/EngineMaterials/Substrate/GLints/dict_16_192_64_0p5_0p02_0008_0014" 4588
"/Engine/EngineMaterials/Substrate/GLints/dict_16_192_64_0p5_0p02_0008_0013" 4589
"/Engine/EngineMaterials/Substrate/GLints/dict_16_192_64_0p5_0p02_0008_0012" 4590
"/Engine/EngineMaterials/Substrate/GLints/dict_16_192_64_0p5_0p02_0008_0011" 4591
"/Engine/EngineMaterials/Substrate/GLints/dict_16_192_64_0p5_0p02_0008_0010" 4592
"/Engine/EngineMaterials/Substrate/GLints/dict_16_192_64_0p5_0p02_0008_0009" 4593
"/Engine/EngineMaterials/Substrate/GLints/dict_16_192_64_0p5_0p02_0008_0008" 4594
"/Engine/EngineMaterials/Substrate/GLints/dict_16_192_64_0p5_0p02_0008_0007" 4595
"/Engine/EngineMaterials/Substrate/GLints/dict_16_192_64_0p5_0p02_0008_0006" 4596
"/Engine/EngineMaterials/Substrate/GLints/dict_16_192_64_0p5_0p02_0008_0005" 4597
"/Engine/EngineMaterials/Substrate/GLints/dict_16_192_64_0p5_0p02_0008_0004" 4598
"/Engine/EngineMaterials/Substrate/GLints/dict_16_192_64_0p5_0p02_0008_0003" 4599
"/Engine/EngineMaterials/Substrate/GLints/dict_16_192_64_0p5_0p02_0008_0002" 4600
"/Engine/EngineMaterials/Substrate/GLints/dict_16_192_64_0p5_0p02_0008_0001" 4601
"/Engine/EngineMaterials/Substrate/GLints/dict_16_192_64_0p5_0p02_0008_0000" 4602
"/Engine/EngineMaterials/Substrate/GLints/dict_16_192_64_0p5_0p02_0007_0015" 4603
"/Engine/EngineMaterials/Substrate/GLints/dict_16_192_64_0p5_0p02_0007_0014" 4604
"../../../Engine/Content/EngineMaterials/Substrate/GLints/dict_16_192_64_0p5_0p02_0009_0014.uasset" 4605
"../../../Engine/Content/EngineMaterials/Substrate/GLints/dict_16_192_64_0p5_0p02_0009_0015.uasset" 4606
"/Engine/EngineMaterials/Substrate/GLints/dict_16_192_64_0p5_0p02_0009_0015" 4607
"../../../Engine/Content/EngineMaterials/Substrate/GLints/dict_16_192_64_0p5_0p02_0010_0001.uasset" 4608
"../../../Engine/Content/EngineMaterials/Substrate/GLints/dict_16_192_64_0p5_0p02_0010_0000.uasset" 4609
"../../../Engine/Content/EngineMaterials/Substrate/GLints/dict_16_192_64_0p5_0p02_0010_0003.uasset" 4610
"../../../Engine/Content/EngineMaterials/Substrate/GLints/dict_16_192_64_0p5_0p02_0010_0002.uasset" 4611
"/Engine/EngineMaterials/Substrate/GLints/dict_16_192_64_0p5_0p02_0009_0014" 4612
"../../../Engine/Content/EngineMaterials/Substrate/GLints/dict_16_192_64_0p5_0p02_0010_0004.uasset" 4613
"../../../Engine/Content/EngineMaterials/Substrate/GLints/dict_16_192_64_0p5_0p02_0010_0005.uasset" 4614
"../../../Engine/Content/EngineMaterials/Substrate/GLints/dict_16_192_64_0p5_0p02_0010_0006.uasset" 4615
"../../../Engine/Content/EngineMaterials/Substrate/GLints/dict_16_192_64_0p5_0p02_0010_0007.uasset" 4616
"/Engine/EngineMaterials/Substrate/GLints/dict_16_192_64_0p5_0p02_0010_0005" 4617
"../../../Engine/Content/EngineMaterials/Substrate/GLints/dict_16_192_64_0p5_0p02_0010_0008.uasset" 4618
"../../../Engine/Content/EngineMaterials/Substrate/GLints/dict_16_192_64_0p5_0p02_0010_0009.uasset" 4619
"../../../Engine/Content/EngineMaterials/Substrate/GLints/dict_16_192_64_0p5_0p02_0010_0010.uasset" 4620
"../../../Engine/Content/EngineMaterials/Substrate/GLints/dict_16_192_64_0p5_0p02_0010_0011.uasset" 4621
"/Engine/EngineMaterials/Substrate/GLints/dict_16_192_64_0p5_0p02_0010_0004" 4622
"../../../Engine/Content/EngineMaterials/Substrate/GLints/dict_16_192_64_0p5_0p02_0010_0012.uasset" 4623
"../../../Engine/Content/EngineMaterials/Substrate/GLints/dict_16_192_64_0p5_0p02_0010_0013.uasset" 4624
"../../../Engine/Content/EngineMaterials/Substrate/GLints/dict_16_192_64_0p5_0p02_0010_0014.uasset" 4625
"../../../Engine/Content/EngineMaterials/Substrate/GLints/dict_16_192_64_0p5_0p02_0010_0015.uasset" 4626
"/Engine/EngineMaterials/Substrate/GLints/dict_16_192_64_0p5_0p02_0010_0003" 4627
"../../../Engine/Content/EngineMaterials/Substrate/GLints/dict_16_192_64_0p5_0p02_0011_0000.uasset" 4628
"../../../Engine/Content/EngineMaterials/Substrate/GLints/dict_16_192_64_0p5_0p02_0011_0001.uasset" 4629
"../../../Engine/Content/EngineMaterials/Substrate/GLints/dict_16_192_64_0p5_0p02_0011_0002.uasset" 4630
"../../../Engine/Content/EngineMaterials/Substrate/GLints/dict_16_192_64_0p5_0p02_0011_0003.uasset" 4631
"/Engine/EngineMaterials/Substrate/GLints/dict_16_192_64_0p5_0p02_0010_0002" 4632
"../../../Engine/Content/EngineMaterials/Substrate/GLints/dict_16_192_64_0p5_0p02_0011_0004.uasset" 4633
"/Engine/EngineMaterials/Substrate/GLints/dict_16_192_64_0p5_0p02_0010_0001" 4634
"/Engine/EngineMaterials/Substrate/GLints/dict_16_192_64_0p5_0p02_0010_0000" 4635
"../../../Engine/Content/EngineMaterials/Substrate/GLints/dict_16_192_64_0p5_0p02_0011_0005.uasset" 4636
"../../../Engine/Content/EngineMaterials/Substrate/GLints/dict_16_192_64_0p5_0p02_0011_0006.uasset" 4637
"/Engine/EngineMaterials/Substrate/GLints/dict_16_192_64_0p5_0p02_0011_0006" 4638
"../../../Engine/Content/EngineMaterials/Substrate/GLints/dict_16_192_64_0p5_0p02_0011_0007.uasset" 4639
"/Engine/EngineMaterials/Substrate/GLints/dict_16_192_64_0p5_0p02_0011_0005" 4640
"../../../Engine/Content/EngineMaterials/Substrate/GLints/dict_16_192_64_0p5_0p02_0011_0008.uasset" 4641
"../../../Engine/Content/EngineMaterials/Substrate/GLints/dict_16_192_64_0p5_0p02_0011_0010.uasset" 4642
"../../../Engine/Content/EngineMaterials/Substrate/GLints/dict_16_192_64_0p5_0p02_0011_0012.uasset" 4643
"/Engine/EngineMaterials/Substrate/GLints/dict_16_192_64_0p5_0p02_0011_0004" 4644
"../../../Engine/Content/EngineMaterials/Substrate/GLints/dict_16_192_64_0p5_0p02_0011_0011.uasset" 4645
"../../../Engine/Content/EngineMaterials/Substrate/GLints/dict_16_192_64_0p5_0p02_0011_0009.uasset" 4646
"../../../Engine/Content/EngineMaterials/Substrate/GLints/dict_16_192_64_0p5_0p02_0011_0013.uasset" 4647
"../../../Engine/Content/EngineMaterials/Substrate/GLints/dict_16_192_64_0p5_0p02_0011_0014.uasset" 4648
"/Engine/EngineMaterials/Substrate/GLints/dict_16_192_64_0p5_0p02_0011_0003" 4649
"../../../Engine/Content/EngineMaterials/Substrate/GLints/dict_16_192_64_0p5_0p02_0012_0000.uasset" 4650
"../../../Engine/Content/EngineMaterials/Substrate/GLints/dict_16_192_64_0p5_0p02_0011_0015.uasset" 4651
"../../../Engine/Content/EngineMaterials/Substrate/GLints/dict_16_192_64_0p5_0p02_0012_0001.uasset" 4652
"/Engine/EngineMaterials/Substrate/GLints/dict_16_192_64_0p5_0p02_0011_0002" 4653
"../../../Engine/Content/EngineMaterials/Substrate/GLints/dict_16_192_64_0p5_0p02_0012_0002.uasset" 4654
"../../../Engine/Content/EngineMaterials/Substrate/GLints/dict_16_192_64_0p5_0p02_0012_0004.uasset" 4655
"/Engine/EngineMaterials/Substrate/GLints/dict_16_192_64_0p5_0p02_0011_0001" 4656
"../../../Engine/Content/EngineMaterials/Substrate/GLints/dict_16_192_64_0p5_0p02_0012_0003.uasset" 4657
"../../../Engine/Content/EngineMaterials/Substrate/GLints/dict_16_192_64_0p5_0p02_0012_0005.uasset" 4658
"/Engine/EngineMaterials/Substrate/GLints/dict_16_192_64_0p5_0p02_0011_0000" 4659
"/Engine/EngineMaterials/Substrate/GLints/dict_16_192_64_0p5_0p02_0010_0015" 4660
"/Engine/EngineMaterials/Substrate/GLints/dict_16_192_64_0p5_0p02_0010_0014" 4661
"/Engine/EngineMaterials/Substrate/GLints/dict_16_192_64_0p5_0p02_0010_0013" 4662
"/Engine/EngineMaterials/Substrate/GLints/dict_16_192_64_0p5_0p02_0010_0012" 4663
"/Engine/EngineMaterials/Substrate/GLints/dict_16_192_64_0p5_0p02_0010_0011" 4664
"/Engine/EngineMaterials/Substrate/GLints/dict_16_192_64_0p5_0p02_0010_0010" 4665
"/Engine/EngineMaterials/Substrate/GLints/dict_16_192_64_0p5_0p02_0010_0009" 4666
"/Engine/EngineMaterials/Substrate/GLints/dict_16_192_64_0p5_0p02_0010_0008" 4667
"/Engine/EngineMaterials/Substrate/GLints/dict_16_192_64_0p5_0p02_0010_0007" 4668
"/Engine/EngineMaterials/Substrate/GLints/dict_16_192_64_0p5_0p02_0010_0006" 4669
"/Engine/EngineMaterials/Substrate/GLints/dict_16_192_64_0p5_0p02_0011_0013" 4670
"../../../Engine/Content/EngineMaterials/Substrate/GLints/dict_16_192_64_0p5_0p02_0012_0006.uasset" 4671
"/Engine/EngineMaterials/Substrate/GLints/dict_16_192_64_0p5_0p02_0011_0012" 4672
"../../../Engine/Content/EngineMaterials/Substrate/GLints/dict_16_192_64_0p5_0p02_0012_0007.uasset" 4673
"../../../Engine/Content/EngineMaterials/Substrate/GLints/dict_16_192_64_0p5_0p02_0012_0008.uasset" 4674
"/Engine/EngineMaterials/Substrate/GLints/dict_16_192_64_0p5_0p02_0011_0011" 4675
"../../../Engine/Content/EngineMaterials/Substrate/GLints/dict_16_192_64_0p5_0p02_0012_0009.uasset" 4676
"/Engine/EngineMaterials/Substrate/GLints/dict_16_192_64_0p5_0p02_0011_0010" 4677
"../../../Engine/Content/EngineMaterials/Substrate/GLints/dict_16_192_64_0p5_0p02_0012_0011.uasset" 4678
"../../../Engine/Content/EngineMaterials/Substrate/GLints/dict_16_192_64_0p5_0p02_0012_0010.uasset" 4679
"../../../Engine/Content/EngineMaterials/Substrate/GLints/dict_16_192_64_0p5_0p02_0012_0013.uasset" 4680
"../../../Engine/Content/EngineMaterials/Substrate/GLints/dict_16_192_64_0p5_0p02_0012_0012.uasset" 4681
"/Engine/EngineMaterials/Substrate/GLints/dict_16_192_64_0p5_0p02_0011_0009" 4682
"../../../Engine/Content/EngineMaterials/Substrate/GLints/dict_16_192_64_0p5_0p02_0012_0014.uasset" 4683
"../../../Engine/Content/EngineMaterials/Substrate/GLints/dict_16_192_64_0p5_0p02_0012_0015.uasset" 4684
"../../../Engine/Content/EngineMaterials/Substrate/GLints/dict_16_192_64_0p5_0p02_0013_0001.uasset" 4685
"/Engine/EngineMaterials/Substrate/GLints/dict_16_192_64_0p5_0p02_0011_0008" 4686
"../../../Engine/Content/EngineMaterials/Substrate/GLints/dict_16_192_64_0p5_0p02_0013_0002.uasset" 4687
"../../../Engine/Content/EngineMaterials/Substrate/GLints/dict_16_192_64_0p5_0p02_0013_0003.uasset" 4688
"../../../Engine/Content/EngineMaterials/Substrate/GLints/dict_16_192_64_0p5_0p02_0013_0000.uasset" 4689
"../../../Engine/Content/EngineMaterials/Substrate/GLints/dict_16_192_64_0p5_0p02_0013_0004.uasset" 4690
"../../../Engine/Content/EngineMaterials/Substrate/GLints/dict_16_192_64_0p5_0p02_0013_0005.uasset" 4691
"../../../Engine/Content/EngineMaterials/Substrate/GLints/dict_16_192_64_0p5_0p02_0013_0006.uasset" 4692
"/Engine/EngineMaterials/Substrate/GLints/dict_16_192_64_0p5_0p02_0011_0007" 4693
"/Engine/EngineMaterials/Substrate/GLints/dict_16_192_64_0p5_0p02_0012_0005" 4694
"/Engine/EngineMaterials/Substrate/GLints/dict_16_192_64_0p5_0p02_0012_0004" 4695
"/Engine/EngineMaterials/Substrate/GLints/dict_16_192_64_0p5_0p02_0012_0003" 4696
"/Engine/EngineMaterials/Substrate/GLints/dict_16_192_64_0p5_0p02_0012_0002" 4697
"/Engine/EngineMaterials/Substrate/GLints/dict_16_192_64_0p5_0p02_0012_0001" 4698
"/Engine/EngineMaterials/Substrate/GLints/dict_16_192_64_0p5_0p02_0012_0000" 4699
"/Engine/EngineMaterials/Substrate/GLints/dict_16_192_64_0p5_0p02_0011_0015" 4700
"/Engine/EngineMaterials/Substrate/GLints/dict_16_192_64_0p5_0p02_0011_0014" 4701
"../../../Engine/Content/EngineMaterials/Substrate/GLints/dict_16_192_64_0p5_0p02_0013_0008.uasset" 4702
"../../../Engine/Content/EngineMaterials/Substrate/GLints/dict_16_192_64_0p5_0p02_0013_0007.uasset" 4703
"/Engine/EngineMaterials/Substrate/GLints/dict_16_192_64_0p5_0p02_0013_0006" 4704
"../../../Engine/Content/EngineMaterials/Substrate/GLints/dict_16_192_64_0p5_0p02_0013_0009.uasset" 4705
"../../../Engine/Content/EngineMaterials/Substrate/GLints/dict_16_192_64_0p5_0p02_0013_0010.uasset" 4706
"../../../Engine/Content/EngineMaterials/Substrate/GLints/dict_16_192_64_0p5_0p02_0013_0012.uasset" 4707
"../../../Engine/Content/EngineMaterials/Substrate/GLints/dict_16_192_64_0p5_0p02_0013_0011.uasset" 4708
"/Engine/EngineMaterials/Substrate/GLints/dict_16_192_64_0p5_0p02_0013_0005" 4709
"../../../Engine/Content/EngineMaterials/Substrate/GLints/dict_16_192_64_0p5_0p02_0013_0013.uasset" 4710
"../../../Engine/Content/EngineMaterials/Substrate/GLints/dict_16_192_64_0p5_0p02_0013_0015.uasset" 4711
"/Engine/EngineMaterials/Substrate/GLints/dict_16_192_64_0p5_0p02_0013_0004" 4712
"../../../Engine/Content/EngineMaterials/Substrate/GLints/dict_16_192_64_0p5_0p02_0013_0014.uasset" 4713
"../../../Engine/Content/EngineMaterials/Substrate/GLints/dict_16_192_64_0p5_0p02_0014_0000.uasset" 4714
"../../../Engine/Content/EngineMaterials/Substrate/GLints/dict_16_192_64_0p5_0p02_0014_0001.uasset" 4715
"../../../Engine/Content/EngineMaterials/Substrate/GLints/dict_16_192_64_0p5_0p02_0014_0002.uasset" 4716
"/Engine/EngineMaterials/Substrate/GLints/dict_16_192_64_0p5_0p02_0013_0003" 4717
"../../../Engine/Content/EngineMaterials/Substrate/GLints/dict_16_192_64_0p5_0p02_0014_0003.uasset" 4718
"../../../Engine/Content/EngineMaterials/Substrate/GLints/dict_16_192_64_0p5_0p02_0014_0004.uasset" 4719
"../../../Engine/Content/EngineMaterials/Substrate/GLints/dict_16_192_64_0p5_0p02_0014_0005.uasset" 4720
"/Engine/EngineMaterials/Substrate/GLints/dict_16_192_64_0p5_0p02_0013_0002" 4721
"/Engine/EngineMaterials/Substrate/GLints/dict_16_192_64_0p5_0p02_0013_0001" 4722
"/Engine/EngineMaterials/Substrate/GLints/dict_16_192_64_0p5_0p02_0013_0000" 4723
"/Engine/EngineMaterials/Substrate/GLints/dict_16_192_64_0p5_0p02_0012_0015" 4724
"/Engine/EngineMaterials/Substrate/GLints/dict_16_192_64_0p5_0p02_0012_0014" 4725
"/Engine/EngineMaterials/Substrate/GLints/dict_16_192_64_0p5_0p02_0012_0013" 4726
"/Engine/EngineMaterials/Substrate/GLints/dict_16_192_64_0p5_0p02_0012_0012" 4727
"/Engine/EngineMaterials/Substrate/GLints/dict_16_192_64_0p5_0p02_0012_0011" 4728
"/Engine/EngineMaterials/Substrate/GLints/dict_16_192_64_0p5_0p02_0012_0010" 4729
"/Engine/EngineMaterials/Substrate/GLints/dict_16_192_64_0p5_0p02_0012_0009" 4730
"/Engine/EngineMaterials/Substrate/GLints/dict_16_192_64_0p5_0p02_0012_0008" 4731
"/Engine/EngineMaterials/Substrate/GLints/dict_16_192_64_0p5_0p02_0012_0007" 4732
"/Engine/EngineMaterials/Substrate/GLints/dict_16_192_64_0p5_0p02_0012_0006" 4733
"/Engine/EngineMaterials/Substrate/GLints/dict_16_192_64_0p5_0p02_0014_0005" 4734
"../../../Engine/Content/EngineMaterials/Substrate/GLints/dict_16_192_64_0p5_0p02_0014_0007.uasset" 4735
"../../../Engine/Content/EngineMaterials/Substrate/GLints/dict_16_192_64_0p5_0p02_0014_0006.uasset" 4736
"../../../Engine/Content/EngineMaterials/Substrate/GLints/dict_16_192_64_0p5_0p02_0014_0008.uasset" 4737
"../../../Engine/Content/EngineMaterials/Substrate/GLints/dict_16_192_64_0p5_0p02_0014_0009.uasset" 4738
"/Engine/EngineMaterials/Substrate/GLints/dict_16_192_64_0p5_0p02_0014_0004" 4739
"../../../Engine/Content/EngineMaterials/Substrate/GLints/dict_16_192_64_0p5_0p02_0014_0010.uasset" 4740
"../../../Engine/Content/EngineMaterials/Substrate/GLints/dict_16_192_64_0p5_0p02_0014_0011.uasset" 4741
"../../../Engine/Content/EngineMaterials/Substrate/GLints/dict_16_192_64_0p5_0p02_0014_0012.uasset" 4742
"/Engine/EngineMaterials/Substrate/GLints/dict_16_192_64_0p5_0p02_0014_0003" 4743
"../../../Engine/Content/EngineMaterials/Substrate/GLints/dict_16_192_64_0p5_0p02_0014_0013.uasset" 4744
"../../../Engine/Content/EngineMaterials/Substrate/GLints/dict_16_192_64_0p5_0p02_0014_0014.uasset" 4745
"../../../Engine/Content/EngineMaterials/Substrate/GLints/dict_16_192_64_0p5_0p02_0014_0015.uasset" 4746
"../../../Engine/Content/EngineMaterials/Substrate/GLints/dict_16_192_64_0p5_0p02_0015_0000.uasset" 4747
"/Engine/EngineMaterials/Substrate/GLints/dict_16_192_64_0p5_0p02_0014_0002" 4748
"../../../Engine/Content/EngineMaterials/Substrate/GLints/dict_16_192_64_0p5_0p02_0015_0001.uasset" 4749
"../../../Engine/Content/EngineMaterials/Substrate/GLints/dict_16_192_64_0p5_0p02_0015_0002.uasset" 4750
"../../../Engine/Content/EngineMaterials/Substrate/GLints/dict_16_192_64_0p5_0p02_0015_0003.uasset" 4751
"../../../Engine/Content/EngineMaterials/Substrate/GLints/dict_16_192_64_0p5_0p02_0015_0004.uasset" 4752
"/Engine/EngineMaterials/Substrate/GLints/dict_16_192_64_0p5_0p02_0014_0001" 4753
"../../../Engine/Content/EngineMaterials/Substrate/GLints/dict_16_192_64_0p5_0p02_0015_0005.uasset" 4754
"../../../Engine/Content/EngineMaterials/Substrate/GLints/dict_16_192_64_0p5_0p02_0015_0006.uasset" 4755
"/Engine/EngineMaterials/Substrate/GLints/dict_16_192_64_0p5_0p02_0014_0000" 4756
"/Engine/EngineMaterials/Substrate/GLints/dict_16_192_64_0p5_0p02_0013_0015" 4757
"/Engine/EngineMaterials/Substrate/GLints/dict_16_192_64_0p5_0p02_0013_0014" 4758
"/Engine/EngineMaterials/Substrate/GLints/dict_16_192_64_0p5_0p02_0013_0013" 4759
"/Engine/EngineMaterials/Substrate/GLints/dict_16_192_64_0p5_0p02_0013_0012" 4760
"/Engine/EngineMaterials/Substrate/GLints/dict_16_192_64_0p5_0p02_0013_0011" 4761
"/Engine/EngineMaterials/Substrate/GLints/dict_16_192_64_0p5_0p02_0013_0010" 4762
"/Engine/EngineMaterials/Substrate/GLints/dict_16_192_64_0p5_0p02_0013_0009" 4763
"/Engine/EngineMaterials/Substrate/GLints/dict_16_192_64_0p5_0p02_0013_0008" 4764
"/Engine/EngineMaterials/Substrate/GLints/dict_16_192_64_0p5_0p02_0013_0007" 4765
"/Engine/EngineMaterials/Substrate/GLints/dict_16_192_64_0p5_0p02_0015_0006" 4766
"../../../Engine/Content/EngineMaterials/Substrate/GLints/dict_16_192_64_0p5_0p02_0015_0008.uasset" 4767
"../../../Engine/Content/EngineMaterials/Substrate/GLints/dict_16_192_64_0p5_0p02_0015_0007.uasset" 4768
"../../../Engine/Content/EngineMaterials/Substrate/GLints/dict_16_192_64_0p5_0p02_0015_0009.uasset" 4769
"/Engine/EngineMaterials/Substrate/GLints/dict_16_192_64_0p5_0p02_0015_0005" 4770
"../../../Engine/Content/EngineMaterials/Substrate/GLints/dict_16_192_64_0p5_0p02_0015_0010.uasset" 4771
"../../../Engine/Content/EngineMaterials/Substrate/GLints/dict_16_192_64_0p5_0p02_0015_0011.uasset" 4772
"../../../Engine/Content/EngineMaterials/Substrate/GLints/dict_16_192_64_0p5_0p02_0015_0012.uasset" 4773
"../../../Engine/Content/EngineMaterials/Substrate/GLints/dict_16_192_64_0p5_0p02_0015_0013.uasset" 4774
"../../../Engine/Content/EngineMaterials/Substrate/GLints/dict_16_192_64_0p5_0p02_0015_0014.uasset" 4775
"../../../Engine/Content/EngineMaterials/Substrate/GLints/dict_16_192_64_0p5_0p02_0015_0015.uasset" 4776
"/Engine/EngineMaterials/Substrate/GLints/dict_16_192_64_0p5_0p02_0015_0004" 4777
"../../../Engine/Content/EngineMaterials/Substrate/GLints/dict_16_192_64_0p5_0p02_0016_0000.uasset" 4778
"../../../Engine/Content/EngineMaterials/Substrate/GLints/dict_16_192_64_0p5_0p02_0016_0001.uasset" 4779
"../../../Engine/Content/EngineMaterials/Substrate/GLints/dict_16_192_64_0p5_0p02_0016_0002.uasset" 4780
"../../../Engine/Content/EngineMaterials/Substrate/GLints/dict_16_192_64_0p5_0p02_0016_0003.uasset" 4781
"../../../Engine/Content/EngineMaterials/Substrate/GLints/dict_16_192_64_0p5_0p02_0016_0004.uasset" 4782
"/Engine/EngineMaterials/Substrate/GLints/dict_16_192_64_0p5_0p02_0015_0003" 4783
"../../../Engine/Content/EngineMaterials/Substrate/GLints/dict_16_192_64_0p5_0p02_0016_0005.uasset" 4784
"/Engine/EngineMaterials/Substrate/GLints/dict_16_192_64_0p5_0p02_0015_0002" 4785
"/Engine/EngineMaterials/Substrate/GLints/dict_16_192_64_0p5_0p02_0015_0001" 4786
"/Engine/EngineMaterials/Substrate/GLints/dict_16_192_64_0p5_0p02_0015_0000" 4787
"/Engine/EngineMaterials/Substrate/GLints/dict_16_192_64_0p5_0p02_0014_0015" 4788
"/Engine/EngineMaterials/Substrate/GLints/dict_16_192_64_0p5_0p02_0014_0014" 4789
"/Engine/EngineMaterials/Substrate/GLints/dict_16_192_64_0p5_0p02_0014_0013" 4790
"/Engine/EngineMaterials/Substrate/GLints/dict_16_192_64_0p5_0p02_0014_0012" 4791
"/Engine/EngineMaterials/Substrate/GLints/dict_16_192_64_0p5_0p02_0014_0011" 4792
"/Engine/EngineMaterials/Substrate/GLints/dict_16_192_64_0p5_0p02_0014_0010" 4793
"/Engine/EngineMaterials/Substrate/GLints/dict_16_192_64_0p5_0p02_0014_0009" 4794
"/Engine/EngineMaterials/Substrate/GLints/dict_16_192_64_0p5_0p02_0014_0008" 4795
"/Engine/EngineMaterials/Substrate/GLints/dict_16_192_64_0p5_0p02_0014_0007" 4796
"/Engine/EngineMaterials/Substrate/GLints/dict_16_192_64_0p5_0p02_0014_0006" 4797
"/Engine/EngineMaterials/Substrate/GLints/dict_16_192_64_0p5_0p02_0016_0005" 4798
"../../../Engine/Content/EngineMaterials/Substrate/GLints/dict_16_192_64_0p5_0p02_0016_0007.uasset" 4799
"../../../Engine/Content/EngineMaterials/Substrate/GLints/dict_16_192_64_0p5_0p02_0016_0006.uasset" 4800
"../../../Engine/Content/EngineMaterials/Substrate/GLints/dict_16_192_64_0p5_0p02_0016_0008.uasset" 4801
"../../../Engine/Content/EngineMaterials/Substrate/GLints/dict_16_192_64_0p5_0p02_0016_0011.uasset" 4802
"../../../Engine/Content/EngineMaterials/Substrate/GLints/dict_16_192_64_0p5_0p02_0016_0009.uasset" 4803
"../../../Engine/Content/EngineMaterials/Substrate/GLints/dict_16_192_64_0p5_0p02_0016_0012.uasset" 4804
"/Engine/EngineMaterials/Substrate/GLints/dict_16_192_64_0p5_0p02_0016_0004" 4805
"../../../Engine/Content/EngineMaterials/Substrate/GLints/dict_16_192_64_0p5_0p02_0016_0010.uasset" 4806
"../../../Engine/Content/EngineMaterials/Substrate/GLints/dict_16_192_64_0p5_0p02_0016_0013.uasset" 4807
"../../../Engine/Content/EngineMaterials/Substrate/GLints/dict_16_192_64_0p5_0p02_0016_0014.uasset" 4808
"../../../Engine/Content/EngineMaterials/Substrate/GLints/dict_16_192_64_0p5_0p02_0016_0015.uasset" 4809
"../../../Engine/Content/EngineMaterials/Substrate/GLints/dict_16_192_64_0p5_0p02_0017_0001.uasset" 4810
"../../../Engine/Content/EngineMaterials/Substrate/GLints/dict_16_192_64_0p5_0p02_0017_0002.uasset" 4811
"/Engine/EngineMaterials/Substrate/GLints/dict_16_192_64_0p5_0p02_0016_0003" 4812
"../../../Engine/Content/EngineMaterials/Substrate/GLints/dict_16_192_64_0p5_0p02_0017_0000.uasset" 4813
"../../../Engine/Content/EngineMaterials/Substrate/GLints/dict_16_192_64_0p5_0p02_0017_0003.uasset" 4814
"../../../Engine/Content/EngineMaterials/Substrate/GLints/dict_16_192_64_0p5_0p02_0017_0004.uasset" 4815
"../../../Engine/Content/EngineMaterials/Substrate/GLints/dict_16_192_64_0p5_0p02_0017_0005.uasset" 4816
"../../../Engine/Content/EngineMaterials/Substrate/GLints/dict_16_192_64_0p5_0p02_0017_0006.uasset" 4817
"/Engine/EngineMaterials/Substrate/GLints/dict_16_192_64_0p5_0p02_0016_0002" 4818
"/Engine/EngineMaterials/Substrate/GLints/dict_16_192_64_0p5_0p02_0016_0001" 4819
"/Engine/EngineMaterials/Substrate/GLints/dict_16_192_64_0p5_0p02_0016_0000" 4820
"/Engine/EngineMaterials/Substrate/GLints/dict_16_192_64_0p5_0p02_0015_0015" 4821
"/Engine/EngineMaterials/Substrate/GLints/dict_16_192_64_0p5_0p02_0015_0014" 4822
"/Engine/EngineMaterials/Substrate/GLints/dict_16_192_64_0p5_0p02_0015_0013" 4823
"/Engine/EngineMaterials/Substrate/GLints/dict_16_192_64_0p5_0p02_0015_0012" 4824
"/Engine/EngineMaterials/Substrate/GLints/dict_16_192_64_0p5_0p02_0015_0011" 4825
"/Engine/EngineMaterials/Substrate/GLints/dict_16_192_64_0p5_0p02_0015_0010" 4826
"/Engine/EngineMaterials/Substrate/GLints/dict_16_192_64_0p5_0p02_0015_0009" 4827
"/Engine/EngineMaterials/Substrate/GLints/dict_16_192_64_0p5_0p02_0015_0008" 4828
"/Engine/EngineMaterials/Substrate/GLints/dict_16_192_64_0p5_0p02_0015_0007" 4829
"../../../Engine/Content/EngineMaterials/Substrate/GLints/dict_16_192_64_0p5_0p02_0017_0007.uasset" 4830
"/Engine/EngineMaterials/Substrate/GLints/dict_16_192_64_0p5_0p02_0017_0006" 4831
"../../../Engine/Content/EngineMaterials/Substrate/GLints/dict_16_192_64_0p5_0p02_0017_0009.uasset" 4832
"../../../Engine/Content/EngineMaterials/Substrate/GLints/dict_16_192_64_0p5_0p02_0017_0008.uasset" 4833
"../../../Engine/Content/EngineMaterials/Substrate/GLints/dict_16_192_64_0p5_0p02_0017_0010.uasset" 4834
"../../../Engine/Content/EngineMaterials/Substrate/GLints/dict_16_192_64_0p5_0p02_0017_0011.uasset" 4835
"../../../Engine/Content/EngineMaterials/Substrate/GLints/dict_16_192_64_0p5_0p02_0017_0012.uasset" 4836
"/Engine/EngineMaterials/Substrate/GLints/dict_16_192_64_0p5_0p02_0017_0005" 4837
"../../../Engine/Content/EngineMaterials/Substrate/GLints/dict_16_192_64_0p5_0p02_0017_0013.uasset" 4838
"../../../Engine/Content/EngineMaterials/Substrate/GLints/dict_16_192_64_0p5_0p02_0017_0014.uasset" 4839
"../../../Engine/Content/EngineMaterials/Substrate/GLints/dict_16_192_64_0p5_0p02_0017_0015.uasset" 4840
"../../../Engine/Content/EngineMaterials/Substrate/GLints/dict_16_192_64_0p5_0p02_0018_0000.uasset" 4841
"../../../Engine/Content/EngineMaterials/Substrate/GLints/dict_16_192_64_0p5_0p02_0018_0002.uasset" 4842
"../../../Engine/Content/EngineMaterials/Substrate/GLints/dict_16_192_64_0p5_0p02_0018_0001.uasset" 4843
"../../../Engine/Content/EngineMaterials/Substrate/GLints/dict_16_192_64_0p5_0p02_0018_0004.uasset" 4844
"../../../Engine/Content/EngineMaterials/Substrate/GLints/dict_16_192_64_0p5_0p02_0018_0003.uasset" 4845
"/Engine/EngineMaterials/Substrate/GLints/dict_16_192_64_0p5_0p02_0017_0004" 4846
"../../../Engine/Content/EngineMaterials/Substrate/GLints/dict_16_192_64_0p5_0p02_0018_0005.uasset" 4847
"/Engine/EngineMaterials/Substrate/GLints/dict_16_192_64_0p5_0p02_0017_0003" 4848
"/Engine/EngineMaterials/Substrate/GLints/dict_16_192_64_0p5_0p02_0017_0002" 4849
"/Engine/EngineMaterials/Substrate/GLints/dict_16_192_64_0p5_0p02_0017_0001" 4850
"/Engine/EngineMaterials/Substrate/GLints/dict_16_192_64_0p5_0p02_0017_0000" 4851
"/Engine/EngineMaterials/Substrate/GLints/dict_16_192_64_0p5_0p02_0016_0015" 4852
"/Engine/EngineMaterials/Substrate/GLints/dict_16_192_64_0p5_0p02_0016_0014" 4853
"/Engine/EngineMaterials/Substrate/GLints/dict_16_192_64_0p5_0p02_0016_0013" 4854
"/Engine/EngineMaterials/Substrate/GLints/dict_16_192_64_0p5_0p02_0016_0012" 4855
"/Engine/EngineMaterials/Substrate/GLints/dict_16_192_64_0p5_0p02_0016_0011" 4856
"/Engine/EngineMaterials/Substrate/GLints/dict_16_192_64_0p5_0p02_0016_0010" 4857
"/Engine/EngineMaterials/Substrate/GLints/dict_16_192_64_0p5_0p02_0016_0009" 4858
"/Engine/EngineMaterials/Substrate/GLints/dict_16_192_64_0p5_0p02_0016_0008" 4859
"/Engine/EngineMaterials/Substrate/GLints/dict_16_192_64_0p5_0p02_0016_0007" 4860
"/Engine/EngineMaterials/Substrate/GLints/dict_16_192_64_0p5_0p02_0016_0006" 4861
"/Engine/EngineMaterials/Substrate/GLints/dict_16_192_64_0p5_0p02_0018_0005" 4862
"../../../Engine/Content/EngineMaterials/Substrate/GLints/dict_16_192_64_0p5_0p02_0018_0008.uasset" 4863
"../../../Engine/Content/EngineMaterials/Substrate/GLints/dict_16_192_64_0p5_0p02_0018_0006.uasset" 4864
"../../../Engine/Content/EngineMaterials/Substrate/GLints/dict_16_192_64_0p5_0p02_0018_0007.uasset" 4865
"../../../Engine/Content/EngineMaterials/Substrate/GLints/dict_16_192_64_0p5_0p02_0018_0010.uasset" 4866
"../../../Engine/Content/EngineMaterials/Substrate/GLints/dict_16_192_64_0p5_0p02_0018_0014.uasset" 4867
"/Engine/EngineMaterials/Substrate/GLints/dict_16_192_64_0p5_0p02_0018_0004" 4868
"../../../Engine/Content/EngineMaterials/Substrate/GLints/dict_16_192_64_0p5_0p02_0018_0013.uasset" 4869
"../../../Engine/Content/EngineMaterials/Substrate/GLints/dict_16_192_64_0p5_0p02_0018_0012.uasset" 4870
"../../../Engine/Content/EngineMaterials/Substrate/GLints/dict_16_192_64_0p5_0p02_0019_0000.uasset" 4871
"../../../Engine/Content/EngineMaterials/Substrate/GLints/dict_16_192_64_0p5_0p02_0018_0015.uasset" 4872
"../../../Engine/Content/EngineMaterials/Substrate/GLints/dict_16_192_64_0p5_0p02_0018_0011.uasset" 4873
"../../../Engine/Content/EngineMaterials/Substrate/GLints/dict_16_192_64_0p5_0p02_0019_0001.uasset" 4874
"../../../Engine/Content/EngineMaterials/Substrate/GLints/dict_16_192_64_0p5_0p02_0019_0002.uasset" 4875
"../../../Engine/Content/EngineMaterials/Substrate/GLints/dict_16_192_64_0p5_0p02_0018_0009.uasset" 4876
"../../../Engine/Content/EngineMaterials/Substrate/GLints/dict_16_192_64_0p5_0p02_0019_0003.uasset" 4877
"../../../Engine/Content/EngineMaterials/Substrate/GLints/dict_16_192_64_0p5_0p02_0019_0004.uasset" 4878
"../../../Engine/Content/EngineMaterials/Substrate/GLints/dict_16_192_64_0p5_0p02_0019_0006.uasset" 4879
"../../../Engine/Content/EngineMaterials/Substrate/GLints/dict_16_192_64_0p5_0p02_0019_0005.uasset" 4880
"/Engine/EngineMaterials/Substrate/GLints/dict_16_192_64_0p5_0p02_0018_0003" 4881
"/Engine/EngineMaterials/Substrate/GLints/dict_16_192_64_0p5_0p02_0018_0002" 4882
"/Engine/EngineMaterials/Substrate/GLints/dict_16_192_64_0p5_0p02_0018_0001" 4883
"/Engine/EngineMaterials/Substrate/GLints/dict_16_192_64_0p5_0p02_0018_0000" 4884
"/Engine/EngineMaterials/Substrate/GLints/dict_16_192_64_0p5_0p02_0017_0015" 4885
"/Engine/EngineMaterials/Substrate/GLints/dict_16_192_64_0p5_0p02_0017_0014" 4886
"/Engine/EngineMaterials/Substrate/GLints/dict_16_192_64_0p5_0p02_0017_0013" 4887
"/Engine/EngineMaterials/Substrate/GLints/dict_16_192_64_0p5_0p02_0017_0012" 4888
"/Engine/EngineMaterials/Substrate/GLints/dict_16_192_64_0p5_0p02_0017_0011" 4889
"/Engine/EngineMaterials/Substrate/GLints/dict_16_192_64_0p5_0p02_0017_0010" 4890
"/Engine/EngineMaterials/Substrate/GLints/dict_16_192_64_0p5_0p02_0017_0009" 4891
"/Engine/EngineMaterials/Substrate/GLints/dict_16_192_64_0p5_0p02_0017_0008" 4892
"/Engine/EngineMaterials/Substrate/GLints/dict_16_192_64_0p5_0p02_0017_0007" 4893
"/Engine/EngineMaterials/Substrate/GLints/dict_16_192_64_0p5_0p02_0019_0006" 4894
"../../../Engine/Content/EngineMaterials/Substrate/GLints/dict_16_192_64_0p5_0p02_0020_0000.uasset" 4895
"../../../Engine/Content/EngineMaterials/Substrate/GLints/dict_16_192_64_0p5_0p02_0019_0012.uasset" 4896
"../../../Engine/Content/EngineMaterials/Substrate/GLints/dict_16_192_64_0p5_0p02_0019_0015.uasset" 4897
"/Engine/EngineMaterials/Substrate/GLints/dict_16_192_64_0p5_0p02_0019_0005" 4898
"../../../Engine/Content/EngineMaterials/Substrate/GLints/dict_16_192_64_0p5_0p02_0020_0001.uasset" 4899
"../../../Engine/Content/EngineMaterials/Substrate/GLints/dict_16_192_64_0p5_0p02_0019_0010.uasset" 4900
"../../../Engine/Content/EngineMaterials/Substrate/GLints/dict_16_192_64_0p5_0p02_0019_0013.uasset" 4901
"../../../Engine/Content/EngineMaterials/Substrate/GLints/dict_16_192_64_0p5_0p02_0019_0008.uasset" 4902
"../../../Engine/Content/EngineMaterials/Substrate/GLints/dict_16_192_64_0p5_0p02_0020_0002.uasset" 4903
"../../../Engine/Content/EngineMaterials/Substrate/GLints/dict_16_192_64_0p5_0p02_0019_0014.uasset" 4904
"../../../Engine/Content/EngineMaterials/Substrate/GLints/dict_16_192_64_0p5_0p02_0019_0007.uasset" 4905
"../../../Engine/Content/EngineMaterials/Substrate/GLints/dict_16_192_64_0p5_0p02_0019_0009.uasset" 4906
"../../../Engine/Content/EngineMaterials/Substrate/GLints/dict_16_192_64_0p5_0p02_0020_0003.uasset" 4907
"../../../Engine/Content/EngineMaterials/Substrate/GLints/dict_16_192_64_0p5_0p02_0020_0004.uasset" 4908
"../../../Engine/Content/EngineMaterials/Substrate/GLints/dict_16_192_64_0p5_0p02_0020_0005.uasset" 4909
"../../../Engine/Content/EngineMaterials/Substrate/GLints/dict_16_192_64_0p5_0p02_0019_0011.uasset" 4910
"/Engine/EngineMaterials/Substrate/GLints/dict_16_192_64_0p5_0p02_0019_0004" 4911
"/Engine/EngineMaterials/Substrate/GLints/dict_16_192_64_0p5_0p02_0019_0003" 4912
"/Engine/EngineMaterials/Substrate/GLints/dict_16_192_64_0p5_0p02_0019_0002" 4913
"/Engine/EngineMaterials/Substrate/GLints/dict_16_192_64_0p5_0p02_0019_0001" 4914
"/Engine/EngineMaterials/Substrate/GLints/dict_16_192_64_0p5_0p02_0019_0000" 4915
"/Engine/EngineMaterials/Substrate/GLints/dict_16_192_64_0p5_0p02_0018_0015" 4916
"/Engine/EngineMaterials/Substrate/GLints/dict_16_192_64_0p5_0p02_0018_0014" 4917
"/Engine/EngineMaterials/Substrate/GLints/dict_16_192_64_0p5_0p02_0018_0013" 4918
"/Engine/EngineMaterials/Substrate/GLints/dict_16_192_64_0p5_0p02_0018_0012" 4919
"/Engine/EngineMaterials/Substrate/GLints/dict_16_192_64_0p5_0p02_0018_0011" 4920
"/Engine/EngineMaterials/Substrate/GLints/dict_16_192_64_0p5_0p02_0018_0010" 4921
"/Engine/EngineMaterials/Substrate/GLints/dict_16_192_64_0p5_0p02_0018_0009" 4922
"/Engine/EngineMaterials/Substrate/GLints/dict_16_192_64_0p5_0p02_0018_0008" 4923
"/Engine/EngineMaterials/Substrate/GLints/dict_16_192_64_0p5_0p02_0018_0007" 4924
"/Engine/EngineMaterials/Substrate/GLints/dict_16_192_64_0p5_0p02_0018_0006" 4925
"/Engine/EngineMaterials/Substrate/GLints/dict_16_192_64_0p5_0p02_0020_0005" 4926
"../../../Engine/Content/EngineMaterials/Substrate/GLints/dict_16_192_64_0p5_0p02_0020_0008.uasset" 4927
"../../../Engine/Content/EngineMaterials/Substrate/GLints/dict_16_192_64_0p5_0p02_0020_0006.uasset" 4928
"../../../Engine/Content/EngineMaterials/Substrate/GLints/dict_16_192_64_0p5_0p02_0020_0014.uasset" 4929
"../../../Engine/Content/EngineMaterials/Substrate/GLints/dict_16_192_64_0p5_0p02_0020_0012.uasset" 4930
"../../../Engine/Content/EngineMaterials/Substrate/GLints/dict_16_192_64_0p5_0p02_0020_0015.uasset" 4931
"../../../Engine/Content/EngineMaterials/Substrate/GLints/dict_16_192_64_0p5_0p02_0021_0000.uasset" 4932
"../../../Engine/Content/EngineMaterials/Substrate/GLints/dict_16_192_64_0p5_0p02_0020_0013.uasset" 4933
"../../../Engine/Content/EngineMaterials/Substrate/GLints/dict_16_192_64_0p5_0p02_0021_0001.uasset" 4934
"/Engine/EngineMaterials/Substrate/GLints/dict_16_192_64_0p5_0p02_0020_0004" 4935
"../../../Engine/Content/EngineMaterials/Substrate/GLints/dict_16_192_64_0p5_0p02_0020_0009.uasset" 4936
"../../../Engine/Content/EngineMaterials/Substrate/GLints/dict_16_192_64_0p5_0p02_0020_0010.uasset" 4937
"../../../Engine/Content/EngineMaterials/Substrate/GLints/dict_16_192_64_0p5_0p02_0021_0002.uasset" 4938
"../../../Engine/Content/EngineMaterials/Substrate/GLints/dict_16_192_64_0p5_0p02_0020_0011.uasset" 4939
"../../../Engine/Content/EngineMaterials/Substrate/GLints/dict_16_192_64_0p5_0p02_0021_0005.uasset" 4940
"../../../Engine/Content/EngineMaterials/Substrate/GLints/dict_16_192_64_0p5_0p02_0021_0003.uasset" 4941
"../../../Engine/Content/EngineMaterials/Substrate/GLints/dict_16_192_64_0p5_0p02_0021_0004.uasset" 4942
"../../../Engine/Content/EngineMaterials/Substrate/GLints/dict_16_192_64_0p5_0p02_0021_0006.uasset" 4943
"../../../Engine/Content/EngineMaterials/Substrate/GLints/dict_16_192_64_0p5_0p02_0020_0007.uasset" 4944
"/Engine/EngineMaterials/Substrate/GLints/dict_16_192_64_0p5_0p02_0020_0003" 4945
"/Engine/EngineMaterials/Substrate/GLints/dict_16_192_64_0p5_0p02_0020_0002" 4946
"/Engine/EngineMaterials/Substrate/GLints/dict_16_192_64_0p5_0p02_0020_0001" 4947
"/Engine/EngineMaterials/Substrate/GLints/dict_16_192_64_0p5_0p02_0020_0000" 4948
"/Engine/EngineMaterials/Substrate/GLints/dict_16_192_64_0p5_0p02_0019_0015" 4949
"/Engine/EngineMaterials/Substrate/GLints/dict_16_192_64_0p5_0p02_0019_0014" 4950
"/Engine/EngineMaterials/Substrate/GLints/dict_16_192_64_0p5_0p02_0019_0013" 4951
"/Engine/EngineMaterials/Substrate/GLints/dict_16_192_64_0p5_0p02_0019_0012" 4952
"/Engine/EngineMaterials/Substrate/GLints/dict_16_192_64_0p5_0p02_0019_0011" 4953
"/Engine/EngineMaterials/Substrate/GLints/dict_16_192_64_0p5_0p02_0019_0010" 4954
"/Engine/EngineMaterials/Substrate/GLints/dict_16_192_64_0p5_0p02_0019_0009" 4955
"/Engine/EngineMaterials/Substrate/GLints/dict_16_192_64_0p5_0p02_0019_0008" 4956
"/Engine/EngineMaterials/Substrate/GLints/dict_16_192_64_0p5_0p02_0019_0007" 4957
"/Engine/EngineMaterials/Substrate/GLints/dict_16_192_64_0p5_0p02_0021_0006" 4958
"../../../Engine/Content/EngineMaterials/Substrate/GLints/dict_16_192_64_0p5_0p02_0021_0008.uasset" 4959
"../../../Engine/Content/EngineMaterials/Substrate/GLints/dict_16_192_64_0p5_0p02_0021_0012.uasset" 4960
"../../../Engine/Content/EngineMaterials/Substrate/GLints/dict_16_192_64_0p5_0p02_0021_0009.uasset" 4961
"../../../Engine/Content/EngineMaterials/Substrate/GLints/dict_16_192_64_0p5_0p02_0021_0013.uasset" 4962
"../../../Engine/Content/EngineMaterials/Substrate/GLints/dict_16_192_64_0p5_0p02_0022_0002.uasset" 4963
"../../../Engine/Content/EngineMaterials/Substrate/GLints/dict_16_192_64_0p5_0p02_0022_0000.uasset" 4964
"../../../Engine/Content/EngineMaterials/Substrate/GLints/dict_16_192_64_0p5_0p02_0022_0001.uasset" 4965
"../../../Engine/Content/EngineMaterials/Substrate/GLints/dict_16_192_64_0p5_0p02_0021_0011.uasset" 4966
"../../../Engine/Content/EngineMaterials/Substrate/GLints/dict_16_192_64_0p5_0p02_0021_0015.uasset" 4967
"../../../Engine/Content/EngineMaterials/Substrate/GLints/dict_16_192_64_0p5_0p02_0022_0004.uasset" 4968
"/Engine/EngineMaterials/Substrate/GLints/dict_16_192_64_0p5_0p02_0021_0005" 4969
"../../../Engine/Content/EngineMaterials/Substrate/GLints/dict_16_192_64_0p5_0p02_0021_0010.uasset" 4970
"../../../Engine/Content/EngineMaterials/Substrate/GLints/dict_16_192_64_0p5_0p02_0022_0003.uasset" 4971
"../../../Engine/Content/EngineMaterials/Substrate/GLints/dict_16_192_64_0p5_0p02_0021_0014.uasset" 4972
"../../../Engine/Content/EngineMaterials/Substrate/GLints/dict_16_192_64_0p5_0p02_0021_0007.uasset" 4973
"../../../Engine/Content/EngineMaterials/Substrate/GLints/dict_16_192_64_0p5_0p02_0022_0005.uasset" 4974
"/Engine/EngineMaterials/Substrate/GLints/dict_16_192_64_0p5_0p02_0021_0004" 4975
"/Engine/EngineMaterials/Substrate/GLints/dict_16_192_64_0p5_0p02_0021_0003" 4976
"/Engine/EngineMaterials/Substrate/GLints/dict_16_192_64_0p5_0p02_0021_0002" 4977
"/Engine/EngineMaterials/Substrate/GLints/dict_16_192_64_0p5_0p02_0021_0001" 4978
"/Engine/EngineMaterials/Substrate/GLints/dict_16_192_64_0p5_0p02_0021_0000" 4979
"/Engine/EngineMaterials/Substrate/GLints/dict_16_192_64_0p5_0p02_0020_0015" 4980
"/Engine/EngineMaterials/Substrate/GLints/dict_16_192_64_0p5_0p02_0020_0014" 4981
"/Engine/EngineMaterials/Substrate/GLints/dict_16_192_64_0p5_0p02_0020_0013" 4982
"/Engine/EngineMaterials/Substrate/GLints/dict_16_192_64_0p5_0p02_0020_0012" 4983
"/Engine/EngineMaterials/Substrate/GLints/dict_16_192_64_0p5_0p02_0020_0011" 4984
"/Engine/EngineMaterials/Substrate/GLints/dict_16_192_64_0p5_0p02_0020_0010" 4985
"/Engine/EngineMaterials/Substrate/GLints/dict_16_192_64_0p5_0p02_0020_0009" 4986
"/Engine/EngineMaterials/Substrate/GLints/dict_16_192_64_0p5_0p02_0020_0008" 4987
"/Engine/EngineMaterials/Substrate/GLints/dict_16_192_64_0p5_0p02_0020_0007" 4988
"/Engine/EngineMaterials/Substrate/GLints/dict_16_192_64_0p5_0p02_0020_0006" 4989
"/Engine/EngineMaterials/Substrate/GLints/dict_16_192_64_0p5_0p02_0022_0005" 4990
"../../../Engine/Content/EngineMaterials/Substrate/GLints/dict_16_192_64_0p5_0p02_0022_0008.uasset" 4991
"../../../Engine/Content/EngineMaterials/Substrate/GLints/dict_16_192_64_0p5_0p02_0022_0007.uasset" 4992
"../../../Engine/Content/EngineMaterials/Substrate/GLints/dict_16_192_64_0p5_0p02_0022_0006.uasset" 4993
"../../../Engine/Content/EngineMaterials/Substrate/GLints/dict_16_192_64_0p5_0p02_0022_0009.uasset" 4994
"../../../Engine/Content/EngineMaterials/Substrate/GLints/dict_16_192_64_0p5_0p02_0022_0011.uasset" 4995
"../../../Engine/Content/EngineMaterials/Substrate/GLints/dict_16_192_64_0p5_0p02_0022_0014.uasset" 4996
"../../../Engine/Content/EngineMaterials/Substrate/GLints/dict_16_192_64_0p5_0p02_0023_0000.uasset" 4997
"../../../Engine/Content/EngineMaterials/Substrate/GLints/dict_16_192_64_0p5_0p02_0022_0013.uasset" 4998
"/Engine/EngineMaterials/Substrate/GLints/dict_16_192_64_0p5_0p02_0022_0004" 4999
"../../../Engine/Content/EngineMaterials/Substrate/GLints/dict_16_192_64_0p5_0p02_0023_0002.uasset" 5000
"../../../Engine/Content/EngineMaterials/Substrate/GLints/dict_16_192_64_0p5_0p02_0022_0015.uasset" 5001
"../../../Engine/Content/EngineMaterials/Substrate/GLints/dict_16_192_64_0p5_0p02_0023_0001.uasset" 5002
"../../../Engine/Content/EngineMaterials/Substrate/GLints/dict_16_192_64_0p5_0p02_0022_0010.uasset" 5003
"../../../Engine/Content/EngineMaterials/Substrate/GLints/dict_16_192_64_0p5_0p02_0023_0005.uasset" 5004
"../../../Engine/Content/EngineMaterials/Substrate/GLints/dict_16_192_64_0p5_0p02_0023_0004.uasset" 5005
"../../../Engine/Content/EngineMaterials/Substrate/GLints/dict_16_192_64_0p5_0p02_0023_0003.uasset" 5006
"../../../Engine/Content/EngineMaterials/Substrate/GLints/dict_16_192_64_0p5_0p02_0023_0006.uasset" 5007
"/Engine/EngineMaterials/Substrate/GLints/dict_16_192_64_0p5_0p02_0022_0003" 5008
"../../../Engine/Content/EngineMaterials/Substrate/GLints/dict_16_192_64_0p5_0p02_0022_0012.uasset" 5009
"/Engine/EngineMaterials/Substrate/GLints/dict_16_192_64_0p5_0p02_0022_0002" 5010
"/Engine/EngineMaterials/Substrate/GLints/dict_16_192_64_0p5_0p02_0022_0001" 5011
"/Engine/EngineMaterials/Substrate/GLints/dict_16_192_64_0p5_0p02_0022_0000" 5012
"/Engine/EngineMaterials/Substrate/GLints/dict_16_192_64_0p5_0p02_0021_0015" 5013
"/Engine/EngineMaterials/Substrate/GLints/dict_16_192_64_0p5_0p02_0021_0014" 5014
"/Engine/EngineMaterials/Substrate/GLints/dict_16_192_64_0p5_0p02_0021_0013" 5015
"/Engine/EngineMaterials/Substrate/GLints/dict_16_192_64_0p5_0p02_0021_0012" 5016
"/Engine/EngineMaterials/Substrate/GLints/dict_16_192_64_0p5_0p02_0021_0011" 5017
"/Engine/EngineMaterials/Substrate/GLints/dict_16_192_64_0p5_0p02_0021_0010" 5018
"/Engine/EngineMaterials/Substrate/GLints/dict_16_192_64_0p5_0p02_0021_0009" 5019
"/Engine/EngineMaterials/Substrate/GLints/dict_16_192_64_0p5_0p02_0021_0008" 5020
"/Engine/EngineMaterials/Substrate/GLints/dict_16_192_64_0p5_0p02_0021_0007" 5021
"/Engine/EngineMaterials/Substrate/GLints/dict_16_192_64_0p5_0p02_0023_0006" 5022
"../../../Engine/Content/EngineMaterials/Substrate/GLints/dict_16_192_64_0p5_0p02_0023_0009.uasset" 5023
"../../../Engine/Content/EngineMaterials/Substrate/GLints/dict_16_192_64_0p5_0p02_0023_0008.uasset" 5024
"../../../Engine/Content/EngineMaterials/Substrate/GLints/dict_16_192_64_0p5_0p02_0023_0007.uasset" 5025
"../../../Engine/Content/EngineMaterials/Substrate/GLints/dict_16_192_64_0p5_0p02_0023_0011.uasset" 5026
"../../../Engine/Content/EngineMaterials/Substrate/GLints/dict_16_192_64_0p5_0p02_0023_0010.uasset" 5027
"../../../Engine/Content/EngineMaterials/Substrate/GLints/dict_16_192_64_0p5_0p02_0023_0012.uasset" 5028
"../../../Engine/Content/EngineMaterials/Substrate/GLints/dict_16_192_64_0p5_0p02_0023_0013.uasset" 5029
"/Engine/EngineMaterials/Substrate/GLints/dict_16_192_64_0p5_0p02_0023_0005" 5030
"../../../Engine/Content/EngineMaterials/Substrate/GLints/dict_16_192_64_0p5_0p02_0024_0001.uasset" 5031
"../../../Engine/Content/EngineMaterials/Substrate/GLints/dict_16_192_64_0p5_0p02_0023_0015.uasset" 5032
"../../../Engine/Content/EngineMaterials/Substrate/GLints/dict_16_192_64_0p5_0p02_0024_0002.uasset" 5033
"../../../Engine/Content/EngineMaterials/Substrate/GLints/dict_16_192_64_0p5_0p02_0024_0000.uasset" 5034
"../../../Engine/Content/EngineMaterials/Substrate/GLints/dict_16_192_64_0p5_0p02_0024_0005.uasset" 5035
"../../../Engine/Content/EngineMaterials/Substrate/GLints/dict_16_192_64_0p5_0p02_0023_0014.uasset" 5036
"../../../Engine/Content/EngineMaterials/Substrate/GLints/dict_16_192_64_0p5_0p02_0024_0003.uasset" 5037
"../../../Engine/Content/EngineMaterials/Substrate/GLints/dict_16_192_64_0p5_0p02_0024_0004.uasset" 5038
"/Engine/EngineMaterials/Substrate/GLints/dict_16_192_64_0p5_0p02_0023_0004" 5039
"/Engine/EngineMaterials/Substrate/GLints/dict_16_192_64_0p5_0p02_0023_0003" 5040
"/Engine/EngineMaterials/Substrate/GLints/dict_16_192_64_0p5_0p02_0023_0002" 5041
"/Engine/EngineMaterials/Substrate/GLints/dict_16_192_64_0p5_0p02_0023_0001" 5042
"/Engine/EngineMaterials/Substrate/GLints/dict_16_192_64_0p5_0p02_0023_0000" 5043
"/Engine/EngineMaterials/Substrate/GLints/dict_16_192_64_0p5_0p02_0022_0015" 5044
"/Engine/EngineMaterials/Substrate/GLints/dict_16_192_64_0p5_0p02_0022_0014" 5045
"/Engine/EngineMaterials/Substrate/GLints/dict_16_192_64_0p5_0p02_0022_0013" 5046
"/Engine/EngineMaterials/Substrate/GLints/dict_16_192_64_0p5_0p02_0022_0012" 5047
"/Engine/EngineMaterials/Substrate/GLints/dict_16_192_64_0p5_0p02_0022_0011" 5048
"/Engine/EngineMaterials/Substrate/GLints/dict_16_192_64_0p5_0p02_0022_0010" 5049
"/Engine/EngineMaterials/Substrate/GLints/dict_16_192_64_0p5_0p02_0022_0009" 5050
"/Engine/EngineMaterials/Substrate/GLints/dict_16_192_64_0p5_0p02_0022_0008" 5051
"/Engine/EngineMaterials/Substrate/GLints/dict_16_192_64_0p5_0p02_0022_0007" 5052
"/Engine/EngineMaterials/Substrate/GLints/dict_16_192_64_0p5_0p02_0022_0006" 5053
"/Engine/EngineMaterials/Substrate/GLints/dict_16_192_64_0p5_0p02_0024_0005" 5054
"../../../Engine/Content/EngineMaterials/Substrate/GLints/dict_16_192_64_0p5_0p02_0024_0008.uasset" 5055
"../../../Engine/Content/EngineMaterials/Substrate/GLints/dict_16_192_64_0p5_0p02_0024_0009.uasset" 5056
"../../../Engine/Content/EngineMaterials/Substrate/GLints/dict_16_192_64_0p5_0p02_0024_0011.uasset" 5057
"../../../Engine/Content/EngineMaterials/Substrate/GLints/dict_16_192_64_0p5_0p02_0024_0015.uasset" 5058
"../../../Engine/Content/EngineMaterials/Substrate/GLints/dict_16_192_64_0p5_0p02_0024_0014.uasset" 5059
"../../../Engine/Content/EngineMaterials/Substrate/GLints/dict_16_192_64_0p5_0p02_0024_0010.uasset" 5060
"/Engine/EngineMaterials/Substrate/GLints/dict_16_192_64_0p5_0p02_0024_0004" 5061
"../../../Engine/Content/EngineMaterials/Substrate/GLints/dict_16_192_64_0p5_0p02_0024_0012.uasset" 5062
"../../../Engine/Content/EngineMaterials/Substrate/GLints/dict_16_192_64_0p5_0p02_0025_0001.uasset" 5063
"../../../Engine/Content/EngineMaterials/Substrate/GLints/dict_16_192_64_0p5_0p02_0025_0000.uasset" 5064
"../../../Engine/Content/EngineMaterials/Substrate/GLints/dict_16_192_64_0p5_0p02_0024_0013.uasset" 5065
"../../../Engine/Content/EngineMaterials/Substrate/GLints/dict_16_192_64_0p5_0p02_0024_0007.uasset" 5066
"../../../Engine/Content/EngineMaterials/Substrate/GLints/dict_16_192_64_0p5_0p02_0025_0004.uasset" 5067
"../../../Engine/Content/EngineMaterials/Substrate/GLints/dict_16_192_64_0p5_0p02_0024_0006.uasset" 5068
"../../../Engine/Content/EngineMaterials/Substrate/GLints/dict_16_192_64_0p5_0p02_0025_0003.uasset" 5069
"../../../Engine/Content/EngineMaterials/Substrate/GLints/dict_16_192_64_0p5_0p02_0025_0005.uasset" 5070
"../../../Engine/Content/EngineMaterials/Substrate/GLints/dict_16_192_64_0p5_0p02_0025_0002.uasset" 5071
"../../../Engine/Content/EngineMaterials/Substrate/GLints/dict_16_192_64_0p5_0p02_0025_0006.uasset" 5072
"/Engine/EngineMaterials/Substrate/GLints/dict_16_192_64_0p5_0p02_0024_0003" 5073
"/Engine/EngineMaterials/Substrate/GLints/dict_16_192_64_0p5_0p02_0024_0002" 5074
"/Engine/EngineMaterials/Substrate/GLints/dict_16_192_64_0p5_0p02_0024_0001" 5075
"/Engine/EngineMaterials/Substrate/GLints/dict_16_192_64_0p5_0p02_0024_0000" 5076
"/Engine/EngineMaterials/Substrate/GLints/dict_16_192_64_0p5_0p02_0023_0015" 5077
"/Engine/EngineMaterials/Substrate/GLints/dict_16_192_64_0p5_0p02_0023_0014" 5078
"/Engine/EngineMaterials/Substrate/GLints/dict_16_192_64_0p5_0p02_0023_0013" 5079
"/Engine/EngineMaterials/Substrate/GLints/dict_16_192_64_0p5_0p02_0023_0012" 5080
"/Engine/EngineMaterials/Substrate/GLints/dict_16_192_64_0p5_0p02_0023_0011" 5081
"/Engine/EngineMaterials/Substrate/GLints/dict_16_192_64_0p5_0p02_0023_0010" 5082
"/Engine/EngineMaterials/Substrate/GLints/dict_16_192_64_0p5_0p02_0023_0009" 5083
"/Engine/EngineMaterials/Substrate/GLints/dict_16_192_64_0p5_0p02_0023_0008" 5084
"/Engine/EngineMaterials/Substrate/GLints/dict_16_192_64_0p5_0p02_0023_0007" 5085
"/Engine/EngineMaterials/Substrate/GLints/dict_16_192_64_0p5_0p02_0025_0006" 5086
"../../../Engine/Content/EngineMaterials/Substrate/GLints/dict_16_192_64_0p5_0p02_0025_0008.uasset" 5087
"../../../Engine/Content/EngineMaterials/Substrate/GLints/dict_16_192_64_0p5_0p02_0025_0007.uasset" 5088
"../../../Engine/Content/EngineMaterials/Substrate/GLints/dict_16_192_64_0p5_0p02_0025_0014.uasset" 5089
"../../../Engine/Content/EngineMaterials/Substrate/GLints/dict_16_192_64_0p5_0p02_0025_0015.uasset" 5090
"../../../Engine/Content/EngineMaterials/Substrate/GLints/dict_16_192_64_0p5_0p02_0025_0009.uasset" 5091
"/Engine/EngineMaterials/Substrate/GLints/dict_16_192_64_0p5_0p02_0025_0005" 5092
"../../../Engine/Content/EngineMaterials/Substrate/GLints/dict_16_192_64_0p5_0p02_0025_0012.uasset" 5093
"../../../Engine/Content/EngineMaterials/Substrate/GLints/dict_16_192_64_0p5_0p02_0026_0002.uasset" 5094
"../../../Engine/Content/EngineMaterials/Substrate/GLints/dict_16_192_64_0p5_0p02_0026_0003.uasset" 5095
"../../../Engine/Content/EngineMaterials/Substrate/GLints/dict_16_192_64_0p5_0p02_0025_0013.uasset" 5096
"../../../Engine/Content/EngineMaterials/Substrate/GLints/dict_16_192_64_0p5_0p02_0026_0000.uasset" 5097
"../../../Engine/Content/EngineMaterials/Substrate/GLints/dict_16_192_64_0p5_0p02_0026_0001.uasset" 5098
"../../../Engine/Content/EngineMaterials/Substrate/GLints/dict_16_192_64_0p5_0p02_0025_0011.uasset" 5099
"../../../Engine/Content/EngineMaterials/Substrate/GLints/dict_16_192_64_0p5_0p02_0026_0004.uasset" 5100
"../../../Engine/Content/EngineMaterials/Substrate/GLints/dict_16_192_64_0p5_0p02_0026_0005.uasset" 5101
"../../../Engine/Content/EngineMaterials/Substrate/GLints/dict_16_192_64_0p5_0p02_0025_0010.uasset" 5102
"/Engine/EngineMaterials/Substrate/GLints/dict_16_192_64_0p5_0p02_0025_0004" 5103
"/Engine/EngineMaterials/Substrate/GLints/dict_16_192_64_0p5_0p02_0025_0003" 5104
"/Engine/EngineMaterials/Substrate/GLints/dict_16_192_64_0p5_0p02_0025_0002" 5105
"/Engine/EngineMaterials/Substrate/GLints/dict_16_192_64_0p5_0p02_0025_0001" 5106
"/Engine/EngineMaterials/Substrate/GLints/dict_16_192_64_0p5_0p02_0025_0000" 5107
"/Engine/EngineMaterials/Substrate/GLints/dict_16_192_64_0p5_0p02_0024_0015" 5108
"/Engine/EngineMaterials/Substrate/GLints/dict_16_192_64_0p5_0p02_0024_0014" 5109
"/Engine/EngineMaterials/Substrate/GLints/dict_16_192_64_0p5_0p02_0024_0013" 5110
"/Engine/EngineMaterials/Substrate/GLints/dict_16_192_64_0p5_0p02_0024_0012" 5111
"/Engine/EngineMaterials/Substrate/GLints/dict_16_192_64_0p5_0p02_0024_0011" 5112
"/Engine/EngineMaterials/Substrate/GLints/dict_16_192_64_0p5_0p02_0024_0010" 5113
"/Engine/EngineMaterials/Substrate/GLints/dict_16_192_64_0p5_0p02_0024_0009" 5114
"/Engine/EngineMaterials/Substrate/GLints/dict_16_192_64_0p5_0p02_0024_0008" 5115
"/Engine/EngineMaterials/Substrate/GLints/dict_16_192_64_0p5_0p02_0024_0007" 5116
"/Engine/EngineMaterials/Substrate/GLints/dict_16_192_64_0p5_0p02_0024_0006" 5117
"/Engine/EngineMaterials/Substrate/GLints/dict_16_192_64_0p5_0p02_0026_0005" 5118
"../../../Engine/Content/EngineMaterials/Substrate/GLints/dict_16_192_64_0p5_0p02_0026_0009.uasset" 5119
"../../../Engine/Content/EngineMaterials/Substrate/GLints/dict_16_192_64_0p5_0p02_0026_0007.uasset" 5120
"/Engine/EngineMaterials/Substrate/GLints/dict_16_192_64_0p5_0p02_0026_0004" 5121
"../../../Engine/Content/EngineMaterials/Substrate/GLints/dict_16_192_64_0p5_0p02_0026_0006.uasset" 5122
"../../../Engine/Content/EngineMaterials/Substrate/GLints/dict_16_192_64_0p5_0p02_0027_0003.uasset" 5123
"../../../Engine/Content/EngineMaterials/Substrate/GLints/dict_16_192_64_0p5_0p02_0026_0008.uasset" 5124
"../../../Engine/Content/EngineMaterials/Substrate/GLints/dict_16_192_64_0p5_0p02_0027_0000.uasset" 5125
"../../../Engine/Content/EngineMaterials/Substrate/GLints/dict_16_192_64_0p5_0p02_0026_0013.uasset" 5126
"../../../Engine/Content/EngineMaterials/Substrate/GLints/dict_16_192_64_0p5_0p02_0026_0010.uasset" 5127
"../../../Engine/Content/EngineMaterials/Substrate/GLints/dict_16_192_64_0p5_0p02_0027_0001.uasset" 5128
"../../../Engine/Content/EngineMaterials/Substrate/GLints/dict_16_192_64_0p5_0p02_0027_0002.uasset" 5129
"../../../Engine/Content/EngineMaterials/Substrate/GLints/dict_16_192_64_0p5_0p02_0026_0011.uasset" 5130
"../../../Engine/Content/EngineMaterials/Substrate/GLints/dict_16_192_64_0p5_0p02_0026_0012.uasset" 5131
"../../../Engine/Content/EngineMaterials/Substrate/GLints/dict_16_192_64_0p5_0p02_0027_0004.uasset" 5132
"../../../Engine/Content/EngineMaterials/Substrate/GLints/dict_16_192_64_0p5_0p02_0027_0005.uasset" 5133
"../../../Engine/Content/EngineMaterials/Substrate/GLints/dict_16_192_64_0p5_0p02_0026_0014.uasset" 5134
"/Engine/EngineMaterials/Substrate/GLints/dict_16_192_64_0p5_0p02_0026_0003" 5135
"../../../Engine/Content/EngineMaterials/Substrate/GLints/dict_16_192_64_0p5_0p02_0026_0015.uasset" 5136
"../../../Engine/Content/EngineMaterials/Substrate/GLints/dict_16_192_64_0p5_0p02_0027_0006.uasset" 5137
"/Engine/EngineMaterials/Substrate/GLints/dict_16_192_64_0p5_0p02_0026_0002" 5138
"/Engine/EngineMaterials/Substrate/GLints/dict_16_192_64_0p5_0p02_0026_0001" 5139
"/Engine/EngineMaterials/Substrate/GLints/dict_16_192_64_0p5_0p02_0026_0000" 5140
"/Engine/EngineMaterials/Substrate/GLints/dict_16_192_64_0p5_0p02_0025_0015" 5141
"/Engine/EngineMaterials/Substrate/GLints/dict_16_192_64_0p5_0p02_0025_0014" 5142
"/Engine/EngineMaterials/Substrate/GLints/dict_16_192_64_0p5_0p02_0025_0013" 5143
"/Engine/EngineMaterials/Substrate/GLints/dict_16_192_64_0p5_0p02_0025_0012" 5144
"/Engine/EngineMaterials/Substrate/GLints/dict_16_192_64_0p5_0p02_0025_0011" 5145
"/Engine/EngineMaterials/Substrate/GLints/dict_16_192_64_0p5_0p02_0025_0010" 5146
"/Engine/EngineMaterials/Substrate/GLints/dict_16_192_64_0p5_0p02_0025_0009" 5147
"/Engine/EngineMaterials/Substrate/GLints/dict_16_192_64_0p5_0p02_0025_0008" 5148
"/Engine/EngineMaterials/Substrate/GLints/dict_16_192_64_0p5_0p02_0025_0007" 5149
"/Engine/EngineMaterials/Substrate/GLints/dict_16_192_64_0p5_0p02_0027_0006" 5150
"../../../Engine/Content/EngineMaterials/Substrate/GLints/dict_16_192_64_0p5_0p02_0027_0010.uasset" 5151
"../../../Engine/Content/EngineMaterials/Substrate/GLints/dict_16_192_64_0p5_0p02_0027_0011.uasset" 5152
"../../../Engine/Content/EngineMaterials/Substrate/GLints/dict_16_192_64_0p5_0p02_0027_0012.uasset" 5153
"/Engine/EngineMaterials/Substrate/GLints/dict_16_192_64_0p5_0p02_0027_0005" 5154
"../../../Engine/Content/EngineMaterials/Substrate/GLints/dict_16_192_64_0p5_0p02_0028_0001.uasset" 5155
"../../../Engine/Content/EngineMaterials/Substrate/GLints/dict_16_192_64_0p5_0p02_0027_0009.uasset" 5156
"../../../Engine/Content/EngineMaterials/Substrate/GLints/dict_16_192_64_0p5_0p02_0027_0015.uasset" 5157
"../../../Engine/Content/EngineMaterials/Substrate/GLints/dict_16_192_64_0p5_0p02_0028_0002.uasset" 5158
"../../../Engine/Content/EngineMaterials/Substrate/GLints/dict_16_192_64_0p5_0p02_0028_0003.uasset" 5159
"../../../Engine/Content/EngineMaterials/Substrate/GLints/dict_16_192_64_0p5_0p02_0027_0008.uasset" 5160
"../../../Engine/Content/EngineMaterials/Substrate/GLints/dict_16_192_64_0p5_0p02_0027_0013.uasset" 5161
"../../../Engine/Content/EngineMaterials/Substrate/GLints/dict_16_192_64_0p5_0p02_0027_0007.uasset" 5162
"../../../Engine/Content/EngineMaterials/Substrate/GLints/dict_16_192_64_0p5_0p02_0028_0004.uasset" 5163
"../../../Engine/Content/EngineMaterials/Substrate/GLints/dict_16_192_64_0p5_0p02_0027_0014.uasset" 5164
"../../../Engine/Content/EngineMaterials/Substrate/GLints/dict_16_192_64_0p5_0p02_0028_0000.uasset" 5165
"../../../Engine/Content/EngineMaterials/Substrate/GLints/dict_16_192_64_0p5_0p02_0028_0005.uasset" 5166
"/Engine/EngineMaterials/Substrate/GLints/dict_16_192_64_0p5_0p02_0027_0004" 5167
"/Engine/EngineMaterials/Substrate/GLints/dict_16_192_64_0p5_0p02_0027_0003" 5168
"/Engine/EngineMaterials/Substrate/GLints/dict_16_192_64_0p5_0p02_0027_0002" 5169
"/Engine/EngineMaterials/Substrate/GLints/dict_16_192_64_0p5_0p02_0027_0001" 5170
"/Engine/EngineMaterials/Substrate/GLints/dict_16_192_64_0p5_0p02_0027_0000" 5171
"/Engine/EngineMaterials/Substrate/GLints/dict_16_192_64_0p5_0p02_0026_0015" 5172
"/Engine/EngineMaterials/Substrate/GLints/dict_16_192_64_0p5_0p02_0026_0014" 5173
"/Engine/EngineMaterials/Substrate/GLints/dict_16_192_64_0p5_0p02_0026_0013" 5174
"/Engine/EngineMaterials/Substrate/GLints/dict_16_192_64_0p5_0p02_0026_0012" 5175
"/Engine/EngineMaterials/Substrate/GLints/dict_16_192_64_0p5_0p02_0026_0011" 5176
"/Engine/EngineMaterials/Substrate/GLints/dict_16_192_64_0p5_0p02_0026_0010" 5177
"/Engine/EngineMaterials/Substrate/GLints/dict_16_192_64_0p5_0p02_0026_0009" 5178
"/Engine/EngineMaterials/Substrate/GLints/dict_16_192_64_0p5_0p02_0026_0008" 5179
"/Engine/EngineMaterials/Substrate/GLints/dict_16_192_64_0p5_0p02_0026_0007" 5180
"/Engine/EngineMaterials/Substrate/GLints/dict_16_192_64_0p5_0p02_0026_0006" 5181
"/Engine/EngineMaterials/Substrate/GLints/dict_16_192_64_0p5_0p02_0028_0005" 5182
"../../../Engine/Content/EngineMaterials/Substrate/GLints/dict_16_192_64_0p5_0p02_0028_0007.uasset" 5183
"/Engine/EngineMaterials/Substrate/GLints/dict_16_192_64_0p5_0p02_0028_0004" 5184
"../../../Engine/Content/EngineMaterials/Substrate/GLints/dict_16_192_64_0p5_0p02_0028_0011.uasset" 5185
"../../../Engine/Content/EngineMaterials/Substrate/GLints/dict_16_192_64_0p5_0p02_0028_0009.uasset" 5186
"../../../Engine/Content/EngineMaterials/Substrate/GLints/dict_16_192_64_0p5_0p02_0029_0000.uasset" 5187
"../../../Engine/Content/EngineMaterials/Substrate/GLints/dict_16_192_64_0p5_0p02_0028_0014.uasset" 5188
"../../../Engine/Content/EngineMaterials/Substrate/GLints/dict_16_192_64_0p5_0p02_0029_0001.uasset" 5189
"../../../Engine/Content/EngineMaterials/Substrate/GLints/dict_16_192_64_0p5_0p02_0028_0015.uasset" 5190
"../../../Engine/Content/EngineMaterials/Substrate/GLints/dict_16_192_64_0p5_0p02_0028_0010.uasset" 5191
"../../../Engine/Content/EngineMaterials/Substrate/GLints/dict_16_192_64_0p5_0p02_0028_0012.uasset" 5192
"../../../Engine/Content/EngineMaterials/Substrate/GLints/dict_16_192_64_0p5_0p02_0028_0013.uasset" 5193
"../../../Engine/Content/EngineMaterials/Substrate/GLints/dict_16_192_64_0p5_0p02_0028_0006.uasset" 5194
"../../../Engine/Content/EngineMaterials/Substrate/GLints/dict_16_192_64_0p5_0p02_0028_0008.uasset" 5195
"../../../Engine/Content/EngineMaterials/Substrate/GLints/dict_16_192_64_0p5_0p02_0029_0003.uasset" 5196
"../../../Engine/Content/EngineMaterials/Substrate/GLints/dict_16_192_64_0p5_0p02_0029_0002.uasset" 5197
"../../../Engine/Content/EngineMaterials/Substrate/GLints/dict_16_192_64_0p5_0p02_0029_0005.uasset" 5198
"../../../Engine/Content/EngineMaterials/Substrate/GLints/dict_16_192_64_0p5_0p02_0029_0004.uasset" 5199
"../../../Engine/Content/EngineMaterials/Substrate/GLints/dict_16_192_64_0p5_0p02_0029_0006.uasset" 5200
"/Engine/EngineMaterials/Substrate/GLints/dict_16_192_64_0p5_0p02_0028_0003" 5201
"/Engine/EngineMaterials/Substrate/GLints/dict_16_192_64_0p5_0p02_0028_0002" 5202
"/Engine/EngineMaterials/Substrate/GLints/dict_16_192_64_0p5_0p02_0028_0001" 5203
"/Engine/EngineMaterials/Substrate/GLints/dict_16_192_64_0p5_0p02_0028_0000" 5204
"/Engine/EngineMaterials/Substrate/GLints/dict_16_192_64_0p5_0p02_0027_0015" 5205
"/Engine/EngineMaterials/Substrate/GLints/dict_16_192_64_0p5_0p02_0027_0014" 5206
"/Engine/EngineMaterials/Substrate/GLints/dict_16_192_64_0p5_0p02_0027_0013" 5207
"/Engine/EngineMaterials/Substrate/GLints/dict_16_192_64_0p5_0p02_0027_0012" 5208
"/Engine/EngineMaterials/Substrate/GLints/dict_16_192_64_0p5_0p02_0027_0011" 5209
"/Engine/EngineMaterials/Substrate/GLints/dict_16_192_64_0p5_0p02_0027_0010" 5210
"/Engine/EngineMaterials/Substrate/GLints/dict_16_192_64_0p5_0p02_0027_0009" 5211
"/Engine/EngineMaterials/Substrate/GLints/dict_16_192_64_0p5_0p02_0027_0008" 5212
"/Engine/EngineMaterials/Substrate/GLints/dict_16_192_64_0p5_0p02_0027_0007" 5213
"/Engine/EngineMaterials/Substrate/GLints/dict_16_192_64_0p5_0p02_0029_0006" 5214
"../../../Engine/Content/EngineMaterials/Substrate/GLints/dict_16_192_64_0p5_0p02_0029_0007.uasset" 5215
"../../../Engine/Content/EngineMaterials/Substrate/GLints/dict_16_192_64_0p5_0p02_0029_0011.uasset" 5216
"../../../Engine/Content/EngineMaterials/Substrate/GLints/dict_16_192_64_0p5_0p02_0029_0008.uasset" 5217
"../../../Engine/Content/EngineMaterials/Substrate/GLints/dict_16_192_64_0p5_0p02_0029_0010.uasset" 5218
"../../../Engine/Content/EngineMaterials/Substrate/GLints/dict_16_192_64_0p5_0p02_0029_0009.uasset" 5219
"../../../Engine/Content/EngineMaterials/Substrate/GLints/dict_16_192_64_0p5_0p02_0029_0012.uasset" 5220
"../../../Engine/Content/EngineMaterials/Substrate/GLints/dict_16_192_64_0p5_0p02_0029_0013.uasset" 5221
"../../../Engine/Content/EngineMaterials/Substrate/GLints/dict_16_192_64_0p5_0p02_0030_0001.uasset" 5222
"../../../Engine/Content/EngineMaterials/Substrate/GLints/dict_16_192_64_0p5_0p02_0030_0002.uasset" 5223
"../../../Engine/Content/EngineMaterials/Substrate/GLints/dict_16_192_64_0p5_0p02_0030_0000.uasset" 5224
"../../../Engine/Content/EngineMaterials/Substrate/GLints/dict_16_192_64_0p5_0p02_0029_0015.uasset" 5225
"/Engine/EngineMaterials/Substrate/GLints/dict_16_192_64_0p5_0p02_0029_0005" 5226
"../../../Engine/Content/EngineMaterials/Substrate/GLints/dict_16_192_64_0p5_0p02_0030_0004.uasset" 5227
"../../../Engine/Content/EngineMaterials/Substrate/GLints/dict_16_192_64_0p5_0p02_0030_0003.uasset" 5228
"../../../Engine/Content/EngineMaterials/Substrate/GLints/dict_16_192_64_0p5_0p02_0029_0014.uasset" 5229
"../../../Engine/Content/EngineMaterials/Substrate/GLints/dict_16_192_64_0p5_0p02_0030_0005.uasset" 5230
"/Engine/EngineMaterials/Substrate/GLints/dict_16_192_64_0p5_0p02_0029_0004" 5231
"/Engine/EngineMaterials/Substrate/GLints/dict_16_192_64_0p5_0p02_0029_0003" 5232
"/Engine/EngineMaterials/Substrate/GLints/dict_16_192_64_0p5_0p02_0029_0002" 5233
"/Engine/EngineMaterials/Substrate/GLints/dict_16_192_64_0p5_0p02_0029_0001" 5234
"/Engine/EngineMaterials/Substrate/GLints/dict_16_192_64_0p5_0p02_0029_0000" 5235
"/Engine/EngineMaterials/Substrate/GLints/dict_16_192_64_0p5_0p02_0028_0015" 5236
"/Engine/EngineMaterials/Substrate/GLints/dict_16_192_64_0p5_0p02_0028_0014" 5237
"/Engine/EngineMaterials/Substrate/GLints/dict_16_192_64_0p5_0p02_0028_0013" 5238
"/Engine/EngineMaterials/Substrate/GLints/dict_16_192_64_0p5_0p02_0028_0012" 5239
"/Engine/EngineMaterials/Substrate/GLints/dict_16_192_64_0p5_0p02_0028_0011" 5240
"/Engine/EngineMaterials/Substrate/GLints/dict_16_192_64_0p5_0p02_0028_0010" 5241
"/Engine/EngineMaterials/Substrate/GLints/dict_16_192_64_0p5_0p02_0028_0009" 5242
"/Engine/EngineMaterials/Substrate/GLints/dict_16_192_64_0p5_0p02_0028_0008" 5243
"/Engine/EngineMaterials/Substrate/GLints/dict_16_192_64_0p5_0p02_0028_0007" 5244
"/Engine/EngineMaterials/Substrate/GLints/dict_16_192_64_0p5_0p02_0028_0006" 5245
"/Engine/EngineMaterials/Substrate/GLints/dict_16_192_64_0p5_0p02_0030_0005" 5246
"../../../Engine/Content/EngineMaterials/Substrate/GLints/dict_16_192_64_0p5_0p02_0030_0007.uasset" 5247
"../../../Engine/Content/EngineMaterials/Substrate/GLints/dict_16_192_64_0p5_0p02_0030_0006.uasset" 5248
"../../../Engine/Content/EngineMaterials/Substrate/GLints/dict_16_192_64_0p5_0p02_0030_0009.uasset" 5249
"/Engine/EngineMaterials/Substrate/GLints/dict_16_192_64_0p5_0p02_0030_0004" 5250
"../../../Engine/Content/EngineMaterials/Substrate/GLints/dict_16_192_64_0p5_0p02_0030_0008.uasset" 5251
"../../../Engine/Content/EngineMaterials/Substrate/GLints/dict_16_192_64_0p5_0p02_0030_0012.uasset" 5252
"../../../Engine/Content/EngineMaterials/Substrate/GLints/dict_16_192_64_0p5_0p02_0030_0011.uasset" 5253
"../../../Engine/Content/EngineMaterials/Substrate/GLints/dict_16_192_64_0p5_0p02_0030_0013.uasset" 5254
"../../../Engine/Content/EngineMaterials/Substrate/GLints/dict_16_192_64_0p5_0p02_0031_0003.uasset" 5255
"../../../Engine/Content/EngineMaterials/Substrate/GLints/dict_16_192_64_0p5_0p02_0030_0014.uasset" 5256
"../../../Engine/Content/EngineMaterials/Substrate/GLints/dict_16_192_64_0p5_0p02_0031_0005.uasset" 5257
"../../../Engine/Content/EngineMaterials/Substrate/GLints/dict_16_192_64_0p5_0p02_0031_0002.uasset" 5258
"../../../Engine/Content/EngineMaterials/Substrate/GLints/dict_16_192_64_0p5_0p02_0030_0010.uasset" 5259
"../../../Engine/Content/EngineMaterials/Substrate/GLints/dict_16_192_64_0p5_0p02_0031_0006.uasset" 5260
"../../../Engine/Content/EngineMaterials/Substrate/GLints/dict_16_192_64_0p5_0p02_0031_0001.uasset" 5261
"../../../Engine/Content/EngineMaterials/Substrate/GLints/dict_16_192_64_0p5_0p02_0031_0000.uasset" 5262
"../../../Engine/Content/EngineMaterials/Substrate/GLints/dict_16_192_64_0p5_0p02_0031_0004.uasset" 5263
"../../../Engine/Content/EngineMaterials/Substrate/GLints/dict_16_192_64_0p5_0p02_0030_0015.uasset" 5264
"/Engine/EngineMaterials/Substrate/GLints/dict_16_192_64_0p5_0p02_0030_0003" 5265
"/Engine/EngineMaterials/Substrate/GLints/dict_16_192_64_0p5_0p02_0030_0002" 5266
"/Engine/EngineMaterials/Substrate/GLints/dict_16_192_64_0p5_0p02_0030_0001" 5267
"/Engine/EngineMaterials/Substrate/GLints/dict_16_192_64_0p5_0p02_0030_0000" 5268
"/Engine/EngineMaterials/Substrate/GLints/dict_16_192_64_0p5_0p02_0029_0015" 5269
"/Engine/EngineMaterials/Substrate/GLints/dict_16_192_64_0p5_0p02_0029_0014" 5270
"/Engine/EngineMaterials/Substrate/GLints/dict_16_192_64_0p5_0p02_0029_0013" 5271
"/Engine/EngineMaterials/Substrate/GLints/dict_16_192_64_0p5_0p02_0029_0012" 5272
"/Engine/EngineMaterials/Substrate/GLints/dict_16_192_64_0p5_0p02_0029_0011" 5273
"/Engine/EngineMaterials/Substrate/GLints/dict_16_192_64_0p5_0p02_0029_0010" 5274
"/Engine/EngineMaterials/Substrate/GLints/dict_16_192_64_0p5_0p02_0029_0009" 5275
"/Engine/EngineMaterials/Substrate/GLints/dict_16_192_64_0p5_0p02_0029_0008" 5276
"/Engine/EngineMaterials/Substrate/GLints/dict_16_192_64_0p5_0p02_0029_0007" 5277
"/Engine/EngineMaterials/Substrate/GLints/dict_16_192_64_0p5_0p02_0031_0006" 5278
"../../../Engine/Content/EngineMaterials/Substrate/GLints/dict_16_192_64_0p5_0p02_0031_0007.uasset" 5279
"../../../Engine/Content/EngineMaterials/Substrate/GLints/dict_16_192_64_0p5_0p02_0031_0008.uasset" 5280
"../../../Engine/Content/EngineMaterials/Substrate/GLints/dict_16_192_64_0p5_0p02_0031_0009.uasset" 5281
"../../../Engine/Content/EngineMaterials/Substrate/GLints/dict_16_192_64_0p5_0p02_0031_0010.uasset" 5282
"../../../Engine/Content/EngineMaterials/Substrate/GLints/dict_16_192_64_0p5_0p02_0031_0011.uasset" 5283
"/Engine/EngineMaterials/Substrate/GLints/dict_16_192_64_0p5_0p02_0031_0005" 5284
"../../../Engine/Content/EngineMaterials/Substrate/GLints/dict_16_192_64_0p5_0p02_0032_0003.uasset" 5285
"../../../Engine/Content/EngineMaterials/Substrate/GLints/dict_16_192_64_0p5_0p02_0032_0001.uasset" 5286
"../../../Engine/Content/EngineMaterials/Substrate/GLints/dict_16_192_64_0p5_0p02_0031_0013.uasset" 5287
"../../../Engine/Content/EngineMaterials/Substrate/GLints/dict_16_192_64_0p5_0p02_0032_0005.uasset" 5288
"../../../Engine/Content/EngineMaterials/Substrate/GLints/dict_16_192_64_0p5_0p02_0032_0000.uasset" 5289
"../../../Engine/Content/EngineMaterials/Substrate/GLints/dict_16_192_64_0p5_0p02_0031_0014.uasset" 5290
"../../../Engine/Content/EngineMaterials/Substrate/GLints/dict_16_192_64_0p5_0p02_0031_0012.uasset" 5291
"../../../Engine/Content/EngineMaterials/Substrate/GLints/dict_16_192_64_0p5_0p02_0032_0002.uasset" 5292
"../../../Engine/Content/EngineMaterials/Substrate/GLints/dict_16_192_64_0p5_0p02_0032_0004.uasset" 5293
"../../../Engine/Content/EngineMaterials/Substrate/GLints/dict_16_192_64_0p5_0p02_0031_0015.uasset" 5294
"/Engine/EngineMaterials/Substrate/GLints/dict_16_192_64_0p5_0p02_0031_0004" 5295
"/Engine/EngineMaterials/Substrate/GLints/dict_16_192_64_0p5_0p02_0031_0003" 5296
"/Engine/EngineMaterials/Substrate/GLints/dict_16_192_64_0p5_0p02_0031_0002" 5297
"/Engine/EngineMaterials/Substrate/GLints/dict_16_192_64_0p5_0p02_0031_0001" 5298
"/Engine/EngineMaterials/Substrate/GLints/dict_16_192_64_0p5_0p02_0031_0000" 5299
"/Engine/EngineMaterials/Substrate/GLints/dict_16_192_64_0p5_0p02_0030_0015" 5300
"/Engine/EngineMaterials/Substrate/GLints/dict_16_192_64_0p5_0p02_0030_0014" 5301
"/Engine/EngineMaterials/Substrate/GLints/dict_16_192_64_0p5_0p02_0030_0013" 5302
"/Engine/EngineMaterials/Substrate/GLints/dict_16_192_64_0p5_0p02_0030_0012" 5303
"/Engine/EngineMaterials/Substrate/GLints/dict_16_192_64_0p5_0p02_0030_0011" 5304
"/Engine/EngineMaterials/Substrate/GLints/dict_16_192_64_0p5_0p02_0030_0010" 5305
"/Engine/EngineMaterials/Substrate/GLints/dict_16_192_64_0p5_0p02_0030_0009" 5306
"/Engine/EngineMaterials/Substrate/GLints/dict_16_192_64_0p5_0p02_0030_0008" 5307
"/Engine/EngineMaterials/Substrate/GLints/dict_16_192_64_0p5_0p02_0030_0007" 5308
"/Engine/EngineMaterials/Substrate/GLints/dict_16_192_64_0p5_0p02_0030_0006" 5309
"/Engine/EngineMaterials/Substrate/GLints/dict_16_192_64_0p5_0p02_0032_0005" 5310
"../../../Engine/Content/EngineMaterials/Substrate/GLints/dict_16_192_64_0p5_0p02_0032_0007.uasset" 5311
"../../../Engine/Content/EngineMaterials/Substrate/GLints/dict_16_192_64_0p5_0p02_0032_0008.uasset" 5312
"../../../Engine/Content/EngineMaterials/Substrate/GLints/dict_16_192_64_0p5_0p02_0032_0009.uasset" 5313
"../../../Engine/Content/EngineMaterials/Substrate/GLints/dict_16_192_64_0p5_0p02_0032_0006.uasset" 5314
"../../../Engine/Content/EngineMaterials/Substrate/GLints/dict_16_192_64_0p5_0p02_0032_0011.uasset" 5315
"../../../Engine/Content/EngineMaterials/Substrate/GLints/dict_16_192_64_0p5_0p02_0032_0012.uasset" 5316
"../../../Engine/Content/EngineMaterials/Substrate/GLints/dict_16_192_64_0p5_0p02_0032_0014.uasset" 5317
"../../../Engine/Content/EngineMaterials/Substrate/GLints/dict_16_192_64_0p5_0p02_0033_0001.uasset" 5318
"../../../Engine/Content/EngineMaterials/Substrate/GLints/dict_16_192_64_0p5_0p02_0033_0003.uasset" 5319
"/Engine/EngineMaterials/Substrate/GLints/dict_16_192_64_0p5_0p02_0032_0004" 5320
"../../../Engine/Content/EngineMaterials/Substrate/GLints/dict_16_192_64_0p5_0p02_0033_0000.uasset" 5321
"../../../Engine/Content/EngineMaterials/Substrate/GLints/dict_16_192_64_0p5_0p02_0033_0002.uasset" 5322
"../../../Engine/Content/EngineMaterials/Substrate/GLints/dict_16_192_64_0p5_0p02_0032_0013.uasset" 5323
"../../../Engine/Content/EngineMaterials/Substrate/GLints/dict_16_192_64_0p5_0p02_0033_0004.uasset" 5324
"../../../Engine/Content/EngineMaterials/Substrate/GLints/dict_16_192_64_0p5_0p02_0032_0010.uasset" 5325
"../../../Engine/Content/EngineMaterials/Substrate/GLints/dict_16_192_64_0p5_0p02_0033_0005.uasset" 5326
"../../../Engine/Content/EngineMaterials/Substrate/GLints/dict_16_192_64_0p5_0p02_0032_0015.uasset" 5327
"../../../Engine/Content/EngineMaterials/Substrate/GLints/dict_16_192_64_0p5_0p02_0033_0006.uasset" 5328
"/Engine/EngineMaterials/Substrate/GLints/dict_16_192_64_0p5_0p02_0032_0003" 5329
"/Engine/EngineMaterials/Substrate/GLints/dict_16_192_64_0p5_0p02_0032_0002" 5330
"/Engine/EngineMaterials/Substrate/GLints/dict_16_192_64_0p5_0p02_0032_0001" 5331
"/Engine/EngineMaterials/Substrate/GLints/dict_16_192_64_0p5_0p02_0032_0000" 5332
"/Engine/EngineMaterials/Substrate/GLints/dict_16_192_64_0p5_0p02_0031_0015" 5333
"/Engine/EngineMaterials/Substrate/GLints/dict_16_192_64_0p5_0p02_0031_0014" 5334
"/Engine/EngineMaterials/Substrate/GLints/dict_16_192_64_0p5_0p02_0031_0013" 5335
"/Engine/EngineMaterials/Substrate/GLints/dict_16_192_64_0p5_0p02_0031_0012" 5336
"/Engine/EngineMaterials/Substrate/GLints/dict_16_192_64_0p5_0p02_0031_0011" 5337
"/Engine/EngineMaterials/Substrate/GLints/dict_16_192_64_0p5_0p02_0031_0010" 5338
"/Engine/EngineMaterials/Substrate/GLints/dict_16_192_64_0p5_0p02_0031_0009" 5339
"/Engine/EngineMaterials/Substrate/GLints/dict_16_192_64_0p5_0p02_0031_0008" 5340
"/Engine/EngineMaterials/Substrate/GLints/dict_16_192_64_0p5_0p02_0031_0007" 5341
"/Engine/EngineMaterials/Substrate/GLints/dict_16_192_64_0p5_0p02_0033_0006" 5342
"../../../Engine/Content/EngineMaterials/Substrate/GLints/dict_16_192_64_0p5_0p02_0033_0009.uasset" 5343
"../../../Engine/Content/EngineMaterials/Substrate/GLints/dict_16_192_64_0p5_0p02_0033_0007.uasset" 5344
"../../../Engine/Content/EngineMaterials/Substrate/GLints/dict_16_192_64_0p5_0p02_0033_0008.uasset" 5345
"../../../Engine/Content/EngineMaterials/Substrate/GLints/dict_16_192_64_0p5_0p02_0033_0010.uasset" 5346
"/Engine/EngineMaterials/Substrate/GLints/dict_16_192_64_0p5_0p02_0033_0005" 5347
"../../../Engine/Content/EngineMaterials/Substrate/GLints/dict_16_192_64_0p5_0p02_0033_0011.uasset" 5348
"../../../Engine/Content/EngineMaterials/Substrate/GLints/dict_16_192_64_0p5_0p02_0034_0001.uasset" 5349
"../../../Engine/Content/EngineMaterials/Substrate/GLints/dict_16_192_64_0p5_0p02_0034_0000.uasset" 5350
"../../../Engine/Content/EngineMaterials/Substrate/GLints/dict_16_192_64_0p5_0p02_0033_0015.uasset" 5351
"../../../Engine/Content/EngineMaterials/Substrate/GLints/dict_16_192_64_0p5_0p02_0033_0014.uasset" 5352
"../../../Engine/Content/EngineMaterials/Substrate/GLints/dict_16_192_64_0p5_0p02_0034_0004.uasset" 5353
"../../../Engine/Content/EngineMaterials/Substrate/GLints/dict_16_192_64_0p5_0p02_0033_0012.uasset" 5354
"../../../Engine/Content/EngineMaterials/Substrate/GLints/dict_16_192_64_0p5_0p02_0033_0013.uasset" 5355
"../../../Engine/Content/EngineMaterials/Substrate/GLints/dict_16_192_64_0p5_0p02_0034_0005.uasset" 5356
"../../../Engine/Content/EngineMaterials/Substrate/GLints/dict_16_192_64_0p5_0p02_0034_0002.uasset" 5357
"../../../Engine/Content/EngineMaterials/Substrate/GLints/dict_16_192_64_0p5_0p02_0034_0003.uasset" 5358
"/Engine/EngineMaterials/Substrate/GLints/dict_16_192_64_0p5_0p02_0033_0004" 5359
"/Engine/EngineMaterials/Substrate/GLints/dict_16_192_64_0p5_0p02_0033_0003" 5360
"/Engine/EngineMaterials/Substrate/GLints/dict_16_192_64_0p5_0p02_0033_0002" 5361
"/Engine/EngineMaterials/Substrate/GLints/dict_16_192_64_0p5_0p02_0033_0001" 5362
"/Engine/EngineMaterials/Substrate/GLints/dict_16_192_64_0p5_0p02_0033_0000" 5363
"/Engine/EngineMaterials/Substrate/GLints/dict_16_192_64_0p5_0p02_0032_0015" 5364
"/Engine/EngineMaterials/Substrate/GLints/dict_16_192_64_0p5_0p02_0032_0014" 5365
"/Engine/EngineMaterials/Substrate/GLints/dict_16_192_64_0p5_0p02_0032_0013" 5366
"/Engine/EngineMaterials/Substrate/GLints/dict_16_192_64_0p5_0p02_0032_0012" 5367
"/Engine/EngineMaterials/Substrate/GLints/dict_16_192_64_0p5_0p02_0032_0011" 5368
"/Engine/EngineMaterials/Substrate/GLints/dict_16_192_64_0p5_0p02_0032_0010" 5369
"/Engine/EngineMaterials/Substrate/GLints/dict_16_192_64_0p5_0p02_0032_0009" 5370
"/Engine/EngineMaterials/Substrate/GLints/dict_16_192_64_0p5_0p02_0032_0008" 5371
"/Engine/EngineMaterials/Substrate/GLints/dict_16_192_64_0p5_0p02_0032_0007" 5372
"/Engine/EngineMaterials/Substrate/GLints/dict_16_192_64_0p5_0p02_0032_0006" 5373
"/Engine/EngineMaterials/Substrate/GLints/dict_16_192_64_0p5_0p02_0034_0005" 5374
"../../../Engine/Content/EngineMaterials/Substrate/GLints/dict_16_192_64_0p5_0p02_0034_0006.uasset" 5375
"../../../Engine/Content/EngineMaterials/Substrate/GLints/dict_16_192_64_0p5_0p02_0034_0007.uasset" 5376
"../../../Engine/Content/EngineMaterials/Substrate/GLints/dict_16_192_64_0p5_0p02_0034_0010.uasset" 5377
"../../../Engine/Content/EngineMaterials/Substrate/GLints/dict_16_192_64_0p5_0p02_0034_0011.uasset" 5378
"../../../Engine/Content/EngineMaterials/Substrate/GLints/dict_16_192_64_0p5_0p02_0034_0009.uasset" 5379
"/Engine/EngineMaterials/Substrate/GLints/dict_16_192_64_0p5_0p02_0034_0004" 5380
"../../../Engine/Content/EngineMaterials/Substrate/GLints/dict_16_192_64_0p5_0p02_0034_0012.uasset" 5381
"../../../Engine/Content/EngineMaterials/Substrate/GLints/dict_16_192_64_0p5_0p02_0035_0002.uasset" 5382
"../../../Engine/Content/EngineMaterials/Substrate/GLints/dict_16_192_64_0p5_0p02_0035_0000.uasset" 5383
"../../../Engine/Content/EngineMaterials/Substrate/GLints/dict_16_192_64_0p5_0p02_0034_0015.uasset" 5384
"../../../Engine/Content/EngineMaterials/Substrate/GLints/dict_16_192_64_0p5_0p02_0035_0003.uasset" 5385
"../../../Engine/Content/EngineMaterials/Substrate/GLints/dict_16_192_64_0p5_0p02_0035_0001.uasset" 5386
"../../../Engine/Content/EngineMaterials/Substrate/GLints/dict_16_192_64_0p5_0p02_0034_0014.uasset" 5387
"../../../Engine/Content/EngineMaterials/Substrate/GLints/dict_16_192_64_0p5_0p02_0034_0013.uasset" 5388
"../../../Engine/Content/EngineMaterials/Substrate/GLints/dict_16_192_64_0p5_0p02_0034_0008.uasset" 5389
"../../../Engine/Content/EngineMaterials/Substrate/GLints/dict_16_192_64_0p5_0p02_0035_0004.uasset" 5390
"../../../Engine/Content/EngineMaterials/Substrate/GLints/dict_16_192_64_0p5_0p02_0035_0005.uasset" 5391
"../../../Engine/Content/EngineMaterials/Substrate/GLints/dict_16_192_64_0p5_0p02_0035_0006.uasset" 5392
"/Engine/EngineMaterials/Substrate/GLints/dict_16_192_64_0p5_0p02_0034_0003" 5393
"/Engine/EngineMaterials/Substrate/GLints/dict_16_192_64_0p5_0p02_0034_0002" 5394
"/Engine/EngineMaterials/Substrate/GLints/dict_16_192_64_0p5_0p02_0034_0001" 5395
"/Engine/EngineMaterials/Substrate/GLints/dict_16_192_64_0p5_0p02_0034_0000" 5396
"/Engine/EngineMaterials/Substrate/GLints/dict_16_192_64_0p5_0p02_0033_0015" 5397
"/Engine/EngineMaterials/Substrate/GLints/dict_16_192_64_0p5_0p02_0033_0014" 5398
"/Engine/EngineMaterials/Substrate/GLints/dict_16_192_64_0p5_0p02_0033_0013" 5399
"/Engine/EngineMaterials/Substrate/GLints/dict_16_192_64_0p5_0p02_0033_0012" 5400
"/Engine/EngineMaterials/Substrate/GLints/dict_16_192_64_0p5_0p02_0033_0011" 5401
"/Engine/EngineMaterials/Substrate/GLints/dict_16_192_64_0p5_0p02_0033_0010" 5402
"/Engine/EngineMaterials/Substrate/GLints/dict_16_192_64_0p5_0p02_0033_0009" 5403
"/Engine/EngineMaterials/Substrate/GLints/dict_16_192_64_0p5_0p02_0033_0008" 5404
"/Engine/EngineMaterials/Substrate/GLints/dict_16_192_64_0p5_0p02_0033_0007" 5405
"/Engine/EngineMaterials/Substrate/GLints/dict_16_192_64_0p5_0p02_0035_0006" 5406
"../../../Engine/Content/EngineMaterials/Substrate/GLints/dict_16_192_64_0p5_0p02_0035_0007.uasset" 5407
"../../../Engine/Content/EngineMaterials/Substrate/GLints/dict_16_192_64_0p5_0p02_0035_0008.uasset" 5408
"../../../Engine/Content/EngineMaterials/Substrate/GLints/dict_16_192_64_0p5_0p02_0035_0009.uasset" 5409
"../../../Engine/Content/EngineMaterials/Substrate/GLints/dict_16_192_64_0p5_0p02_0035_0010.uasset" 5410
"../../../Engine/Content/EngineMaterials/Substrate/GLints/dict_16_192_64_0p5_0p02_0035_0012.uasset" 5411
"../../../Engine/Content/EngineMaterials/Substrate/GLints/dict_16_192_64_0p5_0p02_0035_0011.uasset" 5412
"../../../Engine/Content/EngineMaterials/Substrate/GLints/dict_16_192_64_0p5_0p02_0036_0003.uasset" 5413
"../../../Engine/Content/EngineMaterials/Substrate/GLints/dict_16_192_64_0p5_0p02_0036_0002.uasset" 5414
"../../../Engine/Content/EngineMaterials/Substrate/GLints/dict_16_192_64_0p5_0p02_0035_0013.uasset" 5415
"../../../Engine/Content/EngineMaterials/Substrate/GLints/dict_16_192_64_0p5_0p02_0036_0000.uasset" 5416
"../../../Engine/Content/EngineMaterials/Substrate/GLints/dict_16_192_64_0p5_0p02_0036_0001.uasset" 5417
"../../../Engine/Content/EngineMaterials/Substrate/GLints/dict_16_192_64_0p5_0p02_0036_0005.uasset" 5418
"../../../Engine/Content/EngineMaterials/Substrate/GLints/dict_16_192_64_0p5_0p02_0035_0014.uasset" 5419
"../../../Engine/Content/EngineMaterials/Substrate/GLints/dict_16_192_64_0p5_0p02_0035_0015.uasset" 5420
"../../../Engine/Content/EngineMaterials/Substrate/GLints/dict_16_192_64_0p5_0p02_0036_0004.uasset" 5421
"/Engine/EngineMaterials/Substrate/GLints/dict_16_192_64_0p5_0p02_0035_0005" 5422
"/Engine/EngineMaterials/Substrate/GLints/dict_16_192_64_0p5_0p02_0035_0004" 5423
"/Engine/EngineMaterials/Substrate/GLints/dict_16_192_64_0p5_0p02_0035_0003" 5424
"/Engine/EngineMaterials/Substrate/GLints/dict_16_192_64_0p5_0p02_0035_0002" 5425
"/Engine/EngineMaterials/Substrate/GLints/dict_16_192_64_0p5_0p02_0035_0001" 5426
"/Engine/EngineMaterials/Substrate/GLints/dict_16_192_64_0p5_0p02_0035_0000" 5427
"/Engine/EngineMaterials/Substrate/GLints/dict_16_192_64_0p5_0p02_0034_0015" 5428
"/Engine/EngineMaterials/Substrate/GLints/dict_16_192_64_0p5_0p02_0034_0014" 5429
"/Engine/EngineMaterials/Substrate/GLints/dict_16_192_64_0p5_0p02_0034_0013" 5430
"/Engine/EngineMaterials/Substrate/GLints/dict_16_192_64_0p5_0p02_0034_0012" 5431
"/Engine/EngineMaterials/Substrate/GLints/dict_16_192_64_0p5_0p02_0034_0011" 5432
"/Engine/EngineMaterials/Substrate/GLints/dict_16_192_64_0p5_0p02_0034_0010" 5433
"/Engine/EngineMaterials/Substrate/GLints/dict_16_192_64_0p5_0p02_0034_0009" 5434
"/Engine/EngineMaterials/Substrate/GLints/dict_16_192_64_0p5_0p02_0034_0008" 5435
"/Engine/EngineMaterials/Substrate/GLints/dict_16_192_64_0p5_0p02_0034_0007" 5436
"/Engine/EngineMaterials/Substrate/GLints/dict_16_192_64_0p5_0p02_0034_0006" 5437
"/Engine/EngineMaterials/Substrate/GLints/dict_16_192_64_0p5_0p02_0036_0005" 5438
"../../../Engine/Content/EngineMaterials/Substrate/GLints/dict_16_192_64_0p5_0p02_0036_0006.uasset" 5439
"../../../Engine/Content/EngineMaterials/Substrate/GLints/dict_16_192_64_0p5_0p02_0036_0007.uasset" 5440
"../../../Engine/Content/EngineMaterials/Substrate/GLints/dict_16_192_64_0p5_0p02_0036_0008.uasset" 5441
"../../../Engine/Content/EngineMaterials/Substrate/GLints/dict_16_192_64_0p5_0p02_0036_0010.uasset" 5442
"../../../Engine/Content/EngineMaterials/Substrate/GLints/dict_16_192_64_0p5_0p02_0037_0001.uasset" 5443
"../../../Engine/Content/EngineMaterials/Substrate/GLints/dict_16_192_64_0p5_0p02_0036_0015.uasset" 5444
"../../../Engine/Content/EngineMaterials/Substrate/GLints/dict_16_192_64_0p5_0p02_0037_0000.uasset" 5445
"../../../Engine/Content/EngineMaterials/Substrate/GLints/dict_16_192_64_0p5_0p02_0037_0003.uasset" 5446
"../../../Engine/Content/EngineMaterials/Substrate/GLints/dict_16_192_64_0p5_0p02_0037_0002.uasset" 5447
"../../../Engine/Content/EngineMaterials/Substrate/GLints/dict_16_192_64_0p5_0p02_0036_0014.uasset" 5448
"../../../Engine/Content/EngineMaterials/Substrate/GLints/dict_16_192_64_0p5_0p02_0036_0012.uasset" 5449
"../../../Engine/Content/EngineMaterials/Substrate/GLints/dict_16_192_64_0p5_0p02_0037_0004.uasset" 5450
"../../../Engine/Content/EngineMaterials/Substrate/GLints/dict_16_192_64_0p5_0p02_0036_0011.uasset" 5451
"/Engine/EngineMaterials/Substrate/GLints/dict_16_192_64_0p5_0p02_0036_0004" 5452
"../../../Engine/Content/EngineMaterials/Substrate/GLints/dict_16_192_64_0p5_0p02_0036_0013.uasset" 5453
"../../../Engine/Content/EngineMaterials/Substrate/GLints/dict_16_192_64_0p5_0p02_0037_0005.uasset" 5454
"../../../Engine/Content/EngineMaterials/Substrate/GLints/dict_16_192_64_0p5_0p02_0036_0009.uasset" 5455
"../../../Engine/Content/EngineMaterials/Substrate/GLints/dict_16_192_64_0p5_0p02_0037_0006.uasset" 5456
"/Engine/EngineMaterials/Substrate/GLints/dict_16_192_64_0p5_0p02_0036_0003" 5457
"/Engine/EngineMaterials/Substrate/GLints/dict_16_192_64_0p5_0p02_0036_0002" 5458
"/Engine/EngineMaterials/Substrate/GLints/dict_16_192_64_0p5_0p02_0036_0001" 5459
"/Engine/EngineMaterials/Substrate/GLints/dict_16_192_64_0p5_0p02_0036_0000" 5460
"/Engine/EngineMaterials/Substrate/GLints/dict_16_192_64_0p5_0p02_0035_0015" 5461
"/Engine/EngineMaterials/Substrate/GLints/dict_16_192_64_0p5_0p02_0035_0014" 5462
"/Engine/EngineMaterials/Substrate/GLints/dict_16_192_64_0p5_0p02_0035_0013" 5463
"/Engine/EngineMaterials/Substrate/GLints/dict_16_192_64_0p5_0p02_0035_0012" 5464
"/Engine/EngineMaterials/Substrate/GLints/dict_16_192_64_0p5_0p02_0035_0011" 5465
"/Engine/EngineMaterials/Substrate/GLints/dict_16_192_64_0p5_0p02_0035_0010" 5466
"/Engine/EngineMaterials/Substrate/GLints/dict_16_192_64_0p5_0p02_0035_0009" 5467
"/Engine/EngineMaterials/Substrate/GLints/dict_16_192_64_0p5_0p02_0035_0008" 5468
"/Engine/EngineMaterials/Substrate/GLints/dict_16_192_64_0p5_0p02_0035_0007" 5469
"/Engine/EngineMaterials/Substrate/GLints/dict_16_192_64_0p5_0p02_0037_0006" 5470
"../../../Engine/Content/EngineMaterials/Substrate/GLints/dict_16_192_64_0p5_0p02_0037_0008.uasset" 5471
"../../../Engine/Content/EngineMaterials/Substrate/GLints/dict_16_192_64_0p5_0p02_0037_0007.uasset" 5472
"../../../Engine/Content/EngineMaterials/Substrate/GLints/dict_16_192_64_0p5_0p02_0037_0009.uasset" 5473
"../../../Engine/Content/EngineMaterials/Substrate/GLints/dict_16_192_64_0p5_0p02_0037_0010.uasset" 5474
"../../../Engine/Content/EngineMaterials/Substrate/GLints/dict_16_192_64_0p5_0p02_0037_0012.uasset" 5475
"../../../Engine/Content/EngineMaterials/Substrate/GLints/dict_16_192_64_0p5_0p02_0037_0011.uasset" 5476
"../../../Engine/Content/EngineMaterials/Substrate/GLints/dict_16_192_64_0p5_0p02_0037_0013.uasset" 5477
"/Engine/EngineMaterials/Substrate/GLints/dict_16_192_64_0p5_0p02_0037_0005" 5478
"../../../Engine/Content/EngineMaterials/Substrate/GLints/dict_16_192_64_0p5_0p02_0038_0000.uasset" 5479
"../../../Engine/Content/EngineMaterials/Substrate/GLints/dict_16_192_64_0p5_0p02_0038_0003.uasset" 5480
"../../../Engine/Content/EngineMaterials/Substrate/GLints/dict_16_192_64_0p5_0p02_0038_0004.uasset" 5481
"../../../Engine/Content/EngineMaterials/Substrate/GLints/dict_16_192_64_0p5_0p02_0037_0015.uasset" 5482
"../../../Engine/Content/EngineMaterials/Substrate/GLints/dict_16_192_64_0p5_0p02_0037_0014.uasset" 5483
"../../../Engine/Content/EngineMaterials/Substrate/GLints/dict_16_192_64_0p5_0p02_0038_0005.uasset" 5484
"../../../Engine/Content/EngineMaterials/Substrate/GLints/dict_16_192_64_0p5_0p02_0038_0002.uasset" 5485
"../../../Engine/Content/EngineMaterials/Substrate/GLints/dict_16_192_64_0p5_0p02_0038_0001.uasset" 5486
"/Engine/EngineMaterials/Substrate/GLints/dict_16_192_64_0p5_0p02_0037_0004" 5487
"/Engine/EngineMaterials/Substrate/GLints/dict_16_192_64_0p5_0p02_0037_0003" 5488
"/Engine/EngineMaterials/Substrate/GLints/dict_16_192_64_0p5_0p02_0037_0002" 5489
"/Engine/EngineMaterials/Substrate/GLints/dict_16_192_64_0p5_0p02_0037_0001" 5490
"/Engine/EngineMaterials/Substrate/GLints/dict_16_192_64_0p5_0p02_0037_0000" 5491
"/Engine/EngineMaterials/Substrate/GLints/dict_16_192_64_0p5_0p02_0036_0015" 5492
"/Engine/EngineMaterials/Substrate/GLints/dict_16_192_64_0p5_0p02_0036_0014" 5493
"/Engine/EngineMaterials/Substrate/GLints/dict_16_192_64_0p5_0p02_0036_0013" 5494
"/Engine/EngineMaterials/Substrate/GLints/dict_16_192_64_0p5_0p02_0036_0012" 5495
"/Engine/EngineMaterials/Substrate/GLints/dict_16_192_64_0p5_0p02_0036_0011" 5496
"/Engine/EngineMaterials/Substrate/GLints/dict_16_192_64_0p5_0p02_0036_0010" 5497
"/Engine/EngineMaterials/Substrate/GLints/dict_16_192_64_0p5_0p02_0036_0009" 5498
"/Engine/EngineMaterials/Substrate/GLints/dict_16_192_64_0p5_0p02_0036_0008" 5499
"/Engine/EngineMaterials/Substrate/GLints/dict_16_192_64_0p5_0p02_0036_0007" 5500
"/Engine/EngineMaterials/Substrate/GLints/dict_16_192_64_0p5_0p02_0036_0006" 5501
"/Engine/EngineMaterials/Substrate/GLints/dict_16_192_64_0p5_0p02_0038_0005" 5502
"../../../Engine/Content/EngineMaterials/Substrate/GLints/dict_16_192_64_0p5_0p02_0038_0006.uasset" 5503
"../../../Engine/Content/EngineMaterials/Substrate/GLints/dict_16_192_64_0p5_0p02_0038_0007.uasset" 5504
"../../../Engine/Content/EngineMaterials/Substrate/GLints/dict_16_192_64_0p5_0p02_0038_0008.uasset" 5505
"../../../Engine/Content/EngineMaterials/Substrate/GLints/dict_16_192_64_0p5_0p02_0038_0009.uasset" 5506
"../../../Engine/Content/EngineMaterials/Substrate/GLints/dict_16_192_64_0p5_0p02_0038_0010.uasset" 5507
"../../../Engine/Content/EngineMaterials/Substrate/GLints/dict_16_192_64_0p5_0p02_0038_0013.uasset" 5508
"../../../Engine/Content/EngineMaterials/Substrate/GLints/dict_16_192_64_0p5_0p02_0038_0012.uasset" 5509
"../../../Engine/Content/EngineMaterials/Substrate/GLints/dict_16_192_64_0p5_0p02_0038_0015.uasset" 5510
"../../../Engine/Content/EngineMaterials/Substrate/GLints/dict_16_192_64_0p5_0p02_0039_0003.uasset" 5511
"../../../Engine/Content/EngineMaterials/Substrate/GLints/dict_16_192_64_0p5_0p02_0038_0011.uasset" 5512
"../../../Engine/Content/EngineMaterials/Substrate/GLints/dict_16_192_64_0p5_0p02_0038_0014.uasset" 5513
"../../../Engine/Content/EngineMaterials/Substrate/GLints/dict_16_192_64_0p5_0p02_0039_0002.uasset" 5514
"/Engine/EngineMaterials/Substrate/GLints/dict_16_192_64_0p5_0p02_0038_0004" 5515
"../../../Engine/Content/EngineMaterials/Substrate/GLints/dict_16_192_64_0p5_0p02_0039_0000.uasset" 5516
"../../../Engine/Content/EngineMaterials/Substrate/GLints/dict_16_192_64_0p5_0p02_0039_0001.uasset" 5517
"../../../Engine/Content/EngineMaterials/Substrate/GLints/dict_16_192_64_0p5_0p02_0039_0004.uasset" 5518
"../../../Engine/Content/EngineMaterials/Substrate/GLints/dict_16_192_64_0p5_0p02_0039_0005.uasset" 5519
"../../../Engine/Content/EngineMaterials/Substrate/GLints/dict_16_192_64_0p5_0p02_0039_0006.uasset" 5520
"/Engine/EngineMaterials/Substrate/GLints/dict_16_192_64_0p5_0p02_0038_0003" 5521
"/Engine/EngineMaterials/Substrate/GLints/dict_16_192_64_0p5_0p02_0038_0002" 5522
"/Engine/EngineMaterials/Substrate/GLints/dict_16_192_64_0p5_0p02_0038_0001" 5523
"/Engine/EngineMaterials/Substrate/GLints/dict_16_192_64_0p5_0p02_0038_0000" 5524
"/Engine/EngineMaterials/Substrate/GLints/dict_16_192_64_0p5_0p02_0037_0015" 5525
"/Engine/EngineMaterials/Substrate/GLints/dict_16_192_64_0p5_0p02_0037_0014" 5526
"/Engine/EngineMaterials/Substrate/GLints/dict_16_192_64_0p5_0p02_0037_0013" 5527
"/Engine/EngineMaterials/Substrate/GLints/dict_16_192_64_0p5_0p02_0037_0012" 5528
"/Engine/EngineMaterials/Substrate/GLints/dict_16_192_64_0p5_0p02_0037_0011" 5529
"/Engine/EngineMaterials/Substrate/GLints/dict_16_192_64_0p5_0p02_0037_0010" 5530
"/Engine/EngineMaterials/Substrate/GLints/dict_16_192_64_0p5_0p02_0037_0009" 5531
"/Engine/EngineMaterials/Substrate/GLints/dict_16_192_64_0p5_0p02_0037_0008" 5532
"/Engine/EngineMaterials/Substrate/GLints/dict_16_192_64_0p5_0p02_0037_0007" 5533
"/Engine/EngineMaterials/Substrate/GLints/dict_16_192_64_0p5_0p02_0039_0006" 5534
"../../../Engine/Content/EngineMaterials/Substrate/GLints/dict_16_192_64_0p5_0p02_0039_0011.uasset" 5535
"../../../Engine/Content/EngineMaterials/Substrate/GLints/dict_16_192_64_0p5_0p02_0039_0009.uasset" 5536
"../../../Engine/Content/EngineMaterials/Substrate/GLints/dict_16_192_64_0p5_0p02_0039_0010.uasset" 5537
"../../../Engine/Content/EngineMaterials/Substrate/GLints/dict_16_192_64_0p5_0p02_0039_0012.uasset" 5538
"../../../Engine/Content/EngineMaterials/Substrate/GLints/dict_16_192_64_0p5_0p02_0039_0015.uasset" 5539
"/Engine/EngineMaterials/Substrate/GLints/dict_16_192_64_0p5_0p02_0039_0005" 5540
"../../../Engine/Content/EngineMaterials/Substrate/GLints/dict_16_192_64_0p5_0p02_0040_0003.uasset" 5541
"../../../Engine/Content/EngineMaterials/Substrate/GLints/dict_16_192_64_0p5_0p02_0040_0000.uasset" 5542
"../../../Engine/Content/EngineMaterials/Substrate/GLints/dict_16_192_64_0p5_0p02_0039_0014.uasset" 5543
"../../../Engine/Content/EngineMaterials/Substrate/GLints/dict_16_192_64_0p5_0p02_0040_0002.uasset" 5544
"../../../Engine/Content/EngineMaterials/Substrate/GLints/dict_16_192_64_0p5_0p02_0039_0007.uasset" 5545
"../../../Engine/Content/EngineMaterials/Substrate/GLints/dict_16_192_64_0p5_0p02_0039_0013.uasset" 5546
"../../../Engine/Content/EngineMaterials/Substrate/GLints/dict_16_192_64_0p5_0p02_0040_0001.uasset" 5547
"../../../Engine/Content/EngineMaterials/Substrate/GLints/dict_16_192_64_0p5_0p02_0039_0008.uasset" 5548
"../../../Engine/Content/EngineMaterials/Substrate/GLints/dict_16_192_64_0p5_0p02_0040_0004.uasset" 5549
"../../../Engine/Content/EngineMaterials/Substrate/GLints/dict_16_192_64_0p5_0p02_0040_0005.uasset" 5550
"/Engine/EngineMaterials/Substrate/GLints/dict_16_192_64_0p5_0p02_0039_0004" 5551
"/Engine/EngineMaterials/Substrate/GLints/dict_16_192_64_0p5_0p02_0039_0003" 5552
"/Engine/EngineMaterials/Substrate/GLints/dict_16_192_64_0p5_0p02_0039_0002" 5553
"/Engine/EngineMaterials/Substrate/GLints/dict_16_192_64_0p5_0p02_0039_0001" 5554
"/Engine/EngineMaterials/Substrate/GLints/dict_16_192_64_0p5_0p02_0039_0000" 5555
"/Engine/EngineMaterials/Substrate/GLints/dict_16_192_64_0p5_0p02_0038_0015" 5556
"/Engine/EngineMaterials/Substrate/GLints/dict_16_192_64_0p5_0p02_0038_0014" 5557
"/Engine/EngineMaterials/Substrate/GLints/dict_16_192_64_0p5_0p02_0038_0013" 5558
"/Engine/EngineMaterials/Substrate/GLints/dict_16_192_64_0p5_0p02_0038_0012" 5559
"/Engine/EngineMaterials/Substrate/GLints/dict_16_192_64_0p5_0p02_0038_0011" 5560
"/Engine/EngineMaterials/Substrate/GLints/dict_16_192_64_0p5_0p02_0038_0010" 5561
"/Engine/EngineMaterials/Substrate/GLints/dict_16_192_64_0p5_0p02_0038_0009" 5562
"/Engine/EngineMaterials/Substrate/GLints/dict_16_192_64_0p5_0p02_0038_0008" 5563
"/Engine/EngineMaterials/Substrate/GLints/dict_16_192_64_0p5_0p02_0038_0007" 5564
"/Engine/EngineMaterials/Substrate/GLints/dict_16_192_64_0p5_0p02_0038_0006" 5565
"/Engine/EngineMaterials/Substrate/GLints/dict_16_192_64_0p5_0p02_0040_0005" 5566
"../../../Engine/Content/EngineMaterials/Substrate/GLints/dict_16_192_64_0p5_0p02_0040_0007.uasset" 5567
"../../../Engine/Content/EngineMaterials/Substrate/GLints/dict_16_192_64_0p5_0p02_0040_0006.uasset" 5568
"../../../Engine/Content/EngineMaterials/Substrate/GLints/dict_16_192_64_0p5_0p02_0040_0008.uasset" 5569
"../../../Engine/Content/EngineMaterials/Substrate/GLints/dict_16_192_64_0p5_0p02_0040_0009.uasset" 5570
"../../../Engine/Content/EngineMaterials/Substrate/GLints/dict_16_192_64_0p5_0p02_0040_0011.uasset" 5571
"../../../Engine/Content/EngineMaterials/Substrate/GLints/dict_16_192_64_0p5_0p02_0040_0014.uasset" 5572
"../../../Engine/Content/EngineMaterials/Substrate/GLints/dict_16_192_64_0p5_0p02_0040_0013.uasset" 5573
"/Engine/EngineMaterials/Substrate/GLints/dict_16_192_64_0p5_0p02_0040_0004" 5574
"../../../Engine/Content/EngineMaterials/Substrate/GLints/dict_16_192_64_0p5_0p02_0040_0012.uasset" 5575
"../../../Engine/Content/EngineMaterials/Substrate/GLints/dict_16_192_64_0p5_0p02_0041_0001.uasset" 5576
"../../../Engine/Content/EngineMaterials/Substrate/GLints/dict_16_192_64_0p5_0p02_0040_0015.uasset" 5577
"../../../Engine/Content/EngineMaterials/Substrate/GLints/dict_16_192_64_0p5_0p02_0040_0010.uasset" 5578
"../../../Engine/Content/EngineMaterials/Substrate/GLints/dict_16_192_64_0p5_0p02_0041_0000.uasset" 5579
"../../../Engine/Content/EngineMaterials/Substrate/GLints/dict_16_192_64_0p5_0p02_0041_0003.uasset" 5580
"../../../Engine/Content/EngineMaterials/Substrate/GLints/dict_16_192_64_0p5_0p02_0041_0002.uasset" 5581
"../../../Engine/Content/EngineMaterials/Substrate/GLints/dict_16_192_64_0p5_0p02_0041_0004.uasset" 5582
"../../../Engine/Content/EngineMaterials/Substrate/GLints/dict_16_192_64_0p5_0p02_0041_0005.uasset" 5583
"../../../Engine/Content/EngineMaterials/Substrate/GLints/dict_16_192_64_0p5_0p02_0041_0006.uasset" 5584
"/Engine/EngineMaterials/Substrate/GLints/dict_16_192_64_0p5_0p02_0040_0003" 5585
"/Engine/EngineMaterials/Substrate/GLints/dict_16_192_64_0p5_0p02_0040_0002" 5586
"/Engine/EngineMaterials/Substrate/GLints/dict_16_192_64_0p5_0p02_0040_0001" 5587
"/Engine/EngineMaterials/Substrate/GLints/dict_16_192_64_0p5_0p02_0040_0000" 5588
"/Engine/EngineMaterials/Substrate/GLints/dict_16_192_64_0p5_0p02_0039_0015" 5589
"/Engine/EngineMaterials/Substrate/GLints/dict_16_192_64_0p5_0p02_0039_0014" 5590
"/Engine/EngineMaterials/Substrate/GLints/dict_16_192_64_0p5_0p02_0039_0013" 5591
"/Engine/EngineMaterials/Substrate/GLints/dict_16_192_64_0p5_0p02_0039_0012" 5592
"/Engine/EngineMaterials/Substrate/GLints/dict_16_192_64_0p5_0p02_0039_0011" 5593
"/Engine/EngineMaterials/Substrate/GLints/dict_16_192_64_0p5_0p02_0039_0010" 5594
"/Engine/EngineMaterials/Substrate/GLints/dict_16_192_64_0p5_0p02_0039_0009" 5595
"/Engine/EngineMaterials/Substrate/GLints/dict_16_192_64_0p5_0p02_0039_0008" 5596
"/Engine/EngineMaterials/Substrate/GLints/dict_16_192_64_0p5_0p02_0039_0007" 5597
"/Engine/EngineMaterials/Substrate/GLints/dict_16_192_64_0p5_0p02_0041_0006" 5598
"../../../Engine/Content/EngineMaterials/Substrate/GLints/dict_16_192_64_0p5_0p02_0041_0007.uasset" 5599
"../../../Engine/Content/EngineMaterials/Substrate/GLints/dict_16_192_64_0p5_0p02_0041_0008.uasset" 5600
"../../../Engine/Content/EngineMaterials/Substrate/GLints/dict_16_192_64_0p5_0p02_0041_0009.uasset" 5601
"../../../Engine/Content/EngineMaterials/Substrate/GLints/dict_16_192_64_0p5_0p02_0041_0011.uasset" 5602
"../../../Engine/Content/EngineMaterials/Substrate/GLints/dict_16_192_64_0p5_0p02_0041_0014.uasset" 5603
"/Engine/EngineMaterials/Substrate/GLints/dict_16_192_64_0p5_0p02_0041_0005" 5604
"../../../Engine/Content/EngineMaterials/Substrate/GLints/dict_16_192_64_0p5_0p02_0041_0015.uasset" 5605
"../../../Engine/Content/EngineMaterials/Substrate/GLints/dict_16_192_64_0p5_0p02_0041_0012.uasset" 5606
"../../../Engine/Content/EngineMaterials/Substrate/GLints/dict_16_192_64_0p5_0p02_0042_0004.uasset" 5607
"../../../Engine/Content/EngineMaterials/Substrate/GLints/dict_16_192_64_0p5_0p02_0042_0000.uasset" 5608
"../../../Engine/Content/EngineMaterials/Substrate/GLints/dict_16_192_64_0p5_0p02_0042_0003.uasset" 5609
"../../../Engine/Content/EngineMaterials/Substrate/GLints/dict_16_192_64_0p5_0p02_0042_0002.uasset" 5610
"../../../Engine/Content/EngineMaterials/Substrate/GLints/dict_16_192_64_0p5_0p02_0041_0010.uasset" 5611
"../../../Engine/Content/EngineMaterials/Substrate/GLints/dict_16_192_64_0p5_0p02_0042_0005.uasset" 5612
"../../../Engine/Content/EngineMaterials/Substrate/GLints/dict_16_192_64_0p5_0p02_0041_0013.uasset" 5613
"../../../Engine/Content/EngineMaterials/Substrate/GLints/dict_16_192_64_0p5_0p02_0042_0001.uasset" 5614
"/Engine/EngineMaterials/Substrate/GLints/dict_16_192_64_0p5_0p02_0041_0004" 5615
"/Engine/EngineMaterials/Substrate/GLints/dict_16_192_64_0p5_0p02_0041_0003" 5616
"/Engine/EngineMaterials/Substrate/GLints/dict_16_192_64_0p5_0p02_0041_0002" 5617
"/Engine/EngineMaterials/Substrate/GLints/dict_16_192_64_0p5_0p02_0041_0001" 5618
"/Engine/EngineMaterials/Substrate/GLints/dict_16_192_64_0p5_0p02_0041_0000" 5619
"/Engine/EngineMaterials/Substrate/GLints/dict_16_192_64_0p5_0p02_0040_0015" 5620
"/Engine/EngineMaterials/Substrate/GLints/dict_16_192_64_0p5_0p02_0040_0014" 5621
"/Engine/EngineMaterials/Substrate/GLints/dict_16_192_64_0p5_0p02_0040_0013" 5622
"/Engine/EngineMaterials/Substrate/GLints/dict_16_192_64_0p5_0p02_0040_0012" 5623
"/Engine/EngineMaterials/Substrate/GLints/dict_16_192_64_0p5_0p02_0040_0011" 5624
"/Engine/EngineMaterials/Substrate/GLints/dict_16_192_64_0p5_0p02_0040_0010" 5625
"/Engine/EngineMaterials/Substrate/GLints/dict_16_192_64_0p5_0p02_0040_0009" 5626
"/Engine/EngineMaterials/Substrate/GLints/dict_16_192_64_0p5_0p02_0040_0008" 5627
"/Engine/EngineMaterials/Substrate/GLints/dict_16_192_64_0p5_0p02_0040_0007" 5628
"/Engine/EngineMaterials/Substrate/GLints/dict_16_192_64_0p5_0p02_0040_0006" 5629
"/Engine/EngineMaterials/Substrate/GLints/dict_16_192_64_0p5_0p02_0042_0005" 5630
"../../../Engine/Content/EngineMaterials/Substrate/GLints/dict_16_192_64_0p5_0p02_0042_0008.uasset" 5631
"../../../Engine/Content/EngineMaterials/Substrate/GLints/dict_16_192_64_0p5_0p02_0042_0010.uasset" 5632
"../../../Engine/Content/EngineMaterials/Substrate/GLints/dict_16_192_64_0p5_0p02_0042_0011.uasset" 5633
"../../../Engine/Content/EngineMaterials/Substrate/GLints/dict_16_192_64_0p5_0p02_0043_0000.uasset" 5634
"../../../Engine/Content/EngineMaterials/Substrate/GLints/dict_16_192_64_0p5_0p02_0042_0015.uasset" 5635
"/Engine/EngineMaterials/Substrate/GLints/dict_16_192_64_0p5_0p02_0042_0004" 5636
"../../../Engine/Content/EngineMaterials/Substrate/GLints/dict_16_192_64_0p5_0p02_0042_0007.uasset" 5637
"../../../Engine/Content/EngineMaterials/Substrate/GLints/dict_16_192_64_0p5_0p02_0042_0006.uasset" 5638
"../../../Engine/Content/EngineMaterials/Substrate/GLints/dict_16_192_64_0p5_0p02_0043_0005.uasset" 5639
"../../../Engine/Content/EngineMaterials/Substrate/GLints/dict_16_192_64_0p5_0p02_0042_0013.uasset" 5640
"../../../Engine/Content/EngineMaterials/Substrate/GLints/dict_16_192_64_0p5_0p02_0043_0003.uasset" 5641
"../../../Engine/Content/EngineMaterials/Substrate/GLints/dict_16_192_64_0p5_0p02_0042_0014.uasset" 5642
"../../../Engine/Content/EngineMaterials/Substrate/GLints/dict_16_192_64_0p5_0p02_0043_0004.uasset" 5643
"../../../Engine/Content/EngineMaterials/Substrate/GLints/dict_16_192_64_0p5_0p02_0043_0002.uasset" 5644
"../../../Engine/Content/EngineMaterials/Substrate/GLints/dict_16_192_64_0p5_0p02_0042_0009.uasset" 5645
"../../../Engine/Content/EngineMaterials/Substrate/GLints/dict_16_192_64_0p5_0p02_0043_0006.uasset" 5646
"../../../Engine/Content/EngineMaterials/Substrate/GLints/dict_16_192_64_0p5_0p02_0043_0001.uasset" 5647
"../../../Engine/Content/EngineMaterials/Substrate/GLints/dict_16_192_64_0p5_0p02_0042_0012.uasset" 5648
"/Engine/EngineMaterials/Substrate/GLints/dict_16_192_64_0p5_0p02_0042_0003" 5649
"/Engine/EngineMaterials/Substrate/GLints/dict_16_192_64_0p5_0p02_0042_0002" 5650
"/Engine/EngineMaterials/Substrate/GLints/dict_16_192_64_0p5_0p02_0042_0001" 5651
"/Engine/EngineMaterials/Substrate/GLints/dict_16_192_64_0p5_0p02_0042_0000" 5652
"/Engine/EngineMaterials/Substrate/GLints/dict_16_192_64_0p5_0p02_0041_0015" 5653
"/Engine/EngineMaterials/Substrate/GLints/dict_16_192_64_0p5_0p02_0041_0014" 5654
"/Engine/EngineMaterials/Substrate/GLints/dict_16_192_64_0p5_0p02_0041_0013" 5655
"/Engine/EngineMaterials/Substrate/GLints/dict_16_192_64_0p5_0p02_0041_0012" 5656
"/Engine/EngineMaterials/Substrate/GLints/dict_16_192_64_0p5_0p02_0041_0011" 5657
"/Engine/EngineMaterials/Substrate/GLints/dict_16_192_64_0p5_0p02_0041_0010" 5658
"/Engine/EngineMaterials/Substrate/GLints/dict_16_192_64_0p5_0p02_0041_0009" 5659
"/Engine/EngineMaterials/Substrate/GLints/dict_16_192_64_0p5_0p02_0041_0008" 5660
"/Engine/EngineMaterials/Substrate/GLints/dict_16_192_64_0p5_0p02_0041_0007" 5661
"/Engine/EngineMaterials/Substrate/GLints/dict_16_192_64_0p5_0p02_0043_0006" 5662
"../../../Engine/Content/EngineMaterials/Substrate/GLints/dict_16_192_64_0p5_0p02_0043_0007.uasset" 5663
"../../../Engine/Content/EngineMaterials/Substrate/GLints/dict_16_192_64_0p5_0p02_0043_0008.uasset" 5664
"../../../Engine/Content/EngineMaterials/Substrate/GLints/dict_16_192_64_0p5_0p02_0043_0009.uasset" 5665
"../../../Engine/Content/EngineMaterials/Substrate/GLints/dict_16_192_64_0p5_0p02_0043_0011.uasset" 5666
"../../../Engine/Content/EngineMaterials/Substrate/GLints/dict_16_192_64_0p5_0p02_0043_0014.uasset" 5667
"../../../Engine/Content/EngineMaterials/Substrate/GLints/dict_16_192_64_0p5_0p02_0043_0010.uasset" 5668
"../../../Engine/Content/EngineMaterials/Substrate/GLints/dict_16_192_64_0p5_0p02_0044_0000.uasset" 5669
"/Engine/EngineMaterials/Substrate/GLints/dict_16_192_64_0p5_0p02_0043_0005" 5670
"../../../Engine/Content/EngineMaterials/Substrate/GLints/dict_16_192_64_0p5_0p02_0043_0015.uasset" 5671
"../../../Engine/Content/EngineMaterials/Substrate/GLints/dict_16_192_64_0p5_0p02_0043_0013.uasset" 5672
"../../../Engine/Content/EngineMaterials/Substrate/GLints/dict_16_192_64_0p5_0p02_0044_0004.uasset" 5673
"../../../Engine/Content/EngineMaterials/Substrate/GLints/dict_16_192_64_0p5_0p02_0044_0003.uasset" 5674
"../../../Engine/Content/EngineMaterials/Substrate/GLints/dict_16_192_64_0p5_0p02_0044_0005.uasset" 5675
"../../../Engine/Content/EngineMaterials/Substrate/GLints/dict_16_192_64_0p5_0p02_0044_0001.uasset" 5676
"../../../Engine/Content/EngineMaterials/Substrate/GLints/dict_16_192_64_0p5_0p02_0043_0012.uasset" 5677
"../../../Engine/Content/EngineMaterials/Substrate/GLints/dict_16_192_64_0p5_0p02_0044_0002.uasset" 5678
"/Engine/EngineMaterials/Substrate/GLints/dict_16_192_64_0p5_0p02_0043_0004" 5679
"/Engine/EngineMaterials/Substrate/GLints/dict_16_192_64_0p5_0p02_0043_0003" 5680
"/Engine/EngineMaterials/Substrate/GLints/dict_16_192_64_0p5_0p02_0043_0002" 5681
"/Engine/EngineMaterials/Substrate/GLints/dict_16_192_64_0p5_0p02_0043_0001" 5682
"/Engine/EngineMaterials/Substrate/GLints/dict_16_192_64_0p5_0p02_0043_0000" 5683
"/Engine/EngineMaterials/Substrate/GLints/dict_16_192_64_0p5_0p02_0042_0015" 5684
"/Engine/EngineMaterials/Substrate/GLints/dict_16_192_64_0p5_0p02_0042_0014" 5685
"/Engine/EngineMaterials/Substrate/GLints/dict_16_192_64_0p5_0p02_0042_0013" 5686
"/Engine/EngineMaterials/Substrate/GLints/dict_16_192_64_0p5_0p02_0042_0012" 5687
"/Engine/EngineMaterials/Substrate/GLints/dict_16_192_64_0p5_0p02_0042_0011" 5688
"/Engine/EngineMaterials/Substrate/GLints/dict_16_192_64_0p5_0p02_0042_0010" 5689
"/Engine/EngineMaterials/Substrate/GLints/dict_16_192_64_0p5_0p02_0042_0009" 5690
"/Engine/EngineMaterials/Substrate/GLints/dict_16_192_64_0p5_0p02_0042_0008" 5691
"/Engine/EngineMaterials/Substrate/GLints/dict_16_192_64_0p5_0p02_0042_0007" 5692
"/Engine/EngineMaterials/Substrate/GLints/dict_16_192_64_0p5_0p02_0042_0006" 5693
"/Engine/EngineMaterials/Substrate/GLints/dict_16_192_64_0p5_0p02_0044_0005" 5694
"../../../Engine/Content/EngineMaterials/Substrate/GLints/dict_16_192_64_0p5_0p02_0044_0007.uasset" 5695
"../../../Engine/Content/EngineMaterials/Substrate/GLints/dict_16_192_64_0p5_0p02_0044_0006.uasset" 5696
"../../../Engine/Content/EngineMaterials/Substrate/GLints/dict_16_192_64_0p5_0p02_0044_0009.uasset" 5697
"../../../Engine/Content/EngineMaterials/Substrate/GLints/dict_16_192_64_0p5_0p02_0044_0008.uasset" 5698
"../../../Engine/Content/EngineMaterials/Substrate/GLints/dict_16_192_64_0p5_0p02_0044_0010.uasset" 5699
"/Engine/EngineMaterials/Substrate/GLints/dict_16_192_64_0p5_0p02_0044_0004" 5700
"../../../Engine/Content/EngineMaterials/Substrate/GLints/dict_16_192_64_0p5_0p02_0044_0012.uasset" 5701
"../../../Engine/Content/EngineMaterials/Substrate/GLints/dict_16_192_64_0p5_0p02_0045_0000.uasset" 5702
"../../../Engine/Content/EngineMaterials/Substrate/GLints/dict_16_192_64_0p5_0p02_0045_0001.uasset" 5703
"../../../Engine/Content/EngineMaterials/Substrate/GLints/dict_16_192_64_0p5_0p02_0044_0013.uasset" 5704
"../../../Engine/Content/EngineMaterials/Substrate/GLints/dict_16_192_64_0p5_0p02_0044_0014.uasset" 5705
"../../../Engine/Content/EngineMaterials/Substrate/GLints/dict_16_192_64_0p5_0p02_0045_0002.uasset" 5706
"../../../Engine/Content/EngineMaterials/Substrate/GLints/dict_16_192_64_0p5_0p02_0045_0003.uasset" 5707
"../../../Engine/Content/EngineMaterials/Substrate/GLints/dict_16_192_64_0p5_0p02_0045_0006.uasset" 5708
"../../../Engine/Content/EngineMaterials/Substrate/GLints/dict_16_192_64_0p5_0p02_0045_0004.uasset" 5709
"../../../Engine/Content/EngineMaterials/Substrate/GLints/dict_16_192_64_0p5_0p02_0044_0011.uasset" 5710
"../../../Engine/Content/EngineMaterials/Substrate/GLints/dict_16_192_64_0p5_0p02_0045_0005.uasset" 5711
"../../../Engine/Content/EngineMaterials/Substrate/GLints/dict_16_192_64_0p5_0p02_0044_0015.uasset" 5712
"/Engine/EngineMaterials/Substrate/GLints/dict_16_192_64_0p5_0p02_0044_0003" 5713
"/Engine/EngineMaterials/Substrate/GLints/dict_16_192_64_0p5_0p02_0044_0002" 5714
"/Engine/EngineMaterials/Substrate/GLints/dict_16_192_64_0p5_0p02_0044_0001" 5715
"/Engine/EngineMaterials/Substrate/GLints/dict_16_192_64_0p5_0p02_0044_0000" 5716
"/Engine/EngineMaterials/Substrate/GLints/dict_16_192_64_0p5_0p02_0043_0015" 5717
"/Engine/EngineMaterials/Substrate/GLints/dict_16_192_64_0p5_0p02_0043_0014" 5718
"/Engine/EngineMaterials/Substrate/GLints/dict_16_192_64_0p5_0p02_0043_0013" 5719
"/Engine/EngineMaterials/Substrate/GLints/dict_16_192_64_0p5_0p02_0043_0012" 5720
"/Engine/EngineMaterials/Substrate/GLints/dict_16_192_64_0p5_0p02_0043_0011" 5721
"/Engine/EngineMaterials/Substrate/GLints/dict_16_192_64_0p5_0p02_0043_0010" 5722
"/Engine/EngineMaterials/Substrate/GLints/dict_16_192_64_0p5_0p02_0043_0009" 5723
"/Engine/EngineMaterials/Substrate/GLints/dict_16_192_64_0p5_0p02_0043_0008" 5724
"/Engine/EngineMaterials/Substrate/GLints/dict_16_192_64_0p5_0p02_0043_0007" 5725
"/Engine/EngineMaterials/Substrate/GLints/dict_16_192_64_0p5_0p02_0045_0006" 5726
"../../../Engine/Content/EngineMaterials/Substrate/GLints/dict_16_192_64_0p5_0p02_0045_0008.uasset" 5727
"../../../Engine/Content/EngineMaterials/Substrate/GLints/dict_16_192_64_0p5_0p02_0045_0010.uasset" 5728
"../../../Engine/Content/EngineMaterials/Substrate/GLints/dict_16_192_64_0p5_0p02_0045_0007.uasset" 5729
"../../../Engine/Content/EngineMaterials/Substrate/GLints/dict_16_192_64_0p5_0p02_0045_0009.uasset" 5730
"/Engine/EngineMaterials/Substrate/GLints/dict_16_192_64_0p5_0p02_0045_0005" 5731
"../../../Engine/Content/EngineMaterials/Substrate/GLints/dict_16_192_64_0p5_0p02_0045_0011.uasset" 5732
"../../../Engine/Content/EngineMaterials/Substrate/GLints/dict_16_192_64_0p5_0p02_0045_0012.uasset" 5733
"../../../Engine/Content/EngineMaterials/Substrate/GLints/dict_16_192_64_0p5_0p02_0045_0013.uasset" 5734
"../../../Engine/Content/EngineMaterials/Substrate/GLints/dict_16_192_64_0p5_0p02_0045_0015.uasset" 5735
"../../../Engine/Content/EngineMaterials/Substrate/GLints/dict_16_192_64_0p5_0p02_0046_0002.uasset" 5736
"../../../Engine/Content/EngineMaterials/Substrate/GLints/dict_16_192_64_0p5_0p02_0046_0004.uasset" 5737
"../../../Engine/Content/EngineMaterials/Substrate/GLints/dict_16_192_64_0p5_0p02_0046_0000.uasset" 5738
"../../../Engine/Content/EngineMaterials/Substrate/GLints/dict_16_192_64_0p5_0p02_0046_0003.uasset" 5739
"../../../Engine/Content/EngineMaterials/Substrate/GLints/dict_16_192_64_0p5_0p02_0046_0001.uasset" 5740
"../../../Engine/Content/EngineMaterials/Substrate/GLints/dict_16_192_64_0p5_0p02_0046_0005.uasset" 5741
"../../../Engine/Content/EngineMaterials/Substrate/GLints/dict_16_192_64_0p5_0p02_0045_0014.uasset" 5742
"/Engine/EngineMaterials/Substrate/GLints/dict_16_192_64_0p5_0p02_0045_0004" 5743
"/Engine/EngineMaterials/Substrate/GLints/dict_16_192_64_0p5_0p02_0045_0003" 5744
"/Engine/EngineMaterials/Substrate/GLints/dict_16_192_64_0p5_0p02_0045_0002" 5745
"/Engine/EngineMaterials/Substrate/GLints/dict_16_192_64_0p5_0p02_0045_0001" 5746
"/Engine/EngineMaterials/Substrate/GLints/dict_16_192_64_0p5_0p02_0045_0000" 5747
"/Engine/EngineMaterials/Substrate/GLints/dict_16_192_64_0p5_0p02_0044_0015" 5748
"/Engine/EngineMaterials/Substrate/GLints/dict_16_192_64_0p5_0p02_0044_0014" 5749
"/Engine/EngineMaterials/Substrate/GLints/dict_16_192_64_0p5_0p02_0044_0013" 5750
"/Engine/EngineMaterials/Substrate/GLints/dict_16_192_64_0p5_0p02_0044_0012" 5751
"/Engine/EngineMaterials/Substrate/GLints/dict_16_192_64_0p5_0p02_0044_0011" 5752
"/Engine/EngineMaterials/Substrate/GLints/dict_16_192_64_0p5_0p02_0044_0010" 5753
"/Engine/EngineMaterials/Substrate/GLints/dict_16_192_64_0p5_0p02_0044_0009" 5754
"/Engine/EngineMaterials/Substrate/GLints/dict_16_192_64_0p5_0p02_0044_0008" 5755
"/Engine/EngineMaterials/Substrate/GLints/dict_16_192_64_0p5_0p02_0044_0007" 5756
"/Engine/EngineMaterials/Substrate/GLints/dict_16_192_64_0p5_0p02_0044_0006" 5757
"/Engine/EngineMaterials/Substrate/GLints/dict_16_192_64_0p5_0p02_0046_0005" 5758
"../../../Engine/Content/EngineMaterials/Substrate/GLints/dict_16_192_64_0p5_0p02_0046_0007.uasset" 5759
"../../../Engine/Content/EngineMaterials/Substrate/GLints/dict_16_192_64_0p5_0p02_0046_0006.uasset" 5760
"../../../Engine/Content/EngineMaterials/Substrate/GLints/dict_16_192_64_0p5_0p02_0046_0009.uasset" 5761
"../../../Engine/Content/EngineMaterials/Substrate/GLints/dict_16_192_64_0p5_0p02_0046_0011.uasset" 5762
"/Engine/EngineMaterials/Substrate/GLints/dict_16_192_64_0p5_0p02_0046_0004" 5763
"../../../Engine/Content/EngineMaterials/Substrate/GLints/dict_16_192_64_0p5_0p02_0046_0010.uasset" 5764
"../../../Engine/Content/EngineMaterials/Substrate/GLints/dict_16_192_64_0p5_0p02_0046_0015.uasset" 5765
"../../../Engine/Content/EngineMaterials/Substrate/GLints/dict_16_192_64_0p5_0p02_0046_0013.uasset" 5766
"../../../Engine/Content/EngineMaterials/Substrate/GLints/dict_16_192_64_0p5_0p02_0047_0000.uasset" 5767
"../../../Engine/Content/EngineMaterials/Substrate/GLints/dict_16_192_64_0p5_0p02_0047_0003.uasset" 5768
"../../../Engine/Content/EngineMaterials/Substrate/GLints/dict_16_192_64_0p5_0p02_0047_0002.uasset" 5769
"../../../Engine/Content/EngineMaterials/Substrate/GLints/dict_16_192_64_0p5_0p02_0047_0001.uasset" 5770
"../../../Engine/Content/EngineMaterials/Substrate/GLints/dict_16_192_64_0p5_0p02_0047_0004.uasset" 5771
"../../../Engine/Content/EngineMaterials/Substrate/GLints/dict_16_192_64_0p5_0p02_0047_0005.uasset" 5772
"../../../Engine/Content/EngineMaterials/Substrate/GLints/dict_16_192_64_0p5_0p02_0047_0006.uasset" 5773
"../../../Engine/Content/EngineMaterials/Substrate/GLints/dict_16_192_64_0p5_0p02_0046_0014.uasset" 5774
"../../../Engine/Content/EngineMaterials/Substrate/GLints/dict_16_192_64_0p5_0p02_0046_0012.uasset" 5775
"../../../Engine/Content/EngineMaterials/Substrate/GLints/dict_16_192_64_0p5_0p02_0046_0008.uasset" 5776
"/Engine/EngineMaterials/Substrate/GLints/dict_16_192_64_0p5_0p02_0046_0003" 5777
"/Engine/EngineMaterials/Substrate/GLints/dict_16_192_64_0p5_0p02_0046_0002" 5778
"/Engine/EngineMaterials/Substrate/GLints/dict_16_192_64_0p5_0p02_0046_0001" 5779
"/Engine/EngineMaterials/Substrate/GLints/dict_16_192_64_0p5_0p02_0046_0000" 5780
"/Engine/EngineMaterials/Substrate/GLints/dict_16_192_64_0p5_0p02_0045_0015" 5781
"/Engine/EngineMaterials/Substrate/GLints/dict_16_192_64_0p5_0p02_0045_0014" 5782
"/Engine/EngineMaterials/Substrate/GLints/dict_16_192_64_0p5_0p02_0045_0013" 5783
"/Engine/EngineMaterials/Substrate/GLints/dict_16_192_64_0p5_0p02_0045_0012" 5784
"/Engine/EngineMaterials/Substrate/GLints/dict_16_192_64_0p5_0p02_0045_0011" 5785
"/Engine/EngineMaterials/Substrate/GLints/dict_16_192_64_0p5_0p02_0045_0010" 5786
"/Engine/EngineMaterials/Substrate/GLints/dict_16_192_64_0p5_0p02_0045_0009" 5787
"/Engine/EngineMaterials/Substrate/GLints/dict_16_192_64_0p5_0p02_0045_0008" 5788
"/Engine/EngineMaterials/Substrate/GLints/dict_16_192_64_0p5_0p02_0045_0007" 5789
"/Engine/EngineMaterials/Substrate/GLints/dict_16_192_64_0p5_0p02_0047_0006" 5790
"../../../Engine/Content/EngineMaterials/Substrate/GLints/dict_16_192_64_0p5_0p02_0047_0007.uasset" 5791
"../../../Engine/Content/EngineMaterials/Substrate/GLints/dict_16_192_64_0p5_0p02_0047_0008.uasset" 5792
"../../../Engine/Content/EngineMaterials/Substrate/GLints/dict_16_192_64_0p5_0p02_0047_0009.uasset" 5793
"../../../Engine/Content/EngineMaterials/Substrate/GLints/dict_16_192_64_0p5_0p02_0047_0010.uasset" 5794
"../../../Engine/Content/EngineMaterials/Substrate/GLints/dict_16_192_64_0p5_0p02_0047_0012.uasset" 5795
"../../../Engine/Content/EngineMaterials/Substrate/GLints/dict_16_192_64_0p5_0p02_0047_0013.uasset" 5796
"../../../Engine/Content/EngineMaterials/Substrate/GLints/dict_16_192_64_0p5_0p02_0047_0014.uasset" 5797
"../../../Engine/Content/EngineMaterials/Substrate/GLints/dict_16_192_64_0p5_0p02_0047_0011.uasset" 5798
"../../../Engine/Content/EngineMaterials/Substrate/GLints/dict_16_192_64_0p5_0p02_0047_0015.uasset" 5799
"../../../Engine/Content/EngineMaterials/Substrate/GLints/dict_16_192_64_0p5_0p02_0048_0000.uasset" 5800
"../../../Engine/Content/EngineMaterials/Substrate/GLints/dict_16_192_64_0p5_0p02_0048_0003.uasset" 5801
"/Engine/EngineMaterials/Substrate/GLints/dict_16_192_64_0p5_0p02_0047_0005" 5802
"../../../Engine/Content/EngineMaterials/Substrate/GLints/dict_16_192_64_0p5_0p02_0048_0001.uasset" 5803
"../../../Engine/Content/EngineMaterials/Substrate/GLints/dict_16_192_64_0p5_0p02_0048_0004.uasset" 5804
"../../../Engine/Content/EngineMaterials/Substrate/GLints/dict_16_192_64_0p5_0p02_0048_0002.uasset" 5805
"../../../Engine/Content/EngineMaterials/Substrate/GLints/dict_16_192_64_0p5_0p02_0048_0005.uasset" 5806
"/Engine/EngineMaterials/Substrate/GLints/dict_16_192_64_0p5_0p02_0047_0004" 5807
"/Engine/EngineMaterials/Substrate/GLints/dict_16_192_64_0p5_0p02_0047_0003" 5808
"/Engine/EngineMaterials/Substrate/GLints/dict_16_192_64_0p5_0p02_0047_0002" 5809
"/Engine/EngineMaterials/Substrate/GLints/dict_16_192_64_0p5_0p02_0047_0001" 5810
"/Engine/EngineMaterials/Substrate/GLints/dict_16_192_64_0p5_0p02_0047_0000" 5811
"/Engine/EngineMaterials/Substrate/GLints/dict_16_192_64_0p5_0p02_0046_0015" 5812
"/Engine/EngineMaterials/Substrate/GLints/dict_16_192_64_0p5_0p02_0046_0014" 5813
"/Engine/EngineMaterials/Substrate/GLints/dict_16_192_64_0p5_0p02_0046_0013" 5814
"/Engine/EngineMaterials/Substrate/GLints/dict_16_192_64_0p5_0p02_0046_0012" 5815
"/Engine/EngineMaterials/Substrate/GLints/dict_16_192_64_0p5_0p02_0046_0011" 5816
"/Engine/EngineMaterials/Substrate/GLints/dict_16_192_64_0p5_0p02_0046_0010" 5817
"/Engine/EngineMaterials/Substrate/GLints/dict_16_192_64_0p5_0p02_0046_0009" 5818
"/Engine/EngineMaterials/Substrate/GLints/dict_16_192_64_0p5_0p02_0046_0008" 5819
"/Engine/EngineMaterials/Substrate/GLints/dict_16_192_64_0p5_0p02_0046_0007" 5820
"/Engine/EngineMaterials/Substrate/GLints/dict_16_192_64_0p5_0p02_0046_0006" 5821
"/Engine/EngineMaterials/Substrate/GLints/dict_16_192_64_0p5_0p02_0048_0005" 5822
"../../../Engine/Content/EngineMaterials/Substrate/GLints/dict_16_192_64_0p5_0p02_0048_0006.uasset" 5823
"../../../Engine/Content/EngineMaterials/Substrate/GLints/dict_16_192_64_0p5_0p02_0048_0007.uasset" 5824
"../../../Engine/Content/EngineMaterials/Substrate/GLints/dict_16_192_64_0p5_0p02_0048_0008.uasset" 5825
"/Engine/EngineMaterials/Substrate/GLints/dict_16_192_64_0p5_0p02_0048_0004" 5826
"../../../Engine/Content/EngineMaterials/Substrate/GLints/dict_16_192_64_0p5_0p02_0048_0010.uasset" 5827
"../../../Engine/Content/EngineMaterials/Substrate/GLints/dict_16_192_64_0p5_0p02_0048_0014.uasset" 5828
"../../../Engine/Content/EngineMaterials/Substrate/GLints/dict_16_192_64_0p5_0p02_0048_0013.uasset" 5829
"../../../Engine/Content/EngineMaterials/Substrate/GLints/dict_16_192_64_0p5_0p02_0048_0011.uasset" 5830
"../../../Engine/Content/EngineMaterials/Substrate/GLints/dict_16_192_64_0p5_0p02_0048_0015.uasset" 5831
"../../../Engine/Content/EngineMaterials/Substrate/GLints/dict_16_192_64_0p5_0p02_0048_0009.uasset" 5832
"../../../Engine/Content/EngineMaterials/Substrate/GLints/dict_16_192_64_0p5_0p02_0049_0001.uasset" 5833
"../../../Engine/Content/EngineMaterials/Substrate/GLints/dict_16_192_64_0p5_0p02_0049_0002.uasset" 5834
"../../../Engine/Content/EngineMaterials/Substrate/GLints/dict_16_192_64_0p5_0p02_0049_0003.uasset" 5835
"../../../Engine/Content/EngineMaterials/Substrate/GLints/dict_16_192_64_0p5_0p02_0048_0012.uasset" 5836
"../../../Engine/Content/EngineMaterials/Substrate/GLints/dict_16_192_64_0p5_0p02_0049_0000.uasset" 5837
"../../../Engine/Content/EngineMaterials/Substrate/GLints/dict_16_192_64_0p5_0p02_0049_0005.uasset" 5838
"../../../Engine/Content/EngineMaterials/Substrate/GLints/dict_16_192_64_0p5_0p02_0049_0004.uasset" 5839
"../../../Engine/Content/EngineMaterials/Substrate/GLints/dict_16_192_64_0p5_0p02_0049_0006.uasset" 5840
"/Engine/EngineMaterials/Substrate/GLints/dict_16_192_64_0p5_0p02_0048_0003" 5841
"/Engine/EngineMaterials/Substrate/GLints/dict_16_192_64_0p5_0p02_0048_0002" 5842
"/Engine/EngineMaterials/Substrate/GLints/dict_16_192_64_0p5_0p02_0048_0001" 5843
"/Engine/EngineMaterials/Substrate/GLints/dict_16_192_64_0p5_0p02_0048_0000" 5844
"/Engine/EngineMaterials/Substrate/GLints/dict_16_192_64_0p5_0p02_0047_0015" 5845
"/Engine/EngineMaterials/Substrate/GLints/dict_16_192_64_0p5_0p02_0047_0014" 5846
"/Engine/EngineMaterials/Substrate/GLints/dict_16_192_64_0p5_0p02_0047_0013" 5847
"/Engine/EngineMaterials/Substrate/GLints/dict_16_192_64_0p5_0p02_0047_0012" 5848
"/Engine/EngineMaterials/Substrate/GLints/dict_16_192_64_0p5_0p02_0047_0011" 5849
"/Engine/EngineMaterials/Substrate/GLints/dict_16_192_64_0p5_0p02_0047_0010" 5850
"/Engine/EngineMaterials/Substrate/GLints/dict_16_192_64_0p5_0p02_0047_0009" 5851
"/Engine/EngineMaterials/Substrate/GLints/dict_16_192_64_0p5_0p02_0047_0008" 5852
"/Engine/EngineMaterials/Substrate/GLints/dict_16_192_64_0p5_0p02_0047_0007" 5853
"/Engine/EngineMaterials/Substrate/GLints/dict_16_192_64_0p5_0p02_0049_0006" 5854
"../../../Engine/Content/EngineMaterials/Substrate/GLints/dict_16_192_64_0p5_0p02_0049_0007.uasset" 5855
"../../../Engine/Content/EngineMaterials/Substrate/GLints/dict_16_192_64_0p5_0p02_0049_0008.uasset" 5856
"../../../Engine/Content/EngineMaterials/Substrate/GLints/dict_16_192_64_0p5_0p02_0049_0009.uasset" 5857
"../../../Engine/Content/EngineMaterials/Substrate/GLints/dict_16_192_64_0p5_0p02_0049_0010.uasset" 5858
"/Engine/EngineMaterials/Substrate/GLints/dict_16_192_64_0p5_0p02_0049_0005" 5859
"../../../Engine/Content/EngineMaterials/Substrate/GLints/dict_16_192_64_0p5_0p02_0049_0011.uasset" 5860
"../../../Engine/Content/EngineMaterials/Substrate/GLints/dict_16_192_64_0p5_0p02_0049_0012.uasset" 5861
"../../../Engine/Content/EngineMaterials/Substrate/GLints/dict_16_192_64_0p5_0p02_0050_0001.uasset" 5862
"../../../Engine/Content/EngineMaterials/Substrate/GLints/dict_16_192_64_0p5_0p02_0050_0003.uasset" 5863
"../../../Engine/Content/EngineMaterials/Substrate/GLints/dict_16_192_64_0p5_0p02_0049_0015.uasset" 5864
"../../../Engine/Content/EngineMaterials/Substrate/GLints/dict_16_192_64_0p5_0p02_0050_0002.uasset" 5865
"../../../Engine/Content/EngineMaterials/Substrate/GLints/dict_16_192_64_0p5_0p02_0049_0014.uasset" 5866
"../../../Engine/Content/EngineMaterials/Substrate/GLints/dict_16_192_64_0p5_0p02_0049_0013.uasset" 5867
"../../../Engine/Content/EngineMaterials/Substrate/GLints/dict_16_192_64_0p5_0p02_0050_0000.uasset" 5868
"../../../Engine/Content/EngineMaterials/Substrate/GLints/dict_16_192_64_0p5_0p02_0050_0004.uasset" 5869
"../../../Engine/Content/EngineMaterials/Substrate/GLints/dict_16_192_64_0p5_0p02_0050_0005.uasset" 5870
"/Engine/EngineMaterials/Substrate/GLints/dict_16_192_64_0p5_0p02_0049_0004" 5871
"/Engine/EngineMaterials/Substrate/GLints/dict_16_192_64_0p5_0p02_0049_0003" 5872
"/Engine/EngineMaterials/Substrate/GLints/dict_16_192_64_0p5_0p02_0049_0002" 5873
"/Engine/EngineMaterials/Substrate/GLints/dict_16_192_64_0p5_0p02_0049_0001" 5874
"/Engine/EngineMaterials/Substrate/GLints/dict_16_192_64_0p5_0p02_0049_0000" 5875
"/Engine/EngineMaterials/Substrate/GLints/dict_16_192_64_0p5_0p02_0048_0015" 5876
"/Engine/EngineMaterials/Substrate/GLints/dict_16_192_64_0p5_0p02_0048_0014" 5877
"/Engine/EngineMaterials/Substrate/GLints/dict_16_192_64_0p5_0p02_0048_0013" 5878
"/Engine/EngineMaterials/Substrate/GLints/dict_16_192_64_0p5_0p02_0048_0012" 5879
"/Engine/EngineMaterials/Substrate/GLints/dict_16_192_64_0p5_0p02_0048_0011" 5880
"/Engine/EngineMaterials/Substrate/GLints/dict_16_192_64_0p5_0p02_0048_0010" 5881
"/Engine/EngineMaterials/Substrate/GLints/dict_16_192_64_0p5_0p02_0048_0009" 5882
"/Engine/EngineMaterials/Substrate/GLints/dict_16_192_64_0p5_0p02_0048_0008" 5883
"/Engine/EngineMaterials/Substrate/GLints/dict_16_192_64_0p5_0p02_0048_0007" 5884
"/Engine/EngineMaterials/Substrate/GLints/dict_16_192_64_0p5_0p02_0048_0006" 5885
"/Engine/EngineMaterials/Substrate/GLints/dict_16_192_64_0p5_0p02_0050_0005" 5886
"../../../Engine/Content/EngineMaterials/Substrate/GLints/dict_16_192_64_0p5_0p02_0050_0008.uasset" 5887
"../../../Engine/Content/EngineMaterials/Substrate/GLints/dict_16_192_64_0p5_0p02_0050_0007.uasset" 5888
"../../../Engine/Content/EngineMaterials/Substrate/GLints/dict_16_192_64_0p5_0p02_0050_0010.uasset" 5889
"../../../Engine/Content/EngineMaterials/Substrate/GLints/dict_16_192_64_0p5_0p02_0050_0009.uasset" 5890
"/Engine/EngineMaterials/Substrate/GLints/dict_16_192_64_0p5_0p02_0050_0004" 5891
"../../../Engine/Content/EngineMaterials/Substrate/GLints/dict_16_192_64_0p5_0p02_0050_0014.uasset" 5892
"../../../Engine/Content/EngineMaterials/Substrate/GLints/dict_16_192_64_0p5_0p02_0051_0000.uasset" 5893
"../../../Engine/Content/EngineMaterials/Substrate/GLints/dict_16_192_64_0p5_0p02_0051_0001.uasset" 5894
"../../../Engine/Content/EngineMaterials/Substrate/GLints/dict_16_192_64_0p5_0p02_0050_0011.uasset" 5895
"../../../Engine/Content/EngineMaterials/Substrate/GLints/dict_16_192_64_0p5_0p02_0051_0002.uasset" 5896
"../../../Engine/Content/EngineMaterials/Substrate/GLints/dict_16_192_64_0p5_0p02_0050_0006.uasset" 5897
"../../../Engine/Content/EngineMaterials/Substrate/GLints/dict_16_192_64_0p5_0p02_0050_0013.uasset" 5898
"../../../Engine/Content/EngineMaterials/Substrate/GLints/dict_16_192_64_0p5_0p02_0051_0003.uasset" 5899
"../../../Engine/Content/EngineMaterials/Substrate/GLints/dict_16_192_64_0p5_0p02_0050_0012.uasset" 5900
"../../../Engine/Content/EngineMaterials/Substrate/GLints/dict_16_192_64_0p5_0p02_0050_0015.uasset" 5901
"../../../Engine/Content/EngineMaterials/Substrate/GLints/dict_16_192_64_0p5_0p02_0051_0004.uasset" 5902
"../../../Engine/Content/EngineMaterials/Substrate/GLints/dict_16_192_64_0p5_0p02_0051_0006.uasset" 5903
"../../../Engine/Content/EngineMaterials/Substrate/GLints/dict_16_192_64_0p5_0p02_0051_0005.uasset" 5904
"/Engine/EngineMaterials/Substrate/GLints/dict_16_192_64_0p5_0p02_0050_0003" 5905
"/Engine/EngineMaterials/Substrate/GLints/dict_16_192_64_0p5_0p02_0050_0002" 5906
"/Engine/EngineMaterials/Substrate/GLints/dict_16_192_64_0p5_0p02_0050_0001" 5907
"/Engine/EngineMaterials/Substrate/GLints/dict_16_192_64_0p5_0p02_0050_0000" 5908
"/Engine/EngineMaterials/Substrate/GLints/dict_16_192_64_0p5_0p02_0049_0015" 5909
"/Engine/EngineMaterials/Substrate/GLints/dict_16_192_64_0p5_0p02_0049_0014" 5910
"/Engine/EngineMaterials/Substrate/GLints/dict_16_192_64_0p5_0p02_0049_0013" 5911
"/Engine/EngineMaterials/Substrate/GLints/dict_16_192_64_0p5_0p02_0049_0012" 5912
"/Engine/EngineMaterials/Substrate/GLints/dict_16_192_64_0p5_0p02_0049_0011" 5913
"/Engine/EngineMaterials/Substrate/GLints/dict_16_192_64_0p5_0p02_0049_0010" 5914
"/Engine/EngineMaterials/Substrate/GLints/dict_16_192_64_0p5_0p02_0049_0009" 5915
"/Engine/EngineMaterials/Substrate/GLints/dict_16_192_64_0p5_0p02_0049_0008" 5916
"/Engine/EngineMaterials/Substrate/GLints/dict_16_192_64_0p5_0p02_0049_0007" 5917
"/Engine/EngineMaterials/Substrate/GLints/dict_16_192_64_0p5_0p02_0051_0006" 5918
"../../../Engine/Content/EngineMaterials/Substrate/GLints/dict_16_192_64_0p5_0p02_0051_0009.uasset" 5919
"../../../Engine/Content/EngineMaterials/Substrate/GLints/dict_16_192_64_0p5_0p02_0051_0007.uasset" 5920
"../../../Engine/Content/EngineMaterials/Substrate/GLints/dict_16_192_64_0p5_0p02_0051_0008.uasset" 5921
"../../../Engine/Content/EngineMaterials/Substrate/GLints/dict_16_192_64_0p5_0p02_0051_0013.uasset" 5922
"../../../Engine/Content/EngineMaterials/Substrate/GLints/dict_16_192_64_0p5_0p02_0051_0014.uasset" 5923
"../../../Engine/Content/EngineMaterials/Substrate/GLints/dict_16_192_64_0p5_0p02_0051_0015.uasset" 5924
"../../../Engine/Content/EngineMaterials/Substrate/GLints/dict_16_192_64_0p5_0p02_0052_0002.uasset" 5925
"../../../Engine/Content/EngineMaterials/Substrate/GLints/dict_16_192_64_0p5_0p02_0052_0001.uasset" 5926
"../../../Engine/Content/EngineMaterials/Substrate/GLints/dict_16_192_64_0p5_0p02_0052_0004.uasset" 5927
"../../../Engine/Content/EngineMaterials/Substrate/GLints/dict_16_192_64_0p5_0p02_0052_0000.uasset" 5928
"../../../Engine/Content/EngineMaterials/Substrate/GLints/dict_16_192_64_0p5_0p02_0052_0003.uasset" 5929
"../../../Engine/Content/EngineMaterials/Substrate/GLints/dict_16_192_64_0p5_0p02_0051_0011.uasset" 5930
"../../../Engine/Content/EngineMaterials/Substrate/GLints/dict_16_192_64_0p5_0p02_0052_0005.uasset" 5931
"../../../Engine/Content/EngineMaterials/Substrate/GLints/dict_16_192_64_0p5_0p02_0051_0010.uasset" 5932
"/Engine/EngineMaterials/Substrate/GLints/dict_16_192_64_0p5_0p02_0051_0005" 5933
"../../../Engine/Content/EngineMaterials/Substrate/GLints/dict_16_192_64_0p5_0p02_0051_0012.uasset" 5934
"/Engine/EngineMaterials/Substrate/GLints/dict_16_192_64_0p5_0p02_0051_0004" 5935
"/Engine/EngineMaterials/Substrate/GLints/dict_16_192_64_0p5_0p02_0051_0003" 5936
"/Engine/EngineMaterials/Substrate/GLints/dict_16_192_64_0p5_0p02_0051_0002" 5937
"/Engine/EngineMaterials/Substrate/GLints/dict_16_192_64_0p5_0p02_0051_0001" 5938
"/Engine/EngineMaterials/Substrate/GLints/dict_16_192_64_0p5_0p02_0051_0000" 5939
"/Engine/EngineMaterials/Substrate/GLints/dict_16_192_64_0p5_0p02_0050_0015" 5940
"/Engine/EngineMaterials/Substrate/GLints/dict_16_192_64_0p5_0p02_0050_0014" 5941
"/Engine/EngineMaterials/Substrate/GLints/dict_16_192_64_0p5_0p02_0050_0013" 5942
"/Engine/EngineMaterials/Substrate/GLints/dict_16_192_64_0p5_0p02_0050_0012" 5943
"/Engine/EngineMaterials/Substrate/GLints/dict_16_192_64_0p5_0p02_0050_0011" 5944
"/Engine/EngineMaterials/Substrate/GLints/dict_16_192_64_0p5_0p02_0050_0010" 5945
"/Engine/EngineMaterials/Substrate/GLints/dict_16_192_64_0p5_0p02_0050_0009" 5946
"/Engine/EngineMaterials/Substrate/GLints/dict_16_192_64_0p5_0p02_0050_0008" 5947
"/Engine/EngineMaterials/Substrate/GLints/dict_16_192_64_0p5_0p02_0050_0007" 5948
"/Engine/EngineMaterials/Substrate/GLints/dict_16_192_64_0p5_0p02_0050_0006" 5949
"/Engine/EngineMaterials/Substrate/GLints/dict_16_192_64_0p5_0p02_0052_0005" 5950
"../../../Engine/Content/EngineMaterials/Substrate/GLints/dict_16_192_64_0p5_0p02_0052_0007.uasset" 5951
"../../../Engine/Content/EngineMaterials/Substrate/GLints/dict_16_192_64_0p5_0p02_0052_0006.uasset" 5952
"../../../Engine/Content/EngineMaterials/Substrate/GLints/dict_16_192_64_0p5_0p02_0052_0009.uasset" 5953
"../../../Engine/Content/EngineMaterials/Substrate/GLints/dict_16_192_64_0p5_0p02_0052_0010.uasset" 5954
"../../../Engine/Content/EngineMaterials/Substrate/GLints/dict_16_192_64_0p5_0p02_0052_0013.uasset" 5955
"../../../Engine/Content/EngineMaterials/Substrate/GLints/dict_16_192_64_0p5_0p02_0052_0012.uasset" 5956
"../../../Engine/Content/EngineMaterials/Substrate/GLints/dict_16_192_64_0p5_0p02_0052_0008.uasset" 5957
"../../../Engine/Content/EngineMaterials/Substrate/GLints/dict_16_192_64_0p5_0p02_0052_0011.uasset" 5958
"../../../Engine/Content/EngineMaterials/Substrate/GLints/dict_16_192_64_0p5_0p02_0053_0001.uasset" 5959
"../../../Engine/Content/EngineMaterials/Substrate/GLints/dict_16_192_64_0p5_0p02_0053_0000.uasset" 5960
"../../../Engine/Content/EngineMaterials/Substrate/GLints/dict_16_192_64_0p5_0p02_0053_0004.uasset" 5961
"../../../Engine/Content/EngineMaterials/Substrate/GLints/dict_16_192_64_0p5_0p02_0053_0005.uasset" 5962
"/Engine/EngineMaterials/Substrate/GLints/dict_16_192_64_0p5_0p02_0052_0004" 5963
"../../../Engine/Content/EngineMaterials/Substrate/GLints/dict_16_192_64_0p5_0p02_0052_0014.uasset" 5964
"../../../Engine/Content/EngineMaterials/Substrate/GLints/dict_16_192_64_0p5_0p02_0053_0002.uasset" 5965
"../../../Engine/Content/EngineMaterials/Substrate/GLints/dict_16_192_64_0p5_0p02_0052_0015.uasset" 5966
"../../../Engine/Content/EngineMaterials/Substrate/GLints/dict_16_192_64_0p5_0p02_0053_0003.uasset" 5967
"../../../Engine/Content/EngineMaterials/Substrate/GLints/dict_16_192_64_0p5_0p02_0053_0006.uasset" 5968
"/Engine/EngineMaterials/Substrate/GLints/dict_16_192_64_0p5_0p02_0052_0003" 5969
"/Engine/EngineMaterials/Substrate/GLints/dict_16_192_64_0p5_0p02_0052_0002" 5970
"/Engine/EngineMaterials/Substrate/GLints/dict_16_192_64_0p5_0p02_0052_0001" 5971
"/Engine/EngineMaterials/Substrate/GLints/dict_16_192_64_0p5_0p02_0052_0000" 5972
"/Engine/EngineMaterials/Substrate/GLints/dict_16_192_64_0p5_0p02_0051_0015" 5973
"/Engine/EngineMaterials/Substrate/GLints/dict_16_192_64_0p5_0p02_0051_0014" 5974
"/Engine/EngineMaterials/Substrate/GLints/dict_16_192_64_0p5_0p02_0051_0013" 5975
"/Engine/EngineMaterials/Substrate/GLints/dict_16_192_64_0p5_0p02_0051_0012" 5976
"/Engine/EngineMaterials/Substrate/GLints/dict_16_192_64_0p5_0p02_0051_0011" 5977
"/Engine/EngineMaterials/Substrate/GLints/dict_16_192_64_0p5_0p02_0051_0010" 5978
"/Engine/EngineMaterials/Substrate/GLints/dict_16_192_64_0p5_0p02_0051_0009" 5979
"/Engine/EngineMaterials/Substrate/GLints/dict_16_192_64_0p5_0p02_0051_0008" 5980
"/Engine/EngineMaterials/Substrate/GLints/dict_16_192_64_0p5_0p02_0051_0007" 5981
"/Engine/EngineMaterials/Substrate/GLints/dict_16_192_64_0p5_0p02_0053_0006" 5982
"../../../Engine/Content/EngineMaterials/Substrate/GLints/dict_16_192_64_0p5_0p02_0053_0007.uasset" 5983
"../../../Engine/Content/EngineMaterials/Substrate/GLints/dict_16_192_64_0p5_0p02_0053_0008.uasset" 5984
"../../../Engine/Content/EngineMaterials/Substrate/GLints/dict_16_192_64_0p5_0p02_0053_0009.uasset" 5985
"../../../Engine/Content/EngineMaterials/Substrate/GLints/dict_16_192_64_0p5_0p02_0053_0010.uasset" 5986
"../../../Engine/Content/EngineMaterials/Substrate/GLints/dict_16_192_64_0p5_0p02_0053_0011.uasset" 5987
"../../../Engine/Content/EngineMaterials/Substrate/GLints/dict_16_192_64_0p5_0p02_0053_0012.uasset" 5988
"/Engine/EngineMaterials/Substrate/GLints/dict_16_192_64_0p5_0p02_0053_0005" 5989
"../../../Engine/Content/EngineMaterials/Substrate/GLints/dict_16_192_64_0p5_0p02_0053_0015.uasset" 5990
"../../../Engine/Content/EngineMaterials/Substrate/GLints/dict_16_192_64_0p5_0p02_0054_0001.uasset" 5991
"../../../Engine/Content/EngineMaterials/Substrate/GLints/dict_16_192_64_0p5_0p02_0053_0013.uasset" 5992
"../../../Engine/Content/EngineMaterials/Substrate/GLints/dict_16_192_64_0p5_0p02_0054_0000.uasset" 5993
"../../../Engine/Content/EngineMaterials/Substrate/GLints/dict_16_192_64_0p5_0p02_0054_0003.uasset" 5994
"../../../Engine/Content/EngineMaterials/Substrate/GLints/dict_16_192_64_0p5_0p02_0053_0014.uasset" 5995
"../../../Engine/Content/EngineMaterials/Substrate/GLints/dict_16_192_64_0p5_0p02_0054_0002.uasset" 5996
"../../../Engine/Content/EngineMaterials/Substrate/GLints/dict_16_192_64_0p5_0p02_0054_0004.uasset" 5997
"../../../Engine/Content/EngineMaterials/Substrate/GLints/dict_16_192_64_0p5_0p02_0054_0005.uasset" 5998
"/Engine/EngineMaterials/Substrate/GLints/dict_16_192_64_0p5_0p02_0053_0004" 5999
"/Engine/EngineMaterials/Substrate/GLints/dict_16_192_64_0p5_0p02_0053_0003" 6000
"/Engine/EngineMaterials/Substrate/GLints/dict_16_192_64_0p5_0p02_0053_0002" 6001
"/Engine/EngineMaterials/Substrate/GLints/dict_16_192_64_0p5_0p02_0053_0001" 6002
"/Engine/EngineMaterials/Substrate/GLints/dict_16_192_64_0p5_0p02_0053_0000" 6003
"/Engine/EngineMaterials/Substrate/GLints/dict_16_192_64_0p5_0p02_0052_0015" 6004
"/Engine/EngineMaterials/Substrate/GLints/dict_16_192_64_0p5_0p02_0052_0014" 6005
"/Engine/EngineMaterials/Substrate/GLints/dict_16_192_64_0p5_0p02_0052_0013" 6006
"/Engine/EngineMaterials/Substrate/GLints/dict_16_192_64_0p5_0p02_0052_0012" 6007
"/Engine/EngineMaterials/Substrate/GLints/dict_16_192_64_0p5_0p02_0052_0011" 6008
"/Engine/EngineMaterials/Substrate/GLints/dict_16_192_64_0p5_0p02_0052_0010" 6009
"/Engine/EngineMaterials/Substrate/GLints/dict_16_192_64_0p5_0p02_0052_0009" 6010
"/Engine/EngineMaterials/Substrate/GLints/dict_16_192_64_0p5_0p02_0052_0008" 6011
"/Engine/EngineMaterials/Substrate/GLints/dict_16_192_64_0p5_0p02_0052_0007" 6012
"/Engine/EngineMaterials/Substrate/GLints/dict_16_192_64_0p5_0p02_0052_0006" 6013
"/Engine/EngineMaterials/Substrate/GLints/dict_16_192_64_0p5_0p02_0054_0005" 6014
"../../../Engine/Content/EngineMaterials/Substrate/GLints/dict_16_192_64_0p5_0p02_0054_0009.uasset" 6015
"../../../Engine/Content/EngineMaterials/Substrate/GLints/dict_16_192_64_0p5_0p02_0054_0008.uasset" 6016
"../../../Engine/Content/EngineMaterials/Substrate/GLints/dict_16_192_64_0p5_0p02_0054_0006.uasset" 6017
"../../../Engine/Content/EngineMaterials/Substrate/GLints/dict_16_192_64_0p5_0p02_0054_0007.uasset" 6018
"../../../Engine/Content/EngineMaterials/Substrate/GLints/dict_16_192_64_0p5_0p02_0054_0010.uasset" 6019
"/Engine/EngineMaterials/Substrate/GLints/dict_16_192_64_0p5_0p02_0054_0004" 6020
"../../../Engine/Content/EngineMaterials/Substrate/GLints/dict_16_192_64_0p5_0p02_0054_0014.uasset" 6021
"../../../Engine/Content/EngineMaterials/Substrate/GLints/dict_16_192_64_0p5_0p02_0054_0011.uasset" 6022
"../../../Engine/Content/EngineMaterials/Substrate/GLints/dict_16_192_64_0p5_0p02_0055_0000.uasset" 6023
"../../../Engine/Content/EngineMaterials/Substrate/GLints/dict_16_192_64_0p5_0p02_0054_0015.uasset" 6024
"../../../Engine/Content/EngineMaterials/Substrate/GLints/dict_16_192_64_0p5_0p02_0055_0003.uasset" 6025
"../../../Engine/Content/EngineMaterials/Substrate/GLints/dict_16_192_64_0p5_0p02_0054_0013.uasset" 6026
"../../../Engine/Content/EngineMaterials/Substrate/GLints/dict_16_192_64_0p5_0p02_0055_0002.uasset" 6027
"../../../Engine/Content/EngineMaterials/Substrate/GLints/dict_16_192_64_0p5_0p02_0055_0001.uasset" 6028
"../../../Engine/Content/EngineMaterials/Substrate/GLints/dict_16_192_64_0p5_0p02_0054_0012.uasset" 6029
"../../../Engine/Content/EngineMaterials/Substrate/GLints/dict_16_192_64_0p5_0p02_0055_0006.uasset" 6030
"../../../Engine/Content/EngineMaterials/Substrate/GLints/dict_16_192_64_0p5_0p02_0055_0004.uasset" 6031
"../../../Engine/Content/EngineMaterials/Substrate/GLints/dict_16_192_64_0p5_0p02_0055_0005.uasset" 6032
"/Engine/EngineMaterials/Substrate/GLints/dict_16_192_64_0p5_0p02_0054_0003" 6033
"/Engine/EngineMaterials/Substrate/GLints/dict_16_192_64_0p5_0p02_0054_0002" 6034
"/Engine/EngineMaterials/Substrate/GLints/dict_16_192_64_0p5_0p02_0054_0001" 6035
"/Engine/EngineMaterials/Substrate/GLints/dict_16_192_64_0p5_0p02_0054_0000" 6036
"/Engine/EngineMaterials/Substrate/GLints/dict_16_192_64_0p5_0p02_0053_0015" 6037
"/Engine/EngineMaterials/Substrate/GLints/dict_16_192_64_0p5_0p02_0053_0014" 6038
"/Engine/EngineMaterials/Substrate/GLints/dict_16_192_64_0p5_0p02_0053_0013" 6039
"/Engine/EngineMaterials/Substrate/GLints/dict_16_192_64_0p5_0p02_0053_0012" 6040
"/Engine/EngineMaterials/Substrate/GLints/dict_16_192_64_0p5_0p02_0053_0011" 6041
"/Engine/EngineMaterials/Substrate/GLints/dict_16_192_64_0p5_0p02_0053_0010" 6042
"/Engine/EngineMaterials/Substrate/GLints/dict_16_192_64_0p5_0p02_0053_0009" 6043
"/Engine/EngineMaterials/Substrate/GLints/dict_16_192_64_0p5_0p02_0053_0008" 6044
"/Engine/EngineMaterials/Substrate/GLints/dict_16_192_64_0p5_0p02_0053_0007" 6045
"/Engine/EngineMaterials/Substrate/GLints/dict_16_192_64_0p5_0p02_0055_0006" 6046
"../../../Engine/Content/EngineMaterials/Substrate/GLints/dict_16_192_64_0p5_0p02_0055_0008.uasset" 6047
"../../../Engine/Content/EngineMaterials/Substrate/GLints/dict_16_192_64_0p5_0p02_0055_0007.uasset" 6048
"../../../Engine/Content/EngineMaterials/Substrate/GLints/dict_16_192_64_0p5_0p02_0055_0009.uasset" 6049
"../../../Engine/Content/EngineMaterials/Substrate/GLints/dict_16_192_64_0p5_0p02_0055_0010.uasset" 6050
"../../../Engine/Content/EngineMaterials/Substrate/GLints/dict_16_192_64_0p5_0p02_0055_0011.uasset" 6051
"../../../Engine/Content/EngineMaterials/Substrate/GLints/dict_16_192_64_0p5_0p02_0055_0012.uasset" 6052
"../../../Engine/Content/EngineMaterials/Substrate/GLints/dict_16_192_64_0p5_0p02_0056_0000.uasset" 6053
"../../../Engine/Content/EngineMaterials/Substrate/GLints/dict_16_192_64_0p5_0p02_0055_0014.uasset" 6054
"/Engine/EngineMaterials/Substrate/GLints/dict_16_192_64_0p5_0p02_0055_0005" 6055
"../../../Engine/Content/EngineMaterials/Substrate/GLints/dict_16_192_64_0p5_0p02_0055_0013.uasset" 6056
"../../../Engine/Content/EngineMaterials/Substrate/GLints/dict_16_192_64_0p5_0p02_0055_0015.uasset" 6057
"../../../Engine/Content/EngineMaterials/Substrate/GLints/dict_16_192_64_0p5_0p02_0056_0005.uasset" 6058
"../../../Engine/Content/EngineMaterials/Substrate/GLints/dict_16_192_64_0p5_0p02_0056_0004.uasset" 6059
"../../../Engine/Content/EngineMaterials/Substrate/GLints/dict_16_192_64_0p5_0p02_0056_0001.uasset" 6060
"../../../Engine/Content/EngineMaterials/Substrate/GLints/dict_16_192_64_0p5_0p02_0056_0003.uasset" 6061
"../../../Engine/Content/EngineMaterials/Substrate/GLints/dict_16_192_64_0p5_0p02_0056_0002.uasset" 6062
"/Engine/EngineMaterials/Substrate/GLints/dict_16_192_64_0p5_0p02_0055_0004" 6063
"/Engine/EngineMaterials/Substrate/GLints/dict_16_192_64_0p5_0p02_0055_0003" 6064
"/Engine/EngineMaterials/Substrate/GLints/dict_16_192_64_0p5_0p02_0055_0002" 6065
"/Engine/EngineMaterials/Substrate/GLints/dict_16_192_64_0p5_0p02_0055_0001" 6066
"/Engine/EngineMaterials/Substrate/GLints/dict_16_192_64_0p5_0p02_0055_0000" 6067
"/Engine/EngineMaterials/Substrate/GLints/dict_16_192_64_0p5_0p02_0054_0015" 6068
"/Engine/EngineMaterials/Substrate/GLints/dict_16_192_64_0p5_0p02_0054_0014" 6069
"/Engine/EngineMaterials/Substrate/GLints/dict_16_192_64_0p5_0p02_0054_0013" 6070
"/Engine/EngineMaterials/Substrate/GLints/dict_16_192_64_0p5_0p02_0054_0012" 6071
"/Engine/EngineMaterials/Substrate/GLints/dict_16_192_64_0p5_0p02_0054_0011" 6072
"/Engine/EngineMaterials/Substrate/GLints/dict_16_192_64_0p5_0p02_0054_0010" 6073
"/Engine/EngineMaterials/Substrate/GLints/dict_16_192_64_0p5_0p02_0054_0009" 6074
"/Engine/EngineMaterials/Substrate/GLints/dict_16_192_64_0p5_0p02_0054_0008" 6075
"/Engine/EngineMaterials/Substrate/GLints/dict_16_192_64_0p5_0p02_0054_0007" 6076
"/Engine/EngineMaterials/Substrate/GLints/dict_16_192_64_0p5_0p02_0054_0006" 6077
"/Engine/EngineMaterials/Substrate/GLints/dict_16_192_64_0p5_0p02_0056_0005" 6078
"../../../Engine/Content/EngineMaterials/Substrate/GLints/dict_16_192_64_0p5_0p02_0056_0007.uasset" 6079
"../../../Engine/Content/EngineMaterials/Substrate/GLints/dict_16_192_64_0p5_0p02_0056_0006.uasset" 6080
"../../../Engine/Content/EngineMaterials/Substrate/GLints/dict_16_192_64_0p5_0p02_0056_0008.uasset" 6081
"../../../Engine/Content/EngineMaterials/Substrate/GLints/dict_16_192_64_0p5_0p02_0056_0013.uasset" 6082
"../../../Engine/Content/EngineMaterials/Substrate/GLints/dict_16_192_64_0p5_0p02_0056_0009.uasset" 6083
"../../../Engine/Content/EngineMaterials/Substrate/GLints/dict_16_192_64_0p5_0p02_0057_0002.uasset" 6084
"../../../Engine/Content/EngineMaterials/Substrate/GLints/dict_16_192_64_0p5_0p02_0056_0011.uasset" 6085
"../../../Engine/Content/EngineMaterials/Substrate/GLints/dict_16_192_64_0p5_0p02_0056_0012.uasset" 6086
"../../../Engine/Content/EngineMaterials/Substrate/GLints/dict_16_192_64_0p5_0p02_0057_0005.uasset" 6087
"../../../Engine/Content/EngineMaterials/Substrate/GLints/dict_16_192_64_0p5_0p02_0056_0015.uasset" 6088
"../../../Engine/Content/EngineMaterials/Substrate/GLints/dict_16_192_64_0p5_0p02_0056_0014.uasset" 6089
"../../../Engine/Content/EngineMaterials/Substrate/GLints/dict_16_192_64_0p5_0p02_0057_0001.uasset" 6090
"../../../Engine/Content/EngineMaterials/Substrate/GLints/dict_16_192_64_0p5_0p02_0057_0006.uasset" 6091
"../../../Engine/Content/EngineMaterials/Substrate/GLints/dict_16_192_64_0p5_0p02_0057_0003.uasset" 6092
"/Engine/EngineMaterials/Substrate/GLints/dict_16_192_64_0p5_0p02_0056_0004" 6093
"../../../Engine/Content/EngineMaterials/Substrate/GLints/dict_16_192_64_0p5_0p02_0056_0010.uasset" 6094
"../../../Engine/Content/EngineMaterials/Substrate/GLints/dict_16_192_64_0p5_0p02_0057_0004.uasset" 6095
"../../../Engine/Content/EngineMaterials/Substrate/GLints/dict_16_192_64_0p5_0p02_0057_0000.uasset" 6096
"/Engine/EngineMaterials/Substrate/GLints/dict_16_192_64_0p5_0p02_0056_0003" 6097
"/Engine/EngineMaterials/Substrate/GLints/dict_16_192_64_0p5_0p02_0056_0002" 6098
"/Engine/EngineMaterials/Substrate/GLints/dict_16_192_64_0p5_0p02_0056_0001" 6099
"/Engine/EngineMaterials/Substrate/GLints/dict_16_192_64_0p5_0p02_0056_0000" 6100
"/Engine/EngineMaterials/Substrate/GLints/dict_16_192_64_0p5_0p02_0055_0015" 6101
"/Engine/EngineMaterials/Substrate/GLints/dict_16_192_64_0p5_0p02_0055_0014" 6102
"/Engine/EngineMaterials/Substrate/GLints/dict_16_192_64_0p5_0p02_0055_0013" 6103
"/Engine/EngineMaterials/Substrate/GLints/dict_16_192_64_0p5_0p02_0055_0012" 6104
"/Engine/EngineMaterials/Substrate/GLints/dict_16_192_64_0p5_0p02_0055_0011" 6105
"/Engine/EngineMaterials/Substrate/GLints/dict_16_192_64_0p5_0p02_0055_0010" 6106
"/Engine/EngineMaterials/Substrate/GLints/dict_16_192_64_0p5_0p02_0055_0009" 6107
"/Engine/EngineMaterials/Substrate/GLints/dict_16_192_64_0p5_0p02_0055_0008" 6108
"/Engine/EngineMaterials/Substrate/GLints/dict_16_192_64_0p5_0p02_0055_0007" 6109
"/Engine/EngineMaterials/Substrate/GLints/dict_16_192_64_0p5_0p02_0057_0006" 6110
"../../../Engine/Content/EngineMaterials/Substrate/GLints/dict_16_192_64_0p5_0p02_0057_0007.uasset" 6111
"../../../Engine/Content/EngineMaterials/Substrate/GLints/dict_16_192_64_0p5_0p02_0057_0008.uasset" 6112
"/Engine/EngineMaterials/Substrate/GLints/dict_16_192_64_0p5_0p02_0057_0005" 6113
"../../../Engine/Content/EngineMaterials/Substrate/GLints/dict_16_192_64_0p5_0p02_0057_0013.uasset" 6114
"../../../Engine/Content/EngineMaterials/Substrate/GLints/dict_16_192_64_0p5_0p02_0057_0010.uasset" 6115
"../../../Engine/Content/EngineMaterials/Substrate/GLints/dict_16_192_64_0p5_0p02_0057_0012.uasset" 6116
"../../../Engine/Content/EngineMaterials/Substrate/GLints/dict_16_192_64_0p5_0p02_0057_0015.uasset" 6117
"../../../Engine/Content/EngineMaterials/Substrate/GLints/dict_16_192_64_0p5_0p02_0058_0001.uasset" 6118
"../../../Engine/Content/EngineMaterials/Substrate/GLints/dict_16_192_64_0p5_0p02_0058_0003.uasset" 6119
"../../../Engine/Content/EngineMaterials/Substrate/GLints/dict_16_192_64_0p5_0p02_0057_0009.uasset" 6120
"../../../Engine/Content/EngineMaterials/Substrate/GLints/dict_16_192_64_0p5_0p02_0058_0000.uasset" 6121
"../../../Engine/Content/EngineMaterials/Substrate/GLints/dict_16_192_64_0p5_0p02_0057_0014.uasset" 6122
"../../../Engine/Content/EngineMaterials/Substrate/GLints/dict_16_192_64_0p5_0p02_0057_0011.uasset" 6123
"../../../Engine/Content/EngineMaterials/Substrate/GLints/dict_16_192_64_0p5_0p02_0058_0002.uasset" 6124
"../../../Engine/Content/EngineMaterials/Substrate/GLints/dict_16_192_64_0p5_0p02_0058_0005.uasset" 6125
"../../../Engine/Content/EngineMaterials/Substrate/GLints/dict_16_192_64_0p5_0p02_0058_0004.uasset" 6126
"/Engine/EngineMaterials/Substrate/GLints/dict_16_192_64_0p5_0p02_0057_0004" 6127
"/Engine/EngineMaterials/Substrate/GLints/dict_16_192_64_0p5_0p02_0057_0003" 6128
"/Engine/EngineMaterials/Substrate/GLints/dict_16_192_64_0p5_0p02_0057_0002" 6129
"/Engine/EngineMaterials/Substrate/GLints/dict_16_192_64_0p5_0p02_0057_0001" 6130
"/Engine/EngineMaterials/Substrate/GLints/dict_16_192_64_0p5_0p02_0057_0000" 6131
"/Engine/EngineMaterials/Substrate/GLints/dict_16_192_64_0p5_0p02_0056_0015" 6132
"/Engine/EngineMaterials/Substrate/GLints/dict_16_192_64_0p5_0p02_0056_0014" 6133
"/Engine/EngineMaterials/Substrate/GLints/dict_16_192_64_0p5_0p02_0056_0013" 6134
"/Engine/EngineMaterials/Substrate/GLints/dict_16_192_64_0p5_0p02_0056_0012" 6135
"/Engine/EngineMaterials/Substrate/GLints/dict_16_192_64_0p5_0p02_0056_0011" 6136
"/Engine/EngineMaterials/Substrate/GLints/dict_16_192_64_0p5_0p02_0056_0010" 6137
"/Engine/EngineMaterials/Substrate/GLints/dict_16_192_64_0p5_0p02_0056_0009" 6138
"/Engine/EngineMaterials/Substrate/GLints/dict_16_192_64_0p5_0p02_0056_0008" 6139
"/Engine/EngineMaterials/Substrate/GLints/dict_16_192_64_0p5_0p02_0056_0007" 6140
"/Engine/EngineMaterials/Substrate/GLints/dict_16_192_64_0p5_0p02_0056_0006" 6141
"/Engine/EngineMaterials/Substrate/GLints/dict_16_192_64_0p5_0p02_0058_0005" 6142
"../../../Engine/Content/EngineMaterials/Substrate/GLints/dict_16_192_64_0p5_0p02_0058_0009.uasset" 6143
"../../../Engine/Content/EngineMaterials/Substrate/GLints/dict_16_192_64_0p5_0p02_0058_0008.uasset" 6144
"/Engine/EngineMaterials/Substrate/GLints/dict_16_192_64_0p5_0p02_0058_0004" 6145
"../../../Engine/Content/EngineMaterials/Substrate/GLints/dict_16_192_64_0p5_0p02_0058_0007.uasset" 6146
"../../../Engine/Content/EngineMaterials/Substrate/GLints/dict_16_192_64_0p5_0p02_0058_0010.uasset" 6147
"../../../Engine/Content/EngineMaterials/Substrate/GLints/dict_16_192_64_0p5_0p02_0058_0012.uasset" 6148
"../../../Engine/Content/EngineMaterials/Substrate/GLints/dict_16_192_64_0p5_0p02_0058_0013.uasset" 6149
"../../../Engine/Content/EngineMaterials/Substrate/GLints/dict_16_192_64_0p5_0p02_0058_0015.uasset" 6150
"../../../Engine/Content/EngineMaterials/Substrate/GLints/dict_16_192_64_0p5_0p02_0058_0006.uasset" 6151
"../../../Engine/Content/EngineMaterials/Substrate/GLints/dict_16_192_64_0p5_0p02_0059_0001.uasset" 6152
"../../../Engine/Content/EngineMaterials/Substrate/GLints/dict_16_192_64_0p5_0p02_0059_0000.uasset" 6153
"../../../Engine/Content/EngineMaterials/Substrate/GLints/dict_16_192_64_0p5_0p02_0058_0011.uasset" 6154
"../../../Engine/Content/EngineMaterials/Substrate/GLints/dict_16_192_64_0p5_0p02_0059_0003.uasset" 6155
"../../../Engine/Content/EngineMaterials/Substrate/GLints/dict_16_192_64_0p5_0p02_0058_0014.uasset" 6156
"../../../Engine/Content/EngineMaterials/Substrate/GLints/dict_16_192_64_0p5_0p02_0059_0002.uasset" 6157
"/Engine/EngineMaterials/Substrate/GLints/dict_16_192_64_0p5_0p02_0058_0003" 6158
"../../../Engine/Content/EngineMaterials/Substrate/GLints/dict_16_192_64_0p5_0p02_0059_0005.uasset" 6159
"../../../Engine/Content/EngineMaterials/Substrate/GLints/dict_16_192_64_0p5_0p02_0059_0006.uasset" 6160
"../../../Engine/Content/EngineMaterials/Substrate/GLints/dict_16_192_64_0p5_0p02_0059_0004.uasset" 6161
"/Engine/EngineMaterials/Substrate/GLints/dict_16_192_64_0p5_0p02_0058_0002" 6162
"/Engine/EngineMaterials/Substrate/GLints/dict_16_192_64_0p5_0p02_0058_0001" 6163
"/Engine/EngineMaterials/Substrate/GLints/dict_16_192_64_0p5_0p02_0058_0000" 6164
"/Engine/EngineMaterials/Substrate/GLints/dict_16_192_64_0p5_0p02_0057_0015" 6165
"/Engine/EngineMaterials/Substrate/GLints/dict_16_192_64_0p5_0p02_0057_0014" 6166
"/Engine/EngineMaterials/Substrate/GLints/dict_16_192_64_0p5_0p02_0057_0013" 6167
"/Engine/EngineMaterials/Substrate/GLints/dict_16_192_64_0p5_0p02_0057_0012" 6168
"/Engine/EngineMaterials/Substrate/GLints/dict_16_192_64_0p5_0p02_0057_0011" 6169
"/Engine/EngineMaterials/Substrate/GLints/dict_16_192_64_0p5_0p02_0057_0010" 6170
"/Engine/EngineMaterials/Substrate/GLints/dict_16_192_64_0p5_0p02_0057_0009" 6171
"/Engine/EngineMaterials/Substrate/GLints/dict_16_192_64_0p5_0p02_0057_0008" 6172
"/Engine/EngineMaterials/Substrate/GLints/dict_16_192_64_0p5_0p02_0057_0007" 6173
"/Engine/EngineMaterials/Substrate/GLints/dict_16_192_64_0p5_0p02_0059_0006" 6174
"../../../Engine/Content/EngineMaterials/Substrate/GLints/dict_16_192_64_0p5_0p02_0059_0010.uasset" 6175
"../../../Engine/Content/EngineMaterials/Substrate/GLints/dict_16_192_64_0p5_0p02_0059_0009.uasset" 6176
"/Engine/EngineMaterials/Substrate/GLints/dict_16_192_64_0p5_0p02_0059_0005" 6177
"../../../Engine/Content/EngineMaterials/Substrate/GLints/dict_16_192_64_0p5_0p02_0059_0007.uasset" 6178
"../../../Engine/Content/EngineMaterials/Substrate/GLints/dict_16_192_64_0p5_0p02_0059_0015.uasset" 6179
"../../../Engine/Content/EngineMaterials/Substrate/GLints/dict_16_192_64_0p5_0p02_0059_0013.uasset" 6180
"../../../Engine/Content/EngineMaterials/Substrate/GLints/dict_16_192_64_0p5_0p02_0060_0004.uasset" 6181
"../../../Engine/Content/EngineMaterials/Substrate/GLints/dict_16_192_64_0p5_0p02_0060_0003.uasset" 6182
"../../../Engine/Content/EngineMaterials/Substrate/GLints/dict_16_192_64_0p5_0p02_0060_0001.uasset" 6183
"../../../Engine/Content/EngineMaterials/Substrate/GLints/dict_16_192_64_0p5_0p02_0059_0008.uasset" 6184
"../../../Engine/Content/EngineMaterials/Substrate/GLints/dict_16_192_64_0p5_0p02_0060_0000.uasset" 6185
"../../../Engine/Content/EngineMaterials/Substrate/GLints/dict_16_192_64_0p5_0p02_0059_0012.uasset" 6186
"../../../Engine/Content/EngineMaterials/Substrate/GLints/dict_16_192_64_0p5_0p02_0060_0002.uasset" 6187
"../../../Engine/Content/EngineMaterials/Substrate/GLints/dict_16_192_64_0p5_0p02_0059_0011.uasset" 6188
"../../../Engine/Content/EngineMaterials/Substrate/GLints/dict_16_192_64_0p5_0p02_0060_0005.uasset" 6189
"../../../Engine/Content/EngineMaterials/Substrate/GLints/dict_16_192_64_0p5_0p02_0059_0014.uasset" 6190
"/Engine/EngineMaterials/Substrate/GLints/dict_16_192_64_0p5_0p02_0059_0004" 6191
"/Engine/EngineMaterials/Substrate/GLints/dict_16_192_64_0p5_0p02_0059_0003" 6192
"/Engine/EngineMaterials/Substrate/GLints/dict_16_192_64_0p5_0p02_0059_0002" 6193
"/Engine/EngineMaterials/Substrate/GLints/dict_16_192_64_0p5_0p02_0059_0001" 6194
"/Engine/EngineMaterials/Substrate/GLints/dict_16_192_64_0p5_0p02_0059_0000" 6195
"/Engine/EngineMaterials/Substrate/GLints/dict_16_192_64_0p5_0p02_0058_0015" 6196
"/Engine/EngineMaterials/Substrate/GLints/dict_16_192_64_0p5_0p02_0058_0014" 6197
"/Engine/EngineMaterials/Substrate/GLints/dict_16_192_64_0p5_0p02_0058_0013" 6198
"/Engine/EngineMaterials/Substrate/GLints/dict_16_192_64_0p5_0p02_0058_0012" 6199
"/Engine/EngineMaterials/Substrate/GLints/dict_16_192_64_0p5_0p02_0058_0011" 6200
"/Engine/EngineMaterials/Substrate/GLints/dict_16_192_64_0p5_0p02_0058_0010" 6201
"/Engine/EngineMaterials/Substrate/GLints/dict_16_192_64_0p5_0p02_0058_0009" 6202
"/Engine/EngineMaterials/Substrate/GLints/dict_16_192_64_0p5_0p02_0058_0008" 6203
"/Engine/EngineMaterials/Substrate/GLints/dict_16_192_64_0p5_0p02_0058_0007" 6204
"/Engine/EngineMaterials/Substrate/GLints/dict_16_192_64_0p5_0p02_0058_0006" 6205
"/Engine/EngineMaterials/Substrate/GLints/dict_16_192_64_0p5_0p02_0060_0005" 6206
"../../../Engine/Content/EngineMaterials/Substrate/GLints/dict_16_192_64_0p5_0p02_0060_0006.uasset" 6207
"../../../Engine/Content/EngineMaterials/Substrate/GLints/dict_16_192_64_0p5_0p02_0060_0007.uasset" 6208
"../../../Engine/Content/EngineMaterials/Substrate/GLints/dict_16_192_64_0p5_0p02_0060_0009.uasset" 6209
"../../../Engine/Content/EngineMaterials/Substrate/GLints/dict_16_192_64_0p5_0p02_0060_0011.uasset" 6210
"../../../Engine/Content/EngineMaterials/Substrate/GLints/dict_16_192_64_0p5_0p02_0060_0008.uasset" 6211
"../../../Engine/Content/EngineMaterials/Substrate/GLints/dict_16_192_64_0p5_0p02_0060_0010.uasset" 6212
"/Engine/EngineMaterials/Substrate/GLints/dict_16_192_64_0p5_0p02_0060_0004" 6213
"../../../Engine/Content/EngineMaterials/Substrate/GLints/dict_16_192_64_0p5_0p02_0060_0015.uasset" 6214
"../../../Engine/Content/EngineMaterials/Substrate/GLints/dict_16_192_64_0p5_0p02_0060_0012.uasset" 6215
"../../../Engine/Content/EngineMaterials/Substrate/GLints/dict_16_192_64_0p5_0p02_0061_0003.uasset" 6216
"../../../Engine/Content/EngineMaterials/Substrate/GLints/dict_16_192_64_0p5_0p02_0061_0001.uasset" 6217
"../../../Engine/Content/EngineMaterials/Substrate/GLints/dict_16_192_64_0p5_0p02_0061_0000.uasset" 6218
"../../../Engine/Content/EngineMaterials/Substrate/GLints/dict_16_192_64_0p5_0p02_0061_0002.uasset" 6219
"../../../Engine/Content/EngineMaterials/Substrate/GLints/dict_16_192_64_0p5_0p02_0060_0013.uasset" 6220
"../../../Engine/Content/EngineMaterials/Substrate/GLints/dict_16_192_64_0p5_0p02_0061_0004.uasset" 6221
"../../../Engine/Content/EngineMaterials/Substrate/GLints/dict_16_192_64_0p5_0p02_0061_0005.uasset" 6222
"../../../Engine/Content/EngineMaterials/Substrate/GLints/dict_16_192_64_0p5_0p02_0061_0006.uasset" 6223
"../../../Engine/Content/EngineMaterials/Substrate/GLints/dict_16_192_64_0p5_0p02_0060_0014.uasset" 6224
"/Engine/EngineMaterials/Substrate/GLints/dict_16_192_64_0p5_0p02_0060_0003" 6225
"/Engine/EngineMaterials/Substrate/GLints/dict_16_192_64_0p5_0p02_0060_0002" 6226
"/Engine/EngineMaterials/Substrate/GLints/dict_16_192_64_0p5_0p02_0060_0001" 6227
"/Engine/EngineMaterials/Substrate/GLints/dict_16_192_64_0p5_0p02_0060_0000" 6228
"/Engine/EngineMaterials/Substrate/GLints/dict_16_192_64_0p5_0p02_0059_0015" 6229
"/Engine/EngineMaterials/Substrate/GLints/dict_16_192_64_0p5_0p02_0059_0014" 6230
"/Engine/EngineMaterials/Substrate/GLints/dict_16_192_64_0p5_0p02_0059_0013" 6231
"/Engine/EngineMaterials/Substrate/GLints/dict_16_192_64_0p5_0p02_0059_0012" 6232
"/Engine/EngineMaterials/Substrate/GLints/dict_16_192_64_0p5_0p02_0059_0011" 6233
"/Engine/EngineMaterials/Substrate/GLints/dict_16_192_64_0p5_0p02_0059_0010" 6234
"/Engine/EngineMaterials/Substrate/GLints/dict_16_192_64_0p5_0p02_0059_0009" 6235
"/Engine/EngineMaterials/Substrate/GLints/dict_16_192_64_0p5_0p02_0059_0008" 6236
"/Engine/EngineMaterials/Substrate/GLints/dict_16_192_64_0p5_0p02_0059_0007" 6237
"/Engine/EngineMaterials/Substrate/GLints/dict_16_192_64_0p5_0p02_0061_0006" 6238
"../../../Engine/Content/EngineMaterials/Substrate/GLints/dict_16_192_64_0p5_0p02_0061_0009.uasset" 6239
"../../../Engine/Content/EngineMaterials/Substrate/GLints/dict_16_192_64_0p5_0p02_0061_0007.uasset" 6240
"../../../Engine/Content/EngineMaterials/Substrate/GLints/dict_16_192_64_0p5_0p02_0061_0010.uasset" 6241
"../../../Engine/Content/EngineMaterials/Substrate/GLints/dict_16_192_64_0p5_0p02_0061_0011.uasset" 6242
"../../../Engine/Content/EngineMaterials/Substrate/GLints/dict_16_192_64_0p5_0p02_0061_0012.uasset" 6243
"../../../Engine/Content/EngineMaterials/Substrate/GLints/dict_16_192_64_0p5_0p02_0061_0013.uasset" 6244
"../../../Engine/Content/EngineMaterials/Substrate/GLints/dict_16_192_64_0p5_0p02_0061_0008.uasset" 6245
"../../../Engine/Content/EngineMaterials/Substrate/GLints/dict_16_192_64_0p5_0p02_0062_0001.uasset" 6246
"../../../Engine/Content/EngineMaterials/Substrate/GLints/dict_16_192_64_0p5_0p02_0062_0003.uasset" 6247
"../../../Engine/Content/EngineMaterials/Substrate/GLints/dict_16_192_64_0p5_0p02_0062_0000.uasset" 6248
"../../../Engine/Content/EngineMaterials/Substrate/GLints/dict_16_192_64_0p5_0p02_0061_0015.uasset" 6249
"/Engine/EngineMaterials/Substrate/GLints/dict_16_192_64_0p5_0p02_0061_0005" 6250
"../../../Engine/Content/EngineMaterials/Substrate/GLints/dict_16_192_64_0p5_0p02_0061_0014.uasset" 6251
"../../../Engine/Content/EngineMaterials/Substrate/GLints/dict_16_192_64_0p5_0p02_0062_0002.uasset" 6252
"../../../Engine/Content/EngineMaterials/Substrate/GLints/dict_16_192_64_0p5_0p02_0062_0005.uasset" 6253
"../../../Engine/Content/EngineMaterials/Substrate/GLints/dict_16_192_64_0p5_0p02_0062_0004.uasset" 6254
"/Engine/EngineMaterials/Substrate/GLints/dict_16_192_64_0p5_0p02_0061_0004" 6255
"/Engine/EngineMaterials/Substrate/GLints/dict_16_192_64_0p5_0p02_0061_0003" 6256
"/Engine/EngineMaterials/Substrate/GLints/dict_16_192_64_0p5_0p02_0061_0002" 6257
"/Engine/EngineMaterials/Substrate/GLints/dict_16_192_64_0p5_0p02_0061_0001" 6258
"/Engine/EngineMaterials/Substrate/GLints/dict_16_192_64_0p5_0p02_0061_0000" 6259
"/Engine/EngineMaterials/Substrate/GLints/dict_16_192_64_0p5_0p02_0060_0015" 6260
"/Engine/EngineMaterials/Substrate/GLints/dict_16_192_64_0p5_0p02_0060_0014" 6261
"/Engine/EngineMaterials/Substrate/GLints/dict_16_192_64_0p5_0p02_0060_0013" 6262
"/Engine/EngineMaterials/Substrate/GLints/dict_16_192_64_0p5_0p02_0060_0012" 6263
"/Engine/EngineMaterials/Substrate/GLints/dict_16_192_64_0p5_0p02_0060_0011" 6264
"/Engine/EngineMaterials/Substrate/GLints/dict_16_192_64_0p5_0p02_0060_0010" 6265
"/Engine/EngineMaterials/Substrate/GLints/dict_16_192_64_0p5_0p02_0060_0009" 6266
"/Engine/EngineMaterials/Substrate/GLints/dict_16_192_64_0p5_0p02_0060_0008" 6267
"/Engine/EngineMaterials/Substrate/GLints/dict_16_192_64_0p5_0p02_0060_0007" 6268
"/Engine/EngineMaterials/Substrate/GLints/dict_16_192_64_0p5_0p02_0060_0006" 6269
"/Engine/EngineMaterials/Substrate/GLints/dict_16_192_64_0p5_0p02_0062_0005" 6270
"../../../Engine/Content/EngineMaterials/Substrate/GLints/dict_16_192_64_0p5_0p02_0062_0006.uasset" 6271
"../../../Engine/Content/EngineMaterials/Substrate/GLints/dict_16_192_64_0p5_0p02_0062_0008.uasset" 6272
"../../../Engine/Content/EngineMaterials/Substrate/GLints/dict_16_192_64_0p5_0p02_0062_0009.uasset" 6273
"../../../Engine/Content/EngineMaterials/Substrate/GLints/dict_16_192_64_0p5_0p02_0062_0007.uasset" 6274
"../../../Engine/Content/EngineMaterials/Substrate/GLints/dict_16_192_64_0p5_0p02_0062_0011.uasset" 6275
"/Engine/EngineMaterials/Substrate/GLints/dict_16_192_64_0p5_0p02_0062_0004" 6276
"../../../Engine/Content/EngineMaterials/Substrate/GLints/dict_16_192_64_0p5_0p02_0062_0010.uasset" 6277
"../../../Engine/Content/EngineMaterials/Substrate/GLints/dict_16_192_64_0p5_0p02_0062_0012.uasset" 6278
"../../../Engine/Content/EngineMaterials/Substrate/GLints/dict_16_192_64_0p5_0p02_0062_0015.uasset" 6279
"../../../Engine/Content/EngineMaterials/Substrate/GLints/dict_16_192_64_0p5_0p02_0063_0001.uasset" 6280
"../../../Engine/Content/EngineMaterials/Substrate/GLints/dict_16_192_64_0p5_0p02_0063_0002.uasset" 6281
"../../../Engine/Content/EngineMaterials/Substrate/GLints/dict_16_192_64_0p5_0p02_0063_0000.uasset" 6282
"../../../Engine/Content/EngineMaterials/Substrate/GLints/dict_16_192_64_0p5_0p02_0063_0003.uasset" 6283
"../../../Engine/Content/EngineMaterials/Substrate/GLints/dict_16_192_64_0p5_0p02_0062_0014.uasset" 6284
"../../../Engine/Content/EngineMaterials/Substrate/GLints/dict_16_192_64_0p5_0p02_0062_0013.uasset" 6285
"../../../Engine/Content/EngineMaterials/Substrate/GLints/dict_16_192_64_0p5_0p02_0063_0006.uasset" 6286
"../../../Engine/Content/EngineMaterials/Substrate/GLints/dict_16_192_64_0p5_0p02_0063_0004.uasset" 6287
"../../../Engine/Content/EngineMaterials/Substrate/GLints/dict_16_192_64_0p5_0p02_0063_0005.uasset" 6288
"/Engine/EngineMaterials/Substrate/GLints/dict_16_192_64_0p5_0p02_0062_0003" 6289
"/Engine/EngineMaterials/Substrate/GLints/dict_16_192_64_0p5_0p02_0062_0002" 6290
"/Engine/EngineMaterials/Substrate/GLints/dict_16_192_64_0p5_0p02_0062_0001" 6291
"/Engine/EngineMaterials/Substrate/GLints/dict_16_192_64_0p5_0p02_0062_0000" 6292
"/Engine/EngineMaterials/Substrate/GLints/dict_16_192_64_0p5_0p02_0061_0015" 6293
"/Engine/EngineMaterials/Substrate/GLints/dict_16_192_64_0p5_0p02_0061_0014" 6294
"/Engine/EngineMaterials/Substrate/GLints/dict_16_192_64_0p5_0p02_0061_0013" 6295
"/Engine/EngineMaterials/Substrate/GLints/dict_16_192_64_0p5_0p02_0061_0012" 6296
"/Engine/EngineMaterials/Substrate/GLints/dict_16_192_64_0p5_0p02_0061_0011" 6297
"/Engine/EngineMaterials/Substrate/GLints/dict_16_192_64_0p5_0p02_0061_0010" 6298
"/Engine/EngineMaterials/Substrate/GLints/dict_16_192_64_0p5_0p02_0061_0009" 6299
"/Engine/EngineMaterials/Substrate/GLints/dict_16_192_64_0p5_0p02_0061_0008" 6300
"/Engine/EngineMaterials/Substrate/GLints/dict_16_192_64_0p5_0p02_0061_0007" 6301
"/Engine/EngineMaterials/Substrate/GLints/dict_16_192_64_0p5_0p02_0063_0006" 6302
"../../../Engine/Content/EngineMaterials/Substrate/Glints2/dict_0000_0001.uasset" 6303
"../../../Engine/Content/EngineMaterials/Substrate/Glints2/dict_0000_0002.uasset" 6304
"../../../Engine/Content/EngineMaterials/Substrate/Glints2/dict_0000_0000.uasset" 6305
"../../../Engine/Content/EngineMaterials/Substrate/Glints2/dict_0000_0003.uasset" 6306
"../../../Engine/Content/EngineMaterials/Substrate/GLints/dict_16_192_64_0p5_0p02_0063_0007.uasset" 6307
"../../../Engine/Content/EngineMaterials/Substrate/GLints/dict_16_192_64_0p5_0p02_0063_0008.uasset" 6308
"../../../Engine/Content/EngineMaterials/Substrate/GLints/dict_16_192_64_0p5_0p02_0063_0010.uasset" 6309
"../../../Engine/Content/EngineMaterials/Substrate/GLints/dict_16_192_64_0p5_0p02_0063_0012.uasset" 6310
"../../../Engine/Content/EngineMaterials/Substrate/GLints/dict_16_192_64_0p5_0p02_0063_0014.uasset" 6311
"../../../Engine/Content/EngineMaterials/Substrate/GLints/AGlintTex2dArray.uasset" 6312
"../../../Engine/Content/EngineMaterials/Substrate/Glints2/dict_0000_0004.uasset" 6313
"../../../Engine/Content/EngineMaterials/Substrate/GLints/dict_16_192_64_0p5_0p02_0063_0011.uasset" 6314
"../../../Engine/Content/EngineMaterials/Substrate/GLints/dict_16_192_64_0p5_0p02_0063_0013.uasset" 6315
"../../../Engine/Content/EngineMaterials/Substrate/GLints/dict_16_192_64_0p5_0p02_0063_0015.uasset" 6316
"../../../Engine/Content/EngineMaterials/Substrate/GLints/dict_16_192_64_0p5_0p02_0063_0009.uasset" 6317
"/Engine/EngineMaterials/Substrate/GLints/dict_16_192_64_0p5_0p02_0063_0005" 6318
"/Engine/EngineMaterials/Substrate/GLints/dict_16_192_64_0p5_0p02_0063_0004" 6319
"/Engine/EngineMaterials/Substrate/GLints/dict_16_192_64_0p5_0p02_0063_0003" 6320
"/Engine/EngineMaterials/Substrate/GLints/dict_16_192_64_0p5_0p02_0063_0002" 6321
"/Engine/EngineMaterials/Substrate/GLints/dict_16_192_64_0p5_0p02_0063_0001" 6322
"/Engine/EngineMaterials/Substrate/GLints/dict_16_192_64_0p5_0p02_0063_0000" 6323
"/Engine/EngineMaterials/Substrate/GLints/dict_16_192_64_0p5_0p02_0062_0015" 6324
"/Engine/EngineMaterials/Substrate/GLints/dict_16_192_64_0p5_0p02_0062_0014" 6325
"/Engine/EngineMaterials/Substrate/GLints/dict_16_192_64_0p5_0p02_0062_0013" 6326
"/Engine/EngineMaterials/Substrate/GLints/dict_16_192_64_0p5_0p02_0062_0012" 6327
"/Engine/EngineMaterials/Substrate/GLints/dict_16_192_64_0p5_0p02_0062_0011" 6328
"/Engine/EngineMaterials/Substrate/GLints/dict_16_192_64_0p5_0p02_0062_0010" 6329
"/Engine/EngineMaterials/Substrate/GLints/dict_16_192_64_0p5_0p02_0062_0009" 6330
"/Engine/EngineMaterials/Substrate/GLints/dict_16_192_64_0p5_0p02_0062_0008" 6331
"/Engine/EngineMaterials/Substrate/GLints/dict_16_192_64_0p5_0p02_0062_0007" 6332
"/Engine/EngineMaterials/Substrate/GLints/dict_16_192_64_0p5_0p02_0062_0006" 6333
"/Engine/EngineMaterials/Substrate/Glints2/dict_0000_0004" 6334
"../../../Engine/Content/EngineMaterials/Substrate/Glints2/dict_0000_0006.uasset" 6335
"/Engine/EngineMaterials/Substrate/Glints2/dict_0000_0003" 6336
"../../../Engine/Content/EngineMaterials/Substrate/Glints2/dict_0000_0007.uasset" 6337
"../../../Engine/Content/EngineMaterials/Substrate/Glints2/dict_0000_0008.uasset" 6338
"../../../Engine/Content/EngineMaterials/Substrate/Glints2/dict_0000_0005.uasset" 6339
"../../../Engine/Content/EngineMaterials/Substrate/Glints2/dict_0000_0012.uasset" 6340
"../../../Engine/Content/EngineMaterials/Substrate/Glints2/dict_0000_0015.uasset" 6341
"../../../Engine/Content/EngineMaterials/Substrate/Glints2/dict_0000_0016.uasset" 6342
"../../../Engine/Content/EngineMaterials/Substrate/Glints2/dict_0000_0010.uasset" 6343
"../../../Engine/Content/EngineMaterials/Substrate/Glints2/dict_0000_0013.uasset" 6344
"../../../Engine/Content/EngineMaterials/Substrate/Glints2/dict_0000_0014.uasset" 6345
"../../../Engine/Content/EngineMaterials/Substrate/Glints2/dict_0000_0017.uasset" 6346
"../../../Engine/Content/EngineMaterials/Substrate/Glints2/dict_0000_0018.uasset" 6347
"../../../Engine/Content/EngineMaterials/Substrate/Glints2/dict_0000_0009.uasset" 6348
"../../../Engine/Content/EngineMaterials/Substrate/Glints2/dict_0000_0019.uasset" 6349
"../../../Engine/Content/EngineMaterials/Substrate/Glints2/dict_0000_0011.uasset" 6350
"../../../Engine/Content/EngineMaterials/Substrate/Glints2/dict_0000_0021.uasset" 6351
"../../../Engine/Content/EngineMaterials/Substrate/Glints2/dict_0000_0020.uasset" 6352
"/Engine/EngineMaterials/Substrate/Glints2/dict_0000_0002" 6353
"/Engine/EngineMaterials/Substrate/Glints2/dict_0000_0001" 6354
"/Engine/EngineMaterials/Substrate/Glints2/dict_0000_0000" 6355
"/Engine/EngineMaterials/Substrate/GLints/AGlintTex2dArray" 6356
"/Engine/EngineMaterials/Substrate/Glints2/dict_0000_0021" 6357
"../../../Engine/Content/EngineMaterials/Substrate/Glints2/dict_0000_0024.uasset" 6358
"../../../Engine/Content/EngineMaterials/Substrate/Glints2/dict_0000_0023.uasset" 6359
"../../../Engine/Content/EngineMaterials/Substrate/Glints2/dict_0000_0029.uasset" 6360
"../../../Engine/Content/EngineMaterials/Substrate/Glints2/dict_0000_0022.uasset" 6361
"../../../Engine/Content/EngineMaterials/Substrate/Glints2/dict_0000_0033.uasset" 6362
"../../../Engine/Content/EngineMaterials/Substrate/Glints2/dict_0000_0028.uasset" 6363
"/Engine/EngineMaterials/Substrate/Glints2/dict_0000_0020" 6364
"../../../Engine/Content/EngineMaterials/Substrate/Glints2/dict_0000_0034.uasset" 6365
"../../../Engine/Content/EngineMaterials/Substrate/Glints2/dict_0000_0035.uasset" 6366
"../../../Engine/Content/EngineMaterials/Substrate/Glints2/dict_0000_0032.uasset" 6367
"../../../Engine/Content/EngineMaterials/Substrate/Glints2/dict_0000_0036.uasset" 6368
"../../../Engine/Content/EngineMaterials/Substrate/Glints2/dict_0000_0031.uasset" 6369
"../../../Engine/Content/EngineMaterials/Substrate/Glints2/dict_0000_0026.uasset" 6370
"../../../Engine/Content/EngineMaterials/Substrate/Glints2/dict_0000_0030.uasset" 6371
"../../../Engine/Content/EngineMaterials/Substrate/Glints2/dict_0000_0027.uasset" 6372
"../../../Engine/Content/EngineMaterials/Substrate/Glints2/dict_0000_0025.uasset" 6373
"/Engine/EngineMaterials/Substrate/Glints2/dict_0000_0019" 6374
"/Engine/EngineMaterials/Substrate/Glints2/dict_0000_0018" 6375
"/Engine/EngineMaterials/Substrate/Glints2/dict_0000_0017" 6376
"/Engine/EngineMaterials/Substrate/Glints2/dict_0000_0016" 6377
"/Engine/EngineMaterials/Substrate/Glints2/dict_0000_0015" 6378
"/Engine/EngineMaterials/Substrate/Glints2/dict_0000_0014" 6379
"/Engine/EngineMaterials/Substrate/Glints2/dict_0000_0013" 6380
"/Engine/EngineMaterials/Substrate/Glints2/dict_0000_0012" 6381
"/Engine/EngineMaterials/Substrate/Glints2/dict_0000_0011" 6382
"/Engine/EngineMaterials/Substrate/Glints2/dict_0000_0010" 6383
"/Engine/EngineMaterials/Substrate/Glints2/dict_0000_0009" 6384
"/Engine/EngineMaterials/Substrate/Glints2/dict_0000_0008" 6385
"/Engine/EngineMaterials/Substrate/Glints2/dict_0000_0007" 6386
"/Engine/EngineMaterials/Substrate/Glints2/dict_0000_0006" 6387
"/Engine/EngineMaterials/Substrate/Glints2/dict_0000_0005" 6388
"/Engine/EngineMaterials/Substrate/Glints2/dict_0000_0036" 6389
"../../../Engine/Content/EngineMaterials/Substrate/Glints2/dict_0000_0038.uasset" 6390
"../../../Engine/Content/EngineMaterials/Substrate/Glints2/dict_0000_0041.uasset" 6391
"../../../Engine/Content/EngineMaterials/Substrate/Glints2/dict_0000_0045.uasset" 6392
"../../../Engine/Content/EngineMaterials/Substrate/Glints2/dict_0000_0046.uasset" 6393
"../../../Engine/Content/EngineMaterials/Substrate/Glints2/dict_0000_0047.uasset" 6394
"/Engine/EngineMaterials/Substrate/Glints2/dict_0000_0035" 6395
"../../../Engine/Content/EngineMaterials/Substrate/Glints2/dict_0000_0049.uasset" 6396
"../../../Engine/Content/EngineMaterials/Substrate/Glints2/dict_0000_0050.uasset" 6397
"../../../Engine/Content/EngineMaterials/Substrate/Glints2/dict_0000_0040.uasset" 6398
"../../../Engine/Content/EngineMaterials/Substrate/Glints2/dict_0000_0048.uasset" 6399
"../../../Engine/Content/EngineMaterials/Substrate/Glints2/dict_0000_0043.uasset" 6400
"../../../Engine/Content/EngineMaterials/Substrate/Glints2/dict_0000_0042.uasset" 6401
"../../../Engine/Content/EngineMaterials/Substrate/Glints2/dict_0000_0039.uasset" 6402
"../../../Engine/Content/EngineMaterials/Substrate/Glints2/dict_0000_0044.uasset" 6403
"../../../Engine/Content/EngineMaterials/Substrate/Glints2/dict_0000_0037.uasset" 6404
"../../../Engine/Content/EngineMaterials/Substrate/Glints2/dict_0000_0051.uasset" 6405
"../../../Engine/Content/EngineMaterials/Substrate/Glints2/dict_0000_0052.uasset" 6406
"../../../Engine/Content/EngineMaterials/Substrate/Glints2/dict_0000_0053.uasset" 6407
"/Engine/EngineMaterials/Substrate/Glints2/dict_0000_0034" 6408
"/Engine/EngineMaterials/Substrate/Glints2/dict_0000_0033" 6409
"/Engine/EngineMaterials/Substrate/Glints2/dict_0000_0032" 6410
"/Engine/EngineMaterials/Substrate/Glints2/dict_0000_0031" 6411
"/Engine/EngineMaterials/Substrate/Glints2/dict_0000_0030" 6412
"/Engine/EngineMaterials/Substrate/Glints2/dict_0000_0029" 6413
"/Engine/EngineMaterials/Substrate/Glints2/dict_0000_0028" 6414
"/Engine/EngineMaterials/Substrate/Glints2/dict_0000_0027" 6415
"/Engine/EngineMaterials/Substrate/Glints2/dict_0000_0026" 6416
"/Engine/EngineMaterials/Substrate/Glints2/dict_0000_0025" 6417
"/Engine/EngineMaterials/Substrate/Glints2/dict_0000_0024" 6418
"/Engine/EngineMaterials/Substrate/Glints2/dict_0000_0023" 6419
"/Engine/EngineMaterials/Substrate/Glints2/dict_0000_0022" 6420
"/Engine/EngineMaterials/Substrate/Glints2/dict_0000_0053" 6421
"../../../Engine/Content/EngineMaterials/Substrate/Glints2/dict_0000_0054.uasset" 6422
"../../../Engine/Content/EngineMaterials/Substrate/Glints2/dict_0000_0055.uasset" 6423
"../../../Engine/Content/EngineMaterials/Substrate/Glints2/dict_0000_0056.uasset" 6424
"../../../Engine/Content/EngineMaterials/Substrate/Glints2/dict_0000_0057.uasset" 6425
"../../../Engine/Content/EngineMaterials/Substrate/Glints2/dict_0000_0059.uasset" 6426
"../../../Engine/Content/EngineMaterials/Substrate/Glints2/dict_0000_0062.uasset" 6427
"../../../Engine/Content/EngineMaterials/Substrate/Glints2/dict_0000_0064.uasset" 6428
"../../../Engine/Content/EngineMaterials/Substrate/Glints2/dict_0000_0060.uasset" 6429
"../../../Engine/Content/EngineMaterials/Substrate/Glints2/dict_0000_0067.uasset" 6430
"../../../Engine/Content/EngineMaterials/Substrate/Glints2/dict_0000_0058.uasset" 6431
"../../../Engine/Content/EngineMaterials/Substrate/Glints2/dict_0000_0063.uasset" 6432
"../../../Engine/Content/EngineMaterials/Substrate/Glints2/dict_0000_0068.uasset" 6433
"../../../Engine/Content/EngineMaterials/Substrate/Glints2/dict_0000_0066.uasset" 6434
"../../../Engine/Content/EngineMaterials/Substrate/Glints2/dict_0000_0061.uasset" 6435
"../../../Engine/Content/EngineMaterials/Substrate/Glints2/dict_0000_0065.uasset" 6436
"/Engine/EngineMaterials/Substrate/Glints2/dict_0000_0052" 6437
"/Engine/EngineMaterials/Substrate/Glints2/dict_0000_0051" 6438
"/Engine/EngineMaterials/Substrate/Glints2/dict_0000_0050" 6439
"/Engine/EngineMaterials/Substrate/Glints2/dict_0000_0049" 6440
"/Engine/EngineMaterials/Substrate/Glints2/dict_0000_0048" 6441
"/Engine/EngineMaterials/Substrate/Glints2/dict_0000_0047" 6442
"/Engine/EngineMaterials/Substrate/Glints2/dict_0000_0046" 6443
"/Engine/EngineMaterials/Substrate/Glints2/dict_0000_0045" 6444
"/Engine/EngineMaterials/Substrate/Glints2/dict_0000_0044" 6445
"/Engine/EngineMaterials/Substrate/Glints2/dict_0000_0043" 6446
"/Engine/EngineMaterials/Substrate/Glints2/dict_0000_0042" 6447
"/Engine/EngineMaterials/Substrate/Glints2/dict_0000_0041" 6448
"/Engine/EngineMaterials/Substrate/Glints2/dict_0000_0040" 6449
"/Engine/EngineMaterials/Substrate/Glints2/dict_0000_0039" 6450
"/Engine/EngineMaterials/Substrate/Glints2/dict_0000_0038" 6451
"/Engine/EngineMaterials/Substrate/Glints2/dict_0000_0037" 6452
"/Engine/EngineMaterials/Substrate/Glints2/dict_0000_0068" 6453
"/Engine/EngineMaterials/Substrate/Glints2/dict_0000_0067" 6454
"../../../Engine/Content/EngineMaterials/Substrate/Glints2/dict_0000_0071.uasset" 6455
"../../../Engine/Content/EngineMaterials/Substrate/Glints2/dict_0000_0070.uasset" 6456
"../../../Engine/Content/EngineMaterials/Substrate/Glints2/dict_0000_0075.uasset" 6457
"../../../Engine/Content/EngineMaterials/Substrate/Glints2/dict_0000_0081.uasset" 6458
"../../../Engine/Content/EngineMaterials/Substrate/Glints2/dict_0000_0079.uasset" 6459
"../../../Engine/Content/EngineMaterials/Substrate/Glints2/dict_0000_0082.uasset" 6460
"../../../Engine/Content/EngineMaterials/Substrate/Glints2/dict_0000_0069.uasset" 6461
"../../../Engine/Content/EngineMaterials/Substrate/Glints2/dict_0000_0073.uasset" 6462
"../../../Engine/Content/EngineMaterials/Substrate/Glints2/dict_0000_0083.uasset" 6463
"../../../Engine/Content/EngineMaterials/Substrate/Glints2/dict_0000_0076.uasset" 6464
"../../../Engine/Content/EngineMaterials/Substrate/Glints2/dict_0000_0077.uasset" 6465
"../../../Engine/Content/EngineMaterials/Substrate/Glints2/dict_0000_0084.uasset" 6466
"../../../Engine/Content/EngineMaterials/Substrate/Glints2/dict_0000_0080.uasset" 6467
"../../../Engine/Content/EngineMaterials/Substrate/Glints2/dict_0000_0078.uasset" 6468
"../../../Engine/Content/EngineMaterials/Substrate/Glints2/dict_0000_0085.uasset" 6469
"../../../Engine/Content/EngineMaterials/Substrate/Glints2/dict_0000_0074.uasset" 6470
"../../../Engine/Content/EngineMaterials/Substrate/Glints2/dict_0000_0072.uasset" 6471
"/Engine/EngineMaterials/Substrate/Glints2/dict_0000_0066" 6472
"/Engine/EngineMaterials/Substrate/Glints2/dict_0000_0065" 6473
"/Engine/EngineMaterials/Substrate/Glints2/dict_0000_0064" 6474
"/Engine/EngineMaterials/Substrate/Glints2/dict_0000_0063" 6475
"/Engine/EngineMaterials/Substrate/Glints2/dict_0000_0062" 6476
"/Engine/EngineMaterials/Substrate/Glints2/dict_0000_0061" 6477
"/Engine/EngineMaterials/Substrate/Glints2/dict_0000_0060" 6478
"/Engine/EngineMaterials/Substrate/Glints2/dict_0000_0059" 6479
"/Engine/EngineMaterials/Substrate/Glints2/dict_0000_0058" 6480
"/Engine/EngineMaterials/Substrate/Glints2/dict_0000_0057" 6481
"/Engine/EngineMaterials/Substrate/Glints2/dict_0000_0056" 6482
"/Engine/EngineMaterials/Substrate/Glints2/dict_0000_0055" 6483
"/Engine/EngineMaterials/Substrate/Glints2/dict_0000_0054" 6484
"/Engine/EngineMaterials/Substrate/Glints2/dict_0000_0085" 6485
"../../../Engine/Content/EngineMaterials/Substrate/Glints2/dict_0000_0086.uasset" 6486
"../../../Engine/Content/EngineMaterials/Substrate/Glints2/dict_0000_0087.uasset" 6487
"../../../Engine/Content/EngineMaterials/Substrate/Glints2/dict_0000_0088.uasset" 6488
"../../../Engine/Content/EngineMaterials/Substrate/Glints2/dict_0000_0089.uasset" 6489
"/Engine/EngineMaterials/Substrate/Glints2/dict_0000_0084" 6490
"../../../Engine/Content/EngineMaterials/Substrate/Glints2/dict_0000_0091.uasset" 6491
"../../../Engine/Content/EngineMaterials/Substrate/Glints2/dict_0000_0094.uasset" 6492
"../../../Engine/Content/EngineMaterials/Substrate/Glints2/dict_0000_0095.uasset" 6493
"../../../Engine/Content/EngineMaterials/Substrate/Glints2/dict_0000_0098.uasset" 6494
"../../../Engine/Content/EngineMaterials/Substrate/Glints2/dict_0000_0099.uasset" 6495
"../../../Engine/Content/EngineMaterials/Substrate/Glints2/dict_0000_0100.uasset" 6496
"../../../Engine/Content/EngineMaterials/Substrate/Glints2/dict_0000_0090.uasset" 6497
"../../../Engine/Content/EngineMaterials/Substrate/Glints2/dict_0000_0093.uasset" 6498
"../../../Engine/Content/EngineMaterials/Substrate/Glints2/dict_0000_0096.uasset" 6499
"../../../Engine/Content/EngineMaterials/Substrate/Glints2/dict_0000_0097.uasset" 6500
"../../../Engine/Content/EngineMaterials/Substrate/Glints2/dict_0000_0092.uasset" 6501
"/Engine/EngineMaterials/Substrate/Glints2/dict_0000_0083" 6502
"/Engine/EngineMaterials/Substrate/Glints2/dict_0000_0082" 6503
"/Engine/EngineMaterials/Substrate/Glints2/dict_0000_0081" 6504
"/Engine/EngineMaterials/Substrate/Glints2/dict_0000_0080" 6505
"/Engine/EngineMaterials/Substrate/Glints2/dict_0000_0079" 6506
"/Engine/EngineMaterials/Substrate/Glints2/dict_0000_0078" 6507
"/Engine/EngineMaterials/Substrate/Glints2/dict_0000_0077" 6508
"/Engine/EngineMaterials/Substrate/Glints2/dict_0000_0076" 6509
"/Engine/EngineMaterials/Substrate/Glints2/dict_0000_0075" 6510
"/Engine/EngineMaterials/Substrate/Glints2/dict_0000_0074" 6511
"/Engine/EngineMaterials/Substrate/Glints2/dict_0000_0073" 6512
"/Engine/EngineMaterials/Substrate/Glints2/dict_0000_0072" 6513
"/Engine/EngineMaterials/Substrate/Glints2/dict_0000_0071" 6514
"/Engine/EngineMaterials/Substrate/Glints2/dict_0000_0070" 6515
"/Engine/EngineMaterials/Substrate/Glints2/dict_0000_0069" 6516
"/Engine/EngineMaterials/Substrate/Glints2/dict_0000_0100" 6517
"../../../Engine/Content/EngineMaterials/Substrate/Glints2/dict_0000_0105.uasset" 6518
"../../../Engine/Content/EngineMaterials/Substrate/Glints2/dict_0000_0101.uasset" 6519
"../../../Engine/Content/EngineMaterials/Substrate/Glints2/dict_0000_0108.uasset" 6520
"../../../Engine/Content/EngineMaterials/Substrate/Glints2/dict_0000_0109.uasset" 6521
"../../../Engine/Content/EngineMaterials/Substrate/Glints2/dict_0000_0107.uasset" 6522
"../../../Engine/Content/EngineMaterials/Substrate/Glints2/dict_0000_0113.uasset" 6523
"../../../Engine/Content/EngineMaterials/Substrate/Glints2/dict_0000_0112.uasset" 6524
"../../../Engine/Content/EngineMaterials/Substrate/Glints2/dict_0000_0110.uasset" 6525
"../../../Engine/Content/EngineMaterials/Substrate/Glints2/dict_0000_0102.uasset" 6526
"../../../Engine/Content/EngineMaterials/Substrate/Glints2/dict_0000_0106.uasset" 6527
"../../../Engine/Content/EngineMaterials/Substrate/Glints2/dict_0000_0111.uasset" 6528
"../../../Engine/Content/EngineMaterials/Substrate/Glints2/dict_0000_0104.uasset" 6529
"/Engine/EngineMaterials/Substrate/Glints2/dict_0000_0099" 6530
"../../../Engine/Content/EngineMaterials/Substrate/Glints2/dict_0000_0115.uasset" 6531
"../../../Engine/Content/EngineMaterials/Substrate/Glints2/dict_0000_0117.uasset" 6532
"../../../Engine/Content/EngineMaterials/Substrate/Glints2/dict_0000_0116.uasset" 6533
"../../../Engine/Content/EngineMaterials/Substrate/Glints2/dict_0000_0114.uasset" 6534
"../../../Engine/Content/EngineMaterials/Substrate/Glints2/dict_0000_0103.uasset" 6535
"/Engine/EngineMaterials/Substrate/Glints2/dict_0000_0098" 6536
"/Engine/EngineMaterials/Substrate/Glints2/dict_0000_0097" 6537
"/Engine/EngineMaterials/Substrate/Glints2/dict_0000_0096" 6538
"/Engine/EngineMaterials/Substrate/Glints2/dict_0000_0095" 6539
"/Engine/EngineMaterials/Substrate/Glints2/dict_0000_0094" 6540
"/Engine/EngineMaterials/Substrate/Glints2/dict_0000_0093" 6541
"/Engine/EngineMaterials/Substrate/Glints2/dict_0000_0092" 6542
"/Engine/EngineMaterials/Substrate/Glints2/dict_0000_0091" 6543
"/Engine/EngineMaterials/Substrate/Glints2/dict_0000_0090" 6544
"/Engine/EngineMaterials/Substrate/Glints2/dict_0000_0089" 6545
"/Engine/EngineMaterials/Substrate/Glints2/dict_0000_0088" 6546
"/Engine/EngineMaterials/Substrate/Glints2/dict_0000_0087" 6547
"/Engine/EngineMaterials/Substrate/Glints2/dict_0000_0086" 6548
"/Engine/EngineMaterials/Substrate/Glints2/dict_0000_0117" 6549
"../../../Engine/Content/EngineMaterials/Substrate/Glints2/dict_0000_0118.uasset" 6550
"../../../Engine/Content/EngineMaterials/Substrate/Glints2/dict_0000_0119.uasset" 6551
"../../../Engine/Content/EngineMaterials/Substrate/Glints2/dict_0000_0120.uasset" 6552
"../../../Engine/Content/EngineMaterials/Substrate/Glints2/dict_0000_0121.uasset" 6553
"../../../Engine/Content/EngineMaterials/Substrate/Glints2/dict_0000_0122.uasset" 6554
"../../../Engine/Content/EngineMaterials/Substrate/Glints2/dict_0000_0123.uasset" 6555
"../../../Engine/Content/EngineMaterials/Substrate/Glints2/dict_0000_0124.uasset" 6556
"../../../Engine/Content/EngineMaterials/Substrate/Glints2/dict_0000_0125.uasset" 6557
"../../../Engine/Content/EngineMaterials/Substrate/Glints2/dict_0000_0126.uasset" 6558
"../../../Engine/Content/EngineMaterials/Substrate/Glints2/dict_0000_0130.uasset" 6559
"/Engine/EngineMaterials/Substrate/Glints2/dict_0000_0116" 6560
"../../../Engine/Content/EngineMaterials/Substrate/Glints2/dict_0000_0131.uasset" 6561
"../../../Engine/Content/EngineMaterials/Substrate/Glints2/dict_0000_0128.uasset" 6562
"../../../Engine/Content/EngineMaterials/Substrate/Glints2/dict_0000_0132.uasset" 6563
"../../../Engine/Content/EngineMaterials/Substrate/Glints2/dict_0000_0127.uasset" 6564
"../../../Engine/Content/EngineMaterials/Substrate/Glints2/dict_0000_0129.uasset" 6565
"/Engine/EngineMaterials/Substrate/Glints2/dict_0000_0115" 6566
"/Engine/EngineMaterials/Substrate/Glints2/dict_0000_0114" 6567
"/Engine/EngineMaterials/Substrate/Glints2/dict_0000_0113" 6568
"/Engine/EngineMaterials/Substrate/Glints2/dict_0000_0112" 6569
"/Engine/EngineMaterials/Substrate/Glints2/dict_0000_0111" 6570
"/Engine/EngineMaterials/Substrate/Glints2/dict_0000_0110" 6571
"/Engine/EngineMaterials/Substrate/Glints2/dict_0000_0109" 6572
"/Engine/EngineMaterials/Substrate/Glints2/dict_0000_0108" 6573
"/Engine/EngineMaterials/Substrate/Glints2/dict_0000_0107" 6574
"/Engine/EngineMaterials/Substrate/Glints2/dict_0000_0106" 6575
"/Engine/EngineMaterials/Substrate/Glints2/dict_0000_0105" 6576
"/Engine/EngineMaterials/Substrate/Glints2/dict_0000_0104" 6577
"/Engine/EngineMaterials/Substrate/Glints2/dict_0000_0103" 6578
"/Engine/EngineMaterials/Substrate/Glints2/dict_0000_0102" 6579
"/Engine/EngineMaterials/Substrate/Glints2/dict_0000_0101" 6580
"/Engine/EngineMaterials/Substrate/Glints2/dict_0000_0132" 6581
"/Engine/EngineMaterials/Substrate/Glints2/dict_0000_0131" 6582
"../../../Engine/Content/EngineMaterials/Substrate/Glints2/dict_0000_0134.uasset" 6583
"../../../Engine/Content/EngineMaterials/Substrate/Glints2/dict_0000_0133.uasset" 6584
"../../../Engine/Content/EngineMaterials/Substrate/Glints2/dict_0000_0135.uasset" 6585
"../../../Engine/Content/EngineMaterials/Substrate/Glints2/dict_0000_0136.uasset" 6586
"../../../Engine/Content/EngineMaterials/Substrate/Glints2/dict_0000_0138.uasset" 6587
"../../../Engine/Content/EngineMaterials/Substrate/Glints2/dict_0000_0137.uasset" 6588
"../../../Engine/Content/EngineMaterials/Substrate/Glints2/dict_0000_0139.uasset" 6589
"../../../Engine/Content/EngineMaterials/Substrate/Glints2/dict_0000_0146.uasset" 6590
"../../../Engine/Content/EngineMaterials/Substrate/Glints2/dict_0000_0141.uasset" 6591
"../../../Engine/Content/EngineMaterials/Substrate/Glints2/dict_0000_0140.uasset" 6592
"/Engine/EngineMaterials/Substrate/Glints2/dict_0000_0130" 6593
"../../../Engine/Content/EngineMaterials/Substrate/Glints2/dict_0000_0142.uasset" 6594
"../../../Engine/Content/EngineMaterials/Substrate/Glints2/dict_0000_0143.uasset" 6595
"../../../Engine/Content/EngineMaterials/Substrate/Glints2/dict_0000_0145.uasset" 6596
"../../../Engine/Content/EngineMaterials/Substrate/Glints2/dict_0000_0147.uasset" 6597
"../../../Engine/Content/EngineMaterials/Substrate/Glints2/dict_0000_0144.uasset" 6598
"../../../Engine/Content/EngineMaterials/Substrate/Glints2/dict_0000_0149.uasset" 6599
"../../../Engine/Content/EngineMaterials/Substrate/Glints2/dict_0000_0148.uasset" 6600
"/Engine/EngineMaterials/Substrate/Glints2/dict_0000_0129" 6601
"/Engine/EngineMaterials/Substrate/Glints2/dict_0000_0128" 6602
"/Engine/EngineMaterials/Substrate/Glints2/dict_0000_0127" 6603
"/Engine/EngineMaterials/Substrate/Glints2/dict_0000_0126" 6604
"/Engine/EngineMaterials/Substrate/Glints2/dict_0000_0125" 6605
"/Engine/EngineMaterials/Substrate/Glints2/dict_0000_0124" 6606
"/Engine/EngineMaterials/Substrate/Glints2/dict_0000_0123" 6607
"/Engine/EngineMaterials/Substrate/Glints2/dict_0000_0122" 6608
"/Engine/EngineMaterials/Substrate/Glints2/dict_0000_0121" 6609
"/Engine/EngineMaterials/Substrate/Glints2/dict_0000_0120" 6610
"/Engine/EngineMaterials/Substrate/Glints2/dict_0000_0119" 6611
"/Engine/EngineMaterials/Substrate/Glints2/dict_0000_0118" 6612
"/Engine/EngineMaterials/Substrate/Glints2/dict_0000_0149" 6613
"../../../Engine/Content/EngineMaterials/Substrate/Glints2/dict_0000_0152.uasset" 6614
"../../../Engine/Content/EngineMaterials/Substrate/Glints2/dict_0000_0150.uasset" 6615
"../../../Engine/Content/EngineMaterials/Substrate/Glints2/dict_0000_0151.uasset" 6616
"../../../Engine/Content/EngineMaterials/Substrate/Glints2/dict_0000_0154.uasset" 6617
"../../../Engine/Content/EngineMaterials/Substrate/Glints2/dict_0000_0153.uasset" 6618
"../../../Engine/Content/EngineMaterials/Substrate/Glints2/dict_0000_0155.uasset" 6619
"../../../Engine/Content/EngineMaterials/Substrate/Glints2/dict_0000_0159.uasset" 6620
"../../../Engine/Content/EngineMaterials/Substrate/Glints2/dict_0000_0156.uasset" 6621
"../../../Engine/Content/EngineMaterials/Substrate/Glints2/dict_0000_0163.uasset" 6622
"../../../Engine/Content/EngineMaterials/Substrate/Glints2/dict_0000_0161.uasset" 6623
"../../../Engine/Content/EngineMaterials/Substrate/Glints2/dict_0000_0157.uasset" 6624
"../../../Engine/Content/EngineMaterials/Substrate/Glints2/dict_0000_0158.uasset" 6625
"/Engine/EngineMaterials/Substrate/Glints2/dict_0000_0148" 6626
"../../../Engine/Content/EngineMaterials/Substrate/Glints2/dict_0000_0164.uasset" 6627
"../../../Engine/Content/EngineMaterials/Substrate/Glints2/dict_0000_0162.uasset" 6628
"../../../Engine/Content/EngineMaterials/Substrate/Glints2/dict_0000_0160.uasset" 6629
"/Engine/EngineMaterials/Substrate/Glints2/dict_0000_0147" 6630
"/Engine/EngineMaterials/Substrate/Glints2/dict_0000_0146" 6631
"/Engine/EngineMaterials/Substrate/Glints2/dict_0000_0145" 6632
"/Engine/EngineMaterials/Substrate/Glints2/dict_0000_0144" 6633
"/Engine/EngineMaterials/Substrate/Glints2/dict_0000_0143" 6634
"/Engine/EngineMaterials/Substrate/Glints2/dict_0000_0142" 6635
"/Engine/EngineMaterials/Substrate/Glints2/dict_0000_0141" 6636
"/Engine/EngineMaterials/Substrate/Glints2/dict_0000_0140" 6637
"/Engine/EngineMaterials/Substrate/Glints2/dict_0000_0139" 6638
"/Engine/EngineMaterials/Substrate/Glints2/dict_0000_0138" 6639
"/Engine/EngineMaterials/Substrate/Glints2/dict_0000_0137" 6640
"/Engine/EngineMaterials/Substrate/Glints2/dict_0000_0136" 6641
"/Engine/EngineMaterials/Substrate/Glints2/dict_0000_0135" 6642
"/Engine/EngineMaterials/Substrate/Glints2/dict_0000_0134" 6643
"/Engine/EngineMaterials/Substrate/Glints2/dict_0000_0133" 6644
"/Engine/EngineMaterials/Substrate/Glints2/dict_0000_0164" 6645
"../../../Engine/Content/EngineMaterials/Substrate/Glints2/dict_0000_0165.uasset" 6646
"/Engine/EngineMaterials/Substrate/Glints2/dict_0000_0163" 6647
"../../../Engine/Content/EngineMaterials/Substrate/Glints2/dict_0000_0166.uasset" 6648
"../../../Engine/Content/EngineMaterials/Substrate/Glints2/dict_0000_0168.uasset" 6649
"../../../Engine/Content/EngineMaterials/Substrate/Glints2/dict_0000_0171.uasset" 6650
"../../../Engine/Content/EngineMaterials/Substrate/Glints2/dict_0000_0169.uasset" 6651
"../../../Engine/Content/EngineMaterials/Substrate/Glints2/dict_0000_0167.uasset" 6652
"../../../Engine/Content/EngineMaterials/Substrate/Glints2/dict_0000_0172.uasset" 6653
"/Engine/EngineMaterials/Substrate/Glints2/dict_0000_0162" 6654
"../../../Engine/Content/EngineMaterials/Substrate/Glints2/dict_0000_0170.uasset" 6655
"../../../Engine/Content/EngineMaterials/Substrate/Glints2/dict_0000_0173.uasset" 6656
"../../../Engine/Content/EngineMaterials/Substrate/Glints2/dict_0000_0174.uasset" 6657
"../../../Engine/Content/EngineMaterials/Substrate/Glints2/dict_0000_0177.uasset" 6658
"../../../Engine/Content/EngineMaterials/Substrate/Glints2/dict_0000_0178.uasset" 6659
"../../../Engine/Content/EngineMaterials/Substrate/Glints2/dict_0000_0176.uasset" 6660
"../../../Engine/Content/EngineMaterials/Substrate/Glints2/dict_0000_0181.uasset" 6661
"../../../Engine/Content/EngineMaterials/Substrate/Glints2/dict_0000_0175.uasset" 6662
"../../../Engine/Content/EngineMaterials/Substrate/Glints2/dict_0000_0180.uasset" 6663
"../../../Engine/Content/EngineMaterials/Substrate/Glints2/dict_0000_0179.uasset" 6664
"/Engine/EngineMaterials/Substrate/Glints2/dict_0000_0161" 6665
"/Engine/EngineMaterials/Substrate/Glints2/dict_0000_0160" 6666
"/Engine/EngineMaterials/Substrate/Glints2/dict_0000_0159" 6667
"/Engine/EngineMaterials/Substrate/Glints2/dict_0000_0158" 6668
"/Engine/EngineMaterials/Substrate/Glints2/dict_0000_0157" 6669
"/Engine/EngineMaterials/Substrate/Glints2/dict_0000_0156" 6670
"/Engine/EngineMaterials/Substrate/Glints2/dict_0000_0155" 6671
"/Engine/EngineMaterials/Substrate/Glints2/dict_0000_0154" 6672
"/Engine/EngineMaterials/Substrate/Glints2/dict_0000_0153" 6673
"/Engine/EngineMaterials/Substrate/Glints2/dict_0000_0152" 6674
"/Engine/EngineMaterials/Substrate/Glints2/dict_0000_0151" 6675
"/Engine/EngineMaterials/Substrate/Glints2/dict_0000_0150" 6676
"/Engine/EngineMaterials/Substrate/Glints2/dict_0000_0181" 6677
"../../../Engine/Content/EngineMaterials/Substrate/Glints2/dict_0000_0183.uasset" 6678
"../../../Engine/Content/EngineMaterials/Substrate/Glints2/dict_0000_0182.uasset" 6679
"../../../Engine/Content/EngineMaterials/Substrate/Glints2/dict_0000_0185.uasset" 6680
"../../../Engine/Content/EngineMaterials/Substrate/Glints2/dict_0000_0187.uasset" 6681
"../../../Engine/Content/EngineMaterials/Substrate/Glints2/dict_0000_0184.uasset" 6682
"../../../Engine/Content/EngineMaterials/Substrate/Glints2/dict_0000_0189.uasset" 6683
"/Engine/EngineMaterials/Substrate/Glints2/dict_0000_0180" 6684
"../../../Engine/Content/EngineMaterials/Substrate/Glints2/dict_0000_0186.uasset" 6685
"../../../Engine/Content/EngineMaterials/Substrate/Glints2/dict_0000_0191.uasset" 6686
"../../../Engine/Content/EngineMaterials/Substrate/Glints2/dict_0000_0195.uasset" 6687
"../../../Engine/Content/EngineMaterials/Substrate/Glints2/dict_0000_0188.uasset" 6688
"../../../Engine/Content/EngineMaterials/Substrate/Glints2/dict_0000_0196.uasset" 6689
"../../../Engine/Content/EngineMaterials/Substrate/Glints2/dict_0000_0193.uasset" 6690
"../../../Engine/Content/EngineMaterials/Substrate/Glints2/dict_0000_0194.uasset" 6691
"../../../Engine/Content/EngineMaterials/Substrate/Glints2/dict_0000_0192.uasset" 6692
"../../../Engine/Content/EngineMaterials/Substrate/Glints2/dict_0000_0190.uasset" 6693
"/Engine/EngineMaterials/Substrate/Glints2/dict_0000_0179" 6694
"/Engine/EngineMaterials/Substrate/Glints2/dict_0000_0178" 6695
"/Engine/EngineMaterials/Substrate/Glints2/dict_0000_0177" 6696
"/Engine/EngineMaterials/Substrate/Glints2/dict_0000_0176" 6697
"/Engine/EngineMaterials/Substrate/Glints2/dict_0000_0175" 6698
"/Engine/EngineMaterials/Substrate/Glints2/dict_0000_0174" 6699
"/Engine/EngineMaterials/Substrate/Glints2/dict_0000_0173" 6700
"/Engine/EngineMaterials/Substrate/Glints2/dict_0000_0172" 6701
"/Engine/EngineMaterials/Substrate/Glints2/dict_0000_0171" 6702
"/Engine/EngineMaterials/Substrate/Glints2/dict_0000_0170" 6703
"/Engine/EngineMaterials/Substrate/Glints2/dict_0000_0169" 6704
"/Engine/EngineMaterials/Substrate/Glints2/dict_0000_0168" 6705
"/Engine/EngineMaterials/Substrate/Glints2/dict_0000_0167" 6706
"/Engine/EngineMaterials/Substrate/Glints2/dict_0000_0166" 6707
"/Engine/EngineMaterials/Substrate/Glints2/dict_0000_0165" 6708
"/Engine/EngineMaterials/Substrate/Glints2/dict_0000_0196" 6709
"../../../Engine/Content/EngineMaterials/Substrate/Glints2/dict_0000_0199.uasset" 6710
"../../../Engine/Content/EngineMaterials/Substrate/Glints2/dict_0000_0197.uasset" 6711
"../../../Engine/Content/EngineMaterials/Substrate/Glints2/dict_0000_0200.uasset" 6712
"../../../Engine/Content/EngineMaterials/Substrate/Glints2/dict_0000_0198.uasset" 6713
"../../../Engine/Content/EngineMaterials/Substrate/Glints2/dict_0000_0202.uasset" 6714
"../../../Engine/Content/EngineMaterials/Substrate/Glints2/dict_0000_0205.uasset" 6715
"../../../Engine/Content/EngineMaterials/Substrate/Glints2/dict_0000_0206.uasset" 6716
"../../../Engine/Content/EngineMaterials/Substrate/Glints2/dict_0000_0201.uasset" 6717
"../../../Engine/Content/EngineMaterials/Substrate/Glints2/dict_0000_0207.uasset" 6718
"../../../Engine/Content/EngineMaterials/Substrate/Glints2/dict_0000_0203.uasset" 6719
"../../../Engine/Content/EngineMaterials/Substrate/Glints2/dict_0000_0209.uasset" 6720
"../../../Engine/Content/EngineMaterials/Substrate/Glints2/dict_0000_0208.uasset" 6721
"../../../Engine/Content/EngineMaterials/Substrate/Glints2/dict_0000_0204.uasset" 6722
"../../../Engine/Content/EngineMaterials/Substrate/Glints2/dict_0000_0210.uasset" 6723
"../../../Engine/Content/EngineMaterials/Substrate/Glints2/dict_0000_0211.uasset" 6724
"../../../Engine/Content/EngineMaterials/Substrate/Glints2/dict_0000_0213.uasset" 6725
"../../../Engine/Content/EngineMaterials/Substrate/Glints2/dict_0000_0212.uasset" 6726
"/Engine/EngineMaterials/Substrate/Glints2/dict_0000_0195" 6727
"/Engine/EngineMaterials/Substrate/Glints2/dict_0000_0194" 6728
"/Engine/EngineMaterials/Substrate/Glints2/dict_0000_0193" 6729
"/Engine/EngineMaterials/Substrate/Glints2/dict_0000_0192" 6730
"/Engine/EngineMaterials/Substrate/Glints2/dict_0000_0191" 6731
"/Engine/EngineMaterials/Substrate/Glints2/dict_0000_0190" 6732
"/Engine/EngineMaterials/Substrate/Glints2/dict_0000_0189" 6733
"/Engine/EngineMaterials/Substrate/Glints2/dict_0000_0188" 6734
"/Engine/EngineMaterials/Substrate/Glints2/dict_0000_0187" 6735
"/Engine/EngineMaterials/Substrate/Glints2/dict_0000_0186" 6736
"/Engine/EngineMaterials/Substrate/Glints2/dict_0000_0185" 6737
"/Engine/EngineMaterials/Substrate/Glints2/dict_0000_0184" 6738
"/Engine/EngineMaterials/Substrate/Glints2/dict_0000_0183" 6739
"/Engine/EngineMaterials/Substrate/Glints2/dict_0000_0182" 6740
"/Engine/EngineMaterials/Substrate/Glints2/dict_0000_0213" 6741
"../../../Engine/Content/EngineMaterials/Substrate/Glints2/dict_0000_0214.uasset" 6742
"../../../Engine/Content/EngineMaterials/Substrate/Glints2/dict_0000_0217.uasset" 6743
"../../../Engine/Content/EngineMaterials/Substrate/Glints2/dict_0000_0215.uasset" 6744
"/Engine/EngineMaterials/Substrate/Glints2/dict_0000_0212" 6745
"../../../Engine/Content/EngineMaterials/Substrate/Glints2/dict_0000_0219.uasset" 6746
"../../../Engine/Content/EngineMaterials/Substrate/Glints2/dict_0000_0218.uasset" 6747
"../../../Engine/Content/EngineMaterials/Substrate/Glints2/dict_0000_0220.uasset" 6748
"../../../Engine/Content/EngineMaterials/Substrate/Glints2/dict_0000_0221.uasset" 6749
"../../../Engine/Content/EngineMaterials/Substrate/Glints2/dict_0000_0223.uasset" 6750
"../../../Engine/Content/EngineMaterials/Substrate/Glints2/dict_0000_0226.uasset" 6751
"../../../Engine/Content/EngineMaterials/Substrate/Glints2/dict_0000_0222.uasset" 6752
"../../../Engine/Content/EngineMaterials/Substrate/Glints2/dict_0000_0225.uasset" 6753
"../../../Engine/Content/EngineMaterials/Substrate/Glints2/dict_0000_0227.uasset" 6754
"../../../Engine/Content/EngineMaterials/Substrate/Glints2/dict_0000_0224.uasset" 6755
"../../../Engine/Content/EngineMaterials/Substrate/Glints2/dict_0000_0216.uasset" 6756
"../../../Engine/Content/EngineMaterials/Substrate/Glints2/dict_0000_0228.uasset" 6757
"/Engine/EngineMaterials/Substrate/Glints2/dict_0000_0211" 6758
"/Engine/EngineMaterials/Substrate/Glints2/dict_0000_0210" 6759
"/Engine/EngineMaterials/Substrate/Glints2/dict_0000_0209" 6760
"/Engine/EngineMaterials/Substrate/Glints2/dict_0000_0208" 6761
"/Engine/EngineMaterials/Substrate/Glints2/dict_0000_0207" 6762
"/Engine/EngineMaterials/Substrate/Glints2/dict_0000_0206" 6763
"/Engine/EngineMaterials/Substrate/Glints2/dict_0000_0205" 6764
"/Engine/EngineMaterials/Substrate/Glints2/dict_0000_0204" 6765
"/Engine/EngineMaterials/Substrate/Glints2/dict_0000_0203" 6766
"/Engine/EngineMaterials/Substrate/Glints2/dict_0000_0202" 6767
"/Engine/EngineMaterials/Substrate/Glints2/dict_0000_0201" 6768
"/Engine/EngineMaterials/Substrate/Glints2/dict_0000_0200" 6769
"/Engine/EngineMaterials/Substrate/Glints2/dict_0000_0199" 6770
"/Engine/EngineMaterials/Substrate/Glints2/dict_0000_0198" 6771
"/Engine/EngineMaterials/Substrate/Glints2/dict_0000_0197" 6772
"/Engine/EngineMaterials/Substrate/Glints2/dict_0000_0228" 6773
"../../../Engine/Content/EngineMaterials/Substrate/Glints2/dict_0000_0229.uasset" 6774
"../../../Engine/Content/EngineMaterials/Substrate/Glints2/dict_0000_0230.uasset" 6775
"../../../Engine/Content/EngineMaterials/Substrate/Glints2/dict_0000_0232.uasset" 6776
"../../../Engine/Content/EngineMaterials/Substrate/Glints2/dict_0000_0231.uasset" 6777
"../../../Engine/Content/EngineMaterials/Substrate/Glints2/dict_0000_0233.uasset" 6778
"../../../Engine/Content/EngineMaterials/Substrate/Glints2/dict_0000_0238.uasset" 6779
"../../../Engine/Content/EngineMaterials/Substrate/Glints2/dict_0000_0239.uasset" 6780
"../../../Engine/Content/EngineMaterials/Substrate/Glints2/dict_0000_0241.uasset" 6781
"/Engine/EngineMaterials/Substrate/Glints2/dict_0000_0227" 6782
"../../../Engine/Content/EngineMaterials/Substrate/Glints2/dict_0000_0236.uasset" 6783
"../../../Engine/Content/EngineMaterials/Substrate/Glints2/dict_0000_0235.uasset" 6784
"../../../Engine/Content/EngineMaterials/Substrate/Glints2/dict_0000_0234.uasset" 6785
"../../../Engine/Content/EngineMaterials/Substrate/Glints2/dict_0000_0240.uasset" 6786
"../../../Engine/Content/EngineMaterials/Substrate/Glints2/dict_0000_0242.uasset" 6787
"../../../Engine/Content/EngineMaterials/Substrate/Glints2/dict_0000_0237.uasset" 6788
"../../../Engine/Content/EngineMaterials/Substrate/Glints2/dict_0000_0244.uasset" 6789
"../../../Engine/Content/EngineMaterials/Substrate/Glints2/dict_0000_0243.uasset" 6790
"../../../Engine/Content/EngineMaterials/Substrate/Glints2/dict_0000_0245.uasset" 6791
"/Engine/EngineMaterials/Substrate/Glints2/dict_0000_0226" 6792
"/Engine/EngineMaterials/Substrate/Glints2/dict_0000_0225" 6793
"/Engine/EngineMaterials/Substrate/Glints2/dict_0000_0224" 6794
"/Engine/EngineMaterials/Substrate/Glints2/dict_0000_0223" 6795
"/Engine/EngineMaterials/Substrate/Glints2/dict_0000_0222" 6796
"/Engine/EngineMaterials/Substrate/Glints2/dict_0000_0221" 6797
"/Engine/EngineMaterials/Substrate/Glints2/dict_0000_0220" 6798
"/Engine/EngineMaterials/Substrate/Glints2/dict_0000_0219" 6799
"/Engine/EngineMaterials/Substrate/Glints2/dict_0000_0218" 6800
"/Engine/EngineMaterials/Substrate/Glints2/dict_0000_0217" 6801
"/Engine/EngineMaterials/Substrate/Glints2/dict_0000_0216" 6802
"/Engine/EngineMaterials/Substrate/Glints2/dict_0000_0215" 6803
"/Engine/EngineMaterials/Substrate/Glints2/dict_0000_0214" 6804
"/Engine/EngineMaterials/Substrate/Glints2/dict_0000_0245" 6805
"../../../Engine/Content/EngineMaterials/Substrate/Glints2/dict_0000_0248.uasset" 6806
"../../../Engine/Content/EngineMaterials/Substrate/Glints2/dict_0000_0246.uasset" 6807
"../../../Engine/Content/EngineMaterials/Substrate/Glints2/dict_0000_0247.uasset" 6808
"../../../Engine/Content/EngineMaterials/Substrate/Glints2/dict_0000_0249.uasset" 6809
"/Engine/EngineMaterials/Substrate/Glints2/dict_0000_0244" 6810
"../../../Engine/Content/EngineMaterials/Substrate/Glints2/dict_0000_0251.uasset" 6811
"../../../Engine/Content/EngineMaterials/Substrate/Glints2/dict_0000_0254.uasset" 6812
"../../../Engine/Content/EngineMaterials/Substrate/Glints2/dict_0000_0253.uasset" 6813
"../../../Engine/Content/EngineMaterials/Substrate/Glints2/dict_0000_0252.uasset" 6814
"../../../Engine/Content/EngineMaterials/Substrate/Glints2/dict_0001_0000.uasset" 6815
"../../../Engine/Content/EngineMaterials/Substrate/Glints2/dict_0001_0003.uasset" 6816
"../../../Engine/Content/EngineMaterials/Substrate/Glints2/dict_0001_0001.uasset" 6817
"../../../Engine/Content/EngineMaterials/Substrate/Glints2/dict_0000_0250.uasset" 6818
"../../../Engine/Content/EngineMaterials/Substrate/Glints2/dict_0001_0004.uasset" 6819
"../../../Engine/Content/EngineMaterials/Substrate/Glints2/dict_0001_0002.uasset" 6820
"../../../Engine/Content/EngineMaterials/Substrate/Glints2/dict_0000_0255.uasset" 6821
"/Engine/EngineMaterials/Substrate/Glints2/dict_0000_0243" 6822
"/Engine/EngineMaterials/Substrate/Glints2/dict_0000_0242" 6823
"/Engine/EngineMaterials/Substrate/Glints2/dict_0000_0241" 6824
"/Engine/EngineMaterials/Substrate/Glints2/dict_0000_0240" 6825
"/Engine/EngineMaterials/Substrate/Glints2/dict_0000_0239" 6826
"/Engine/EngineMaterials/Substrate/Glints2/dict_0000_0238" 6827
"/Engine/EngineMaterials/Substrate/Glints2/dict_0000_0237" 6828
"/Engine/EngineMaterials/Substrate/Glints2/dict_0000_0236" 6829
"/Engine/EngineMaterials/Substrate/Glints2/dict_0000_0235" 6830
"/Engine/EngineMaterials/Substrate/Glints2/dict_0000_0234" 6831
"/Engine/EngineMaterials/Substrate/Glints2/dict_0000_0233" 6832
"/Engine/EngineMaterials/Substrate/Glints2/dict_0000_0232" 6833
"/Engine/EngineMaterials/Substrate/Glints2/dict_0000_0231" 6834
"/Engine/EngineMaterials/Substrate/Glints2/dict_0000_0230" 6835
"/Engine/EngineMaterials/Substrate/Glints2/dict_0000_0229" 6836
"/Engine/EngineMaterials/Substrate/Glints2/dict_0001_0004" 6837
"../../../Engine/Content/EngineMaterials/Substrate/Glints2/dict_0001_0007.uasset" 6838
"../../../Engine/Content/EngineMaterials/Substrate/Glints2/dict_0001_0006.uasset" 6839
"../../../Engine/Content/EngineMaterials/Substrate/Glints2/dict_0001_0008.uasset" 6840
"../../../Engine/Content/EngineMaterials/Substrate/Glints2/dict_0001_0005.uasset" 6841
"/Engine/EngineMaterials/Substrate/Glints2/dict_0001_0003" 6842
"../../../Engine/Content/EngineMaterials/Substrate/Glints2/dict_0001_0012.uasset" 6843
"../../../Engine/Content/EngineMaterials/Substrate/Glints2/dict_0001_0018.uasset" 6844
"../../../Engine/Content/EngineMaterials/Substrate/Glints2/dict_0001_0013.uasset" 6845
"../../../Engine/Content/EngineMaterials/Substrate/Glints2/dict_0001_0014.uasset" 6846
"../../../Engine/Content/EngineMaterials/Substrate/Glints2/dict_0001_0016.uasset" 6847
"../../../Engine/Content/EngineMaterials/Substrate/Glints2/dict_0001_0017.uasset" 6848
"../../../Engine/Content/EngineMaterials/Substrate/Glints2/dict_0001_0015.uasset" 6849
"../../../Engine/Content/EngineMaterials/Substrate/Glints2/dict_0001_0011.uasset" 6850
"../../../Engine/Content/EngineMaterials/Substrate/Glints2/dict_0001_0019.uasset" 6851
"../../../Engine/Content/EngineMaterials/Substrate/Glints2/dict_0001_0009.uasset" 6852
"../../../Engine/Content/EngineMaterials/Substrate/Glints2/dict_0001_0020.uasset" 6853
"../../../Engine/Content/EngineMaterials/Substrate/Glints2/dict_0001_0010.uasset" 6854
"../../../Engine/Content/EngineMaterials/Substrate/Glints2/dict_0001_0021.uasset" 6855
"/Engine/EngineMaterials/Substrate/Glints2/dict_0001_0002" 6856
"/Engine/EngineMaterials/Substrate/Glints2/dict_0001_0001" 6857
"/Engine/EngineMaterials/Substrate/Glints2/dict_0001_0000" 6858
"/Engine/EngineMaterials/Substrate/Glints2/dict_0000_0255" 6859
"/Engine/EngineMaterials/Substrate/Glints2/dict_0000_0254" 6860
"/Engine/EngineMaterials/Substrate/Glints2/dict_0000_0253" 6861
"/Engine/EngineMaterials/Substrate/Glints2/dict_0000_0252" 6862
"/Engine/EngineMaterials/Substrate/Glints2/dict_0000_0251" 6863
"/Engine/EngineMaterials/Substrate/Glints2/dict_0000_0250" 6864
"/Engine/EngineMaterials/Substrate/Glints2/dict_0000_0249" 6865
"/Engine/EngineMaterials/Substrate/Glints2/dict_0000_0248" 6866
"/Engine/EngineMaterials/Substrate/Glints2/dict_0000_0247" 6867
"/Engine/EngineMaterials/Substrate/Glints2/dict_0000_0246" 6868
"/Engine/EngineMaterials/Substrate/Glints2/dict_0001_0021" 6869
"../../../Engine/Content/EngineMaterials/Substrate/Glints2/dict_0001_0022.uasset" 6870
"../../../Engine/Content/EngineMaterials/Substrate/Glints2/dict_0001_0023.uasset" 6871
"../../../Engine/Content/EngineMaterials/Substrate/Glints2/dict_0001_0024.uasset" 6872
"../../../Engine/Content/EngineMaterials/Substrate/Glints2/dict_0001_0026.uasset" 6873
"../../../Engine/Content/EngineMaterials/Substrate/Glints2/dict_0001_0027.uasset" 6874
"../../../Engine/Content/EngineMaterials/Substrate/Glints2/dict_0001_0030.uasset" 6875
"/Engine/EngineMaterials/Substrate/Glints2/dict_0001_0020" 6876
"../../../Engine/Content/EngineMaterials/Substrate/Glints2/dict_0001_0025.uasset" 6877
"../../../Engine/Content/EngineMaterials/Substrate/Glints2/dict_0001_0036.uasset" 6878
"../../../Engine/Content/EngineMaterials/Substrate/Glints2/dict_0001_0032.uasset" 6879
"../../../Engine/Content/EngineMaterials/Substrate/Glints2/dict_0001_0033.uasset" 6880
"../../../Engine/Content/EngineMaterials/Substrate/Glints2/dict_0001_0031.uasset" 6881
"../../../Engine/Content/EngineMaterials/Substrate/Glints2/dict_0001_0034.uasset" 6882
"../../../Engine/Content/EngineMaterials/Substrate/Glints2/dict_0001_0035.uasset" 6883
"../../../Engine/Content/EngineMaterials/Substrate/Glints2/dict_0001_0028.uasset" 6884
"../../../Engine/Content/EngineMaterials/Substrate/Glints2/dict_0001_0029.uasset" 6885
"/Engine/EngineMaterials/Substrate/Glints2/dict_0001_0019" 6886
"/Engine/EngineMaterials/Substrate/Glints2/dict_0001_0018" 6887
"/Engine/EngineMaterials/Substrate/Glints2/dict_0001_0017" 6888
"/Engine/EngineMaterials/Substrate/Glints2/dict_0001_0016" 6889
"/Engine/EngineMaterials/Substrate/Glints2/dict_0001_0015" 6890
"/Engine/EngineMaterials/Substrate/Glints2/dict_0001_0014" 6891
"/Engine/EngineMaterials/Substrate/Glints2/dict_0001_0013" 6892
"/Engine/EngineMaterials/Substrate/Glints2/dict_0001_0012" 6893
"/Engine/EngineMaterials/Substrate/Glints2/dict_0001_0011" 6894
"/Engine/EngineMaterials/Substrate/Glints2/dict_0001_0010" 6895
"/Engine/EngineMaterials/Substrate/Glints2/dict_0001_0009" 6896
"/Engine/EngineMaterials/Substrate/Glints2/dict_0001_0008" 6897
"/Engine/EngineMaterials/Substrate/Glints2/dict_0001_0007" 6898
"/Engine/EngineMaterials/Substrate/Glints2/dict_0001_0006" 6899
"/Engine/EngineMaterials/Substrate/Glints2/dict_0001_0005" 6900
"/Engine/EngineMaterials/Substrate/Glints2/dict_0001_0036" 6901
"../../../Engine/Content/EngineMaterials/Substrate/Glints2/dict_0001_0037.uasset" 6902
"../../../Engine/Content/EngineMaterials/Substrate/Glints2/dict_0001_0038.uasset" 6903
"../../../Engine/Content/EngineMaterials/Substrate/Glints2/dict_0001_0039.uasset" 6904
"../../../Engine/Content/EngineMaterials/Substrate/Glints2/dict_0001_0041.uasset" 6905
"../../../Engine/Content/EngineMaterials/Substrate/Glints2/dict_0001_0045.uasset" 6906
"/Engine/EngineMaterials/Substrate/Glints2/dict_0001_0035" 6907
"../../../Engine/Content/EngineMaterials/Substrate/Glints2/dict_0001_0048.uasset" 6908
"../../../Engine/Content/EngineMaterials/Substrate/Glints2/dict_0001_0047.uasset" 6909
"../../../Engine/Content/EngineMaterials/Substrate/Glints2/dict_0001_0044.uasset" 6910
"../../../Engine/Content/EngineMaterials/Substrate/Glints2/dict_0001_0042.uasset" 6911
"../../../Engine/Content/EngineMaterials/Substrate/Glints2/dict_0001_0043.uasset" 6912
"../../../Engine/Content/EngineMaterials/Substrate/Glints2/dict_0001_0051.uasset" 6913
"../../../Engine/Content/EngineMaterials/Substrate/Glints2/dict_0001_0046.uasset" 6914
"../../../Engine/Content/EngineMaterials/Substrate/Glints2/dict_0001_0040.uasset" 6915
"../../../Engine/Content/EngineMaterials/Substrate/Glints2/dict_0001_0049.uasset" 6916
"../../../Engine/Content/EngineMaterials/Substrate/Glints2/dict_0001_0050.uasset" 6917
"../../../Engine/Content/EngineMaterials/Substrate/Glints2/dict_0001_0052.uasset" 6918
"../../../Engine/Content/EngineMaterials/Substrate/Glints2/dict_0001_0053.uasset" 6919
"/Engine/EngineMaterials/Substrate/Glints2/dict_0001_0034" 6920
"/Engine/EngineMaterials/Substrate/Glints2/dict_0001_0033" 6921
"/Engine/EngineMaterials/Substrate/Glints2/dict_0001_0032" 6922
"/Engine/EngineMaterials/Substrate/Glints2/dict_0001_0031" 6923
"/Engine/EngineMaterials/Substrate/Glints2/dict_0001_0030" 6924
"/Engine/EngineMaterials/Substrate/Glints2/dict_0001_0029" 6925
"/Engine/EngineMaterials/Substrate/Glints2/dict_0001_0028" 6926
"/Engine/EngineMaterials/Substrate/Glints2/dict_0001_0027" 6927
"/Engine/EngineMaterials/Substrate/Glints2/dict_0001_0026" 6928
"/Engine/EngineMaterials/Substrate/Glints2/dict_0001_0025" 6929
"/Engine/EngineMaterials/Substrate/Glints2/dict_0001_0024" 6930
"/Engine/EngineMaterials/Substrate/Glints2/dict_0001_0023" 6931
"/Engine/EngineMaterials/Substrate/Glints2/dict_0001_0022" 6932
"/Engine/EngineMaterials/Substrate/Glints2/dict_0001_0053" 6933
"../../../Engine/Content/EngineMaterials/Substrate/Glints2/dict_0001_0055.uasset" 6934
"../../../Engine/Content/EngineMaterials/Substrate/Glints2/dict_0001_0058.uasset" 6935
"/Engine/EngineMaterials/Substrate/Glints2/dict_0001_0052" 6936
"../../../Engine/Content/EngineMaterials/Substrate/Glints2/dict_0001_0059.uasset" 6937
"../../../Engine/Content/EngineMaterials/Substrate/Glints2/dict_0001_0066.uasset" 6938
"../../../Engine/Content/EngineMaterials/Substrate/Glints2/dict_0001_0064.uasset" 6939
"../../../Engine/Content/EngineMaterials/Substrate/Glints2/dict_0001_0062.uasset" 6940
"../../../Engine/Content/EngineMaterials/Substrate/Glints2/dict_0001_0065.uasset" 6941
"../../../Engine/Content/EngineMaterials/Substrate/Glints2/dict_0001_0061.uasset" 6942
"../../../Engine/Content/EngineMaterials/Substrate/Glints2/dict_0001_0067.uasset" 6943
"../../../Engine/Content/EngineMaterials/Substrate/Glints2/dict_0001_0060.uasset" 6944
"../../../Engine/Content/EngineMaterials/Substrate/Glints2/dict_0001_0054.uasset" 6945
"../../../Engine/Content/EngineMaterials/Substrate/Glints2/dict_0001_0063.uasset" 6946
"../../../Engine/Content/EngineMaterials/Substrate/Glints2/dict_0001_0068.uasset" 6947
"../../../Engine/Content/EngineMaterials/Substrate/Glints2/dict_0001_0057.uasset" 6948
"../../../Engine/Content/EngineMaterials/Substrate/Glints2/dict_0001_0056.uasset" 6949
"/Engine/EngineMaterials/Substrate/Glints2/dict_0001_0051" 6950
"/Engine/EngineMaterials/Substrate/Glints2/dict_0001_0050" 6951
"/Engine/EngineMaterials/Substrate/Glints2/dict_0001_0049" 6952
"/Engine/EngineMaterials/Substrate/Glints2/dict_0001_0048" 6953
"/Engine/EngineMaterials/Substrate/Glints2/dict_0001_0047" 6954
"/Engine/EngineMaterials/Substrate/Glints2/dict_0001_0046" 6955
"/Engine/EngineMaterials/Substrate/Glints2/dict_0001_0045" 6956
"/Engine/EngineMaterials/Substrate/Glints2/dict_0001_0044" 6957
"/Engine/EngineMaterials/Substrate/Glints2/dict_0001_0043" 6958
"/Engine/EngineMaterials/Substrate/Glints2/dict_0001_0042" 6959
"/Engine/EngineMaterials/Substrate/Glints2/dict_0001_0041" 6960
"/Engine/EngineMaterials/Substrate/Glints2/dict_0001_0040" 6961
"/Engine/EngineMaterials/Substrate/Glints2/dict_0001_0039" 6962
"/Engine/EngineMaterials/Substrate/Glints2/dict_0001_0038" 6963
"/Engine/EngineMaterials/Substrate/Glints2/dict_0001_0037" 6964
"/Engine/EngineMaterials/Substrate/Glints2/dict_0001_0068" 6965
"../../../Engine/Content/EngineMaterials/Substrate/Glints2/dict_0001_0071.uasset" 6966
"../../../Engine/Content/EngineMaterials/Substrate/Glints2/dict_0001_0069.uasset" 6967
"../../../Engine/Content/EngineMaterials/Substrate/Glints2/dict_0001_0074.uasset" 6968
"../../../Engine/Content/EngineMaterials/Substrate/Glints2/dict_0001_0072.uasset" 6969
"/Engine/EngineMaterials/Substrate/Glints2/dict_0001_0067" 6970
"../../../Engine/Content/EngineMaterials/Substrate/Glints2/dict_0001_0073.uasset" 6971
"../../../Engine/Content/EngineMaterials/Substrate/Glints2/dict_0001_0075.uasset" 6972
"../../../Engine/Content/EngineMaterials/Substrate/Glints2/dict_0001_0080.uasset" 6973
"../../../Engine/Content/EngineMaterials/Substrate/Glints2/dict_0001_0081.uasset" 6974
"../../../Engine/Content/EngineMaterials/Substrate/Glints2/dict_0001_0070.uasset" 6975
"../../../Engine/Content/EngineMaterials/Substrate/Glints2/dict_0001_0077.uasset" 6976
"../../../Engine/Content/EngineMaterials/Substrate/Glints2/dict_0001_0082.uasset" 6977
"../../../Engine/Content/EngineMaterials/Substrate/Glints2/dict_0001_0076.uasset" 6978
"../../../Engine/Content/EngineMaterials/Substrate/Glints2/dict_0001_0078.uasset" 6979
"../../../Engine/Content/EngineMaterials/Substrate/Glints2/dict_0001_0083.uasset" 6980
"../../../Engine/Content/EngineMaterials/Substrate/Glints2/dict_0001_0085.uasset" 6981
"../../../Engine/Content/EngineMaterials/Substrate/Glints2/dict_0001_0084.uasset" 6982
"../../../Engine/Content/EngineMaterials/Substrate/Glints2/dict_0001_0079.uasset" 6983
"/Engine/EngineMaterials/Substrate/Glints2/dict_0001_0066" 6984
"/Engine/EngineMaterials/Substrate/Glints2/dict_0001_0065" 6985
"/Engine/EngineMaterials/Substrate/Glints2/dict_0001_0064" 6986
"/Engine/EngineMaterials/Substrate/Glints2/dict_0001_0063" 6987
"/Engine/EngineMaterials/Substrate/Glints2/dict_0001_0062" 6988
"/Engine/EngineMaterials/Substrate/Glints2/dict_0001_0061" 6989
"/Engine/EngineMaterials/Substrate/Glints2/dict_0001_0060" 6990
"/Engine/EngineMaterials/Substrate/Glints2/dict_0001_0059" 6991
"/Engine/EngineMaterials/Substrate/Glints2/dict_0001_0058" 6992
"/Engine/EngineMaterials/Substrate/Glints2/dict_0001_0057" 6993
"/Engine/EngineMaterials/Substrate/Glints2/dict_0001_0056" 6994
"/Engine/EngineMaterials/Substrate/Glints2/dict_0001_0055" 6995
"/Engine/EngineMaterials/Substrate/Glints2/dict_0001_0054" 6996
"/Engine/EngineMaterials/Substrate/Glints2/dict_0001_0085" 6997
"../../../Engine/Content/EngineMaterials/Substrate/Glints2/dict_0001_0086.uasset" 6998
"../../../Engine/Content/EngineMaterials/Substrate/Glints2/dict_0001_0087.uasset" 6999
"../../../Engine/Content/EngineMaterials/Substrate/Glints2/dict_0001_0088.uasset" 7000
"../../../Engine/Content/EngineMaterials/Substrate/Glints2/dict_0001_0089.uasset" 7001
"../../../Engine/Content/EngineMaterials/Substrate/Glints2/dict_0001_0094.uasset" 7002
"../../../Engine/Content/EngineMaterials/Substrate/Glints2/dict_0001_0095.uasset" 7003
"../../../Engine/Content/EngineMaterials/Substrate/Glints2/dict_0001_0091.uasset" 7004
"../../../Engine/Content/EngineMaterials/Substrate/Glints2/dict_0001_0096.uasset" 7005
"../../../Engine/Content/EngineMaterials/Substrate/Glints2/dict_0001_0093.uasset" 7006
"../../../Engine/Content/EngineMaterials/Substrate/Glints2/dict_0001_0092.uasset" 7007
"../../../Engine/Content/EngineMaterials/Substrate/Glints2/dict_0001_0099.uasset" 7008
"../../../Engine/Content/EngineMaterials/Substrate/Glints2/dict_0001_0097.uasset" 7009
"../../../Engine/Content/EngineMaterials/Substrate/Glints2/dict_0001_0098.uasset" 7010
"/Engine/EngineMaterials/Substrate/Glints2/dict_0001_0084" 7011
"../../../Engine/Content/EngineMaterials/Substrate/Glints2/dict_0001_0100.uasset" 7012
"../../../Engine/Content/EngineMaterials/Substrate/Glints2/dict_0001_0090.uasset" 7013
"/Engine/EngineMaterials/Substrate/Glints2/dict_0001_0083" 7014
"/Engine/EngineMaterials/Substrate/Glints2/dict_0001_0082" 7015
"/Engine/EngineMaterials/Substrate/Glints2/dict_0001_0081" 7016
"/Engine/EngineMaterials/Substrate/Glints2/dict_0001_0080" 7017
"/Engine/EngineMaterials/Substrate/Glints2/dict_0001_0079" 7018
"/Engine/EngineMaterials/Substrate/Glints2/dict_0001_0078" 7019
"/Engine/EngineMaterials/Substrate/Glints2/dict_0001_0077" 7020
"/Engine/EngineMaterials/Substrate/Glints2/dict_0001_0076" 7021
"/Engine/EngineMaterials/Substrate/Glints2/dict_0001_0075" 7022
"/Engine/EngineMaterials/Substrate/Glints2/dict_0001_0074" 7023
"/Engine/EngineMaterials/Substrate/Glints2/dict_0001_0073" 7024
"/Engine/EngineMaterials/Substrate/Glints2/dict_0001_0072" 7025
"/Engine/EngineMaterials/Substrate/Glints2/dict_0001_0071" 7026
"/Engine/EngineMaterials/Substrate/Glints2/dict_0001_0070" 7027
"/Engine/EngineMaterials/Substrate/Glints2/dict_0001_0069" 7028
"/Engine/EngineMaterials/Substrate/Glints2/dict_0001_0100" 7029
"/Engine/EngineMaterials/Substrate/Glints2/dict_0001_0099" 7030
"../../../Engine/Content/EngineMaterials/Substrate/Glints2/dict_0001_0104.uasset" 7031
"../../../Engine/Content/EngineMaterials/Substrate/Glints2/dict_0001_0102.uasset" 7032
"../../../Engine/Content/EngineMaterials/Substrate/Glints2/dict_0001_0105.uasset" 7033
"../../../Engine/Content/EngineMaterials/Substrate/Glints2/dict_0001_0107.uasset" 7034
"../../../Engine/Content/EngineMaterials/Substrate/Glints2/dict_0001_0103.uasset" 7035
"../../../Engine/Content/EngineMaterials/Substrate/Glints2/dict_0001_0111.uasset" 7036
"../../../Engine/Content/EngineMaterials/Substrate/Glints2/dict_0001_0108.uasset" 7037
"../../../Engine/Content/EngineMaterials/Substrate/Glints2/dict_0001_0112.uasset" 7038
"../../../Engine/Content/EngineMaterials/Substrate/Glints2/dict_0001_0113.uasset" 7039
"../../../Engine/Content/EngineMaterials/Substrate/Glints2/dict_0001_0101.uasset" 7040
"../../../Engine/Content/EngineMaterials/Substrate/Glints2/dict_0001_0110.uasset" 7041
"../../../Engine/Content/EngineMaterials/Substrate/Glints2/dict_0001_0109.uasset" 7042
"../../../Engine/Content/EngineMaterials/Substrate/Glints2/dict_0001_0114.uasset" 7043
"../../../Engine/Content/EngineMaterials/Substrate/Glints2/dict_0001_0106.uasset" 7044
"../../../Engine/Content/EngineMaterials/Substrate/Glints2/dict_0001_0115.uasset" 7045
"../../../Engine/Content/EngineMaterials/Substrate/Glints2/dict_0001_0117.uasset" 7046
"../../../Engine/Content/EngineMaterials/Substrate/Glints2/dict_0001_0116.uasset" 7047
"/Engine/EngineMaterials/Substrate/Glints2/dict_0001_0098" 7048
"/Engine/EngineMaterials/Substrate/Glints2/dict_0001_0097" 7049
"/Engine/EngineMaterials/Substrate/Glints2/dict_0001_0096" 7050
"/Engine/EngineMaterials/Substrate/Glints2/dict_0001_0095" 7051
"/Engine/EngineMaterials/Substrate/Glints2/dict_0001_0094" 7052
"/Engine/EngineMaterials/Substrate/Glints2/dict_0001_0093" 7053
"/Engine/EngineMaterials/Substrate/Glints2/dict_0001_0092" 7054
"/Engine/EngineMaterials/Substrate/Glints2/dict_0001_0091" 7055
"/Engine/EngineMaterials/Substrate/Glints2/dict_0001_0090" 7056
"/Engine/EngineMaterials/Substrate/Glints2/dict_0001_0089" 7057
"/Engine/EngineMaterials/Substrate/Glints2/dict_0001_0088" 7058
"/Engine/EngineMaterials/Substrate/Glints2/dict_0001_0087" 7059
"/Engine/EngineMaterials/Substrate/Glints2/dict_0001_0086" 7060
"/Engine/EngineMaterials/Substrate/Glints2/dict_0001_0117" 7061
"/Engine/EngineMaterials/Substrate/Glints2/dict_0001_0116" 7062
"../../../Engine/Content/EngineMaterials/Substrate/Glints2/dict_0001_0122.uasset" 7063
"../../../Engine/Content/EngineMaterials/Substrate/Glints2/dict_0001_0118.uasset" 7064
"../../../Engine/Content/EngineMaterials/Substrate/Glints2/dict_0001_0121.uasset" 7065
"../../../Engine/Content/EngineMaterials/Substrate/Glints2/dict_0001_0125.uasset" 7066
"../../../Engine/Content/EngineMaterials/Substrate/Glints2/dict_0001_0119.uasset" 7067
"../../../Engine/Content/EngineMaterials/Substrate/Glints2/dict_0001_0126.uasset" 7068
"../../../Engine/Content/EngineMaterials/Substrate/Glints2/dict_0001_0120.uasset" 7069
"../../../Engine/Content/EngineMaterials/Substrate/Glints2/dict_0001_0124.uasset" 7070
"../../../Engine/Content/EngineMaterials/Substrate/Glints2/dict_0001_0129.uasset" 7071
"../../../Engine/Content/EngineMaterials/Substrate/Glints2/dict_0001_0128.uasset" 7072
"../../../Engine/Content/EngineMaterials/Substrate/Glints2/dict_0001_0132.uasset" 7073
"../../../Engine/Content/EngineMaterials/Substrate/Glints2/dict_0001_0127.uasset" 7074
"../../../Engine/Content/EngineMaterials/Substrate/Glints2/dict_0001_0131.uasset" 7075
"../../../Engine/Content/EngineMaterials/Substrate/Glints2/dict_0001_0123.uasset" 7076
"../../../Engine/Content/EngineMaterials/Substrate/Glints2/dict_0001_0130.uasset" 7077
"/Engine/EngineMaterials/Substrate/Glints2/dict_0001_0115" 7078
"/Engine/EngineMaterials/Substrate/Glints2/dict_0001_0114" 7079
"/Engine/EngineMaterials/Substrate/Glints2/dict_0001_0113" 7080
"/Engine/EngineMaterials/Substrate/Glints2/dict_0001_0112" 7081
"/Engine/EngineMaterials/Substrate/Glints2/dict_0001_0111" 7082
"/Engine/EngineMaterials/Substrate/Glints2/dict_0001_0110" 7083
"/Engine/EngineMaterials/Substrate/Glints2/dict_0001_0109" 7084
"/Engine/EngineMaterials/Substrate/Glints2/dict_0001_0108" 7085
"/Engine/EngineMaterials/Substrate/Glints2/dict_0001_0107" 7086
"/Engine/EngineMaterials/Substrate/Glints2/dict_0001_0106" 7087
"/Engine/EngineMaterials/Substrate/Glints2/dict_0001_0105" 7088
"/Engine/EngineMaterials/Substrate/Glints2/dict_0001_0104" 7089
"/Engine/EngineMaterials/Substrate/Glints2/dict_0001_0103" 7090
"/Engine/EngineMaterials/Substrate/Glints2/dict_0001_0102" 7091
"/Engine/EngineMaterials/Substrate/Glints2/dict_0001_0101" 7092
"/Engine/EngineMaterials/Substrate/Glints2/dict_0001_0132" 7093
"../../../Engine/Content/EngineMaterials/Substrate/Glints2/dict_0001_0134.uasset" 7094
"../../../Engine/Content/EngineMaterials/Substrate/Glints2/dict_0001_0135.uasset" 7095
"../../../Engine/Content/EngineMaterials/Substrate/Glints2/dict_0001_0133.uasset" 7096
"../../../Engine/Content/EngineMaterials/Substrate/Glints2/dict_0001_0137.uasset" 7097
"../../../Engine/Content/EngineMaterials/Substrate/Glints2/dict_0001_0136.uasset" 7098
"../../../Engine/Content/EngineMaterials/Substrate/Glints2/dict_0001_0139.uasset" 7099
"/Engine/EngineMaterials/Substrate/Glints2/dict_0001_0131" 7100
"../../../Engine/Content/EngineMaterials/Substrate/Glints2/dict_0001_0145.uasset" 7101
"../../../Engine/Content/EngineMaterials/Substrate/Glints2/dict_0001_0138.uasset" 7102
"../../../Engine/Content/EngineMaterials/Substrate/Glints2/dict_0001_0142.uasset" 7103
"../../../Engine/Content/EngineMaterials/Substrate/Glints2/dict_0001_0141.uasset" 7104
"../../../Engine/Content/EngineMaterials/Substrate/Glints2/dict_0001_0144.uasset" 7105
"../../../Engine/Content/EngineMaterials/Substrate/Glints2/dict_0001_0140.uasset" 7106
"../../../Engine/Content/EngineMaterials/Substrate/Glints2/dict_0001_0143.uasset" 7107
"../../../Engine/Content/EngineMaterials/Substrate/Glints2/dict_0001_0146.uasset" 7108
"../../../Engine/Content/EngineMaterials/Substrate/Glints2/dict_0001_0147.uasset" 7109
"../../../Engine/Content/EngineMaterials/Substrate/Glints2/dict_0001_0149.uasset" 7110
"../../../Engine/Content/EngineMaterials/Substrate/Glints2/dict_0001_0148.uasset" 7111
"/Engine/EngineMaterials/Substrate/Glints2/dict_0001_0130" 7112
"/Engine/EngineMaterials/Substrate/Glints2/dict_0001_0129" 7113
"/Engine/EngineMaterials/Substrate/Glints2/dict_0001_0128" 7114
"/Engine/EngineMaterials/Substrate/Glints2/dict_0001_0127" 7115
"/Engine/EngineMaterials/Substrate/Glints2/dict_0001_0126" 7116
"/Engine/EngineMaterials/Substrate/Glints2/dict_0001_0125" 7117
"/Engine/EngineMaterials/Substrate/Glints2/dict_0001_0124" 7118
"/Engine/EngineMaterials/Substrate/Glints2/dict_0001_0123" 7119
"/Engine/EngineMaterials/Substrate/Glints2/dict_0001_0122" 7120
"/Engine/EngineMaterials/Substrate/Glints2/dict_0001_0121" 7121
"/Engine/EngineMaterials/Substrate/Glints2/dict_0001_0120" 7122
"/Engine/EngineMaterials/Substrate/Glints2/dict_0001_0119" 7123
"/Engine/EngineMaterials/Substrate/Glints2/dict_0001_0118" 7124
"/Engine/EngineMaterials/Substrate/Glints2/dict_0001_0149" 7125
"../../../Engine/Content/EngineMaterials/Substrate/Glints2/dict_0001_0151.uasset" 7126
"../../../Engine/Content/EngineMaterials/Substrate/Glints2/dict_0001_0150.uasset" 7127
"../../../Engine/Content/EngineMaterials/Substrate/Glints2/dict_0001_0152.uasset" 7128
"../../../Engine/Content/EngineMaterials/Substrate/Glints2/dict_0001_0153.uasset" 7129
"/Engine/EngineMaterials/Substrate/Glints2/dict_0001_0148" 7130
"../../../Engine/Content/EngineMaterials/Substrate/Glints2/dict_0001_0154.uasset" 7131
"../../../Engine/Content/EngineMaterials/Substrate/Glints2/dict_0001_0155.uasset" 7132
"../../../Engine/Content/EngineMaterials/Substrate/Glints2/dict_0001_0161.uasset" 7133
"../../../Engine/Content/EngineMaterials/Substrate/Glints2/dict_0001_0156.uasset" 7134
"../../../Engine/Content/EngineMaterials/Substrate/Glints2/dict_0001_0162.uasset" 7135
"../../../Engine/Content/EngineMaterials/Substrate/Glints2/dict_0001_0157.uasset" 7136
"../../../Engine/Content/EngineMaterials/Substrate/Glints2/dict_0001_0163.uasset" 7137
"../../../Engine/Content/EngineMaterials/Substrate/Glints2/dict_0001_0164.uasset" 7138
"../../../Engine/Content/EngineMaterials/Substrate/Glints2/dict_0001_0160.uasset" 7139
"../../../Engine/Content/EngineMaterials/Substrate/Glints2/dict_0001_0158.uasset" 7140
"../../../Engine/Content/EngineMaterials/Substrate/Glints2/dict_0001_0159.uasset" 7141
"/Engine/EngineMaterials/Substrate/Glints2/dict_0001_0147" 7142
"/Engine/EngineMaterials/Substrate/Glints2/dict_0001_0146" 7143
"/Engine/EngineMaterials/Substrate/Glints2/dict_0001_0145" 7144
"/Engine/EngineMaterials/Substrate/Glints2/dict_0001_0144" 7145
"/Engine/EngineMaterials/Substrate/Glints2/dict_0001_0143" 7146
"/Engine/EngineMaterials/Substrate/Glints2/dict_0001_0142" 7147
"/Engine/EngineMaterials/Substrate/Glints2/dict_0001_0141" 7148
"/Engine/EngineMaterials/Substrate/Glints2/dict_0001_0140" 7149
"/Engine/EngineMaterials/Substrate/Glints2/dict_0001_0139" 7150
"/Engine/EngineMaterials/Substrate/Glints2/dict_0001_0138" 7151
"/Engine/EngineMaterials/Substrate/Glints2/dict_0001_0137" 7152
"/Engine/EngineMaterials/Substrate/Glints2/dict_0001_0136" 7153
"/Engine/EngineMaterials/Substrate/Glints2/dict_0001_0135" 7154
"/Engine/EngineMaterials/Substrate/Glints2/dict_0001_0134" 7155
"/Engine/EngineMaterials/Substrate/Glints2/dict_0001_0133" 7156
"/Engine/EngineMaterials/Substrate/Glints2/dict_0001_0164" 7157
"../../../Engine/Content/EngineMaterials/Substrate/Glints2/dict_0001_0166.uasset" 7158
"../../../Engine/Content/EngineMaterials/Substrate/Glints2/dict_0001_0165.uasset" 7159
"../../../Engine/Content/EngineMaterials/Substrate/Glints2/dict_0001_0167.uasset" 7160
"../../../Engine/Content/EngineMaterials/Substrate/Glints2/dict_0001_0168.uasset" 7161
"../../../Engine/Content/EngineMaterials/Substrate/Glints2/dict_0001_0169.uasset" 7162
"/Engine/EngineMaterials/Substrate/Glints2/dict_0001_0163" 7163
"../../../Engine/Content/EngineMaterials/Substrate/Glints2/dict_0001_0171.uasset" 7164
"../../../Engine/Content/EngineMaterials/Substrate/Glints2/dict_0001_0170.uasset" 7165
"../../../Engine/Content/EngineMaterials/Substrate/Glints2/dict_0001_0173.uasset" 7166
"../../../Engine/Content/EngineMaterials/Substrate/Glints2/dict_0001_0172.uasset" 7167
"../../../Engine/Content/EngineMaterials/Substrate/Glints2/dict_0001_0175.uasset" 7168
"../../../Engine/Content/EngineMaterials/Substrate/Glints2/dict_0001_0177.uasset" 7169
"../../../Engine/Content/EngineMaterials/Substrate/Glints2/dict_0001_0178.uasset" 7170
"../../../Engine/Content/EngineMaterials/Substrate/Glints2/dict_0001_0176.uasset" 7171
"../../../Engine/Content/EngineMaterials/Substrate/Glints2/dict_0001_0179.uasset" 7172
"../../../Engine/Content/EngineMaterials/Substrate/Glints2/dict_0001_0174.uasset" 7173
"/Engine/EngineMaterials/Substrate/Glints2/dict_0001_0162" 7174
"../../../Engine/Content/EngineMaterials/Substrate/Glints2/dict_0001_0181.uasset" 7175
"../../../Engine/Content/EngineMaterials/Substrate/Glints2/dict_0001_0180.uasset" 7176
"/Engine/EngineMaterials/Substrate/Glints2/dict_0001_0161" 7177
"/Engine/EngineMaterials/Substrate/Glints2/dict_0001_0160" 7178
"/Engine/EngineMaterials/Substrate/Glints2/dict_0001_0159" 7179
"/Engine/EngineMaterials/Substrate/Glints2/dict_0001_0158" 7180
"/Engine/EngineMaterials/Substrate/Glints2/dict_0001_0157" 7181
"/Engine/EngineMaterials/Substrate/Glints2/dict_0001_0156" 7182
"/Engine/EngineMaterials/Substrate/Glints2/dict_0001_0155" 7183
"/Engine/EngineMaterials/Substrate/Glints2/dict_0001_0154" 7184
"/Engine/EngineMaterials/Substrate/Glints2/dict_0001_0153" 7185
"/Engine/EngineMaterials/Substrate/Glints2/dict_0001_0152" 7186
"/Engine/EngineMaterials/Substrate/Glints2/dict_0001_0151" 7187
"/Engine/EngineMaterials/Substrate/Glints2/dict_0001_0150" 7188
"/Engine/EngineMaterials/Substrate/Glints2/dict_0001_0181" 7189
"../../../Engine/Content/EngineMaterials/Substrate/Glints2/dict_0001_0183.uasset" 7190
"../../../Engine/Content/EngineMaterials/Substrate/Glints2/dict_0001_0182.uasset" 7191
"/Engine/EngineMaterials/Substrate/Glints2/dict_0001_0180" 7192
"../../../Engine/Content/EngineMaterials/Substrate/Glints2/dict_0001_0185.uasset" 7193
"../../../Engine/Content/EngineMaterials/Substrate/Glints2/dict_0001_0186.uasset" 7194
"../../../Engine/Content/EngineMaterials/Substrate/Glints2/dict_0001_0188.uasset" 7195
"../../../Engine/Content/EngineMaterials/Substrate/Glints2/dict_0001_0194.uasset" 7196
"../../../Engine/Content/EngineMaterials/Substrate/Glints2/dict_0001_0192.uasset" 7197
"../../../Engine/Content/EngineMaterials/Substrate/Glints2/dict_0001_0187.uasset" 7198
"../../../Engine/Content/EngineMaterials/Substrate/Glints2/dict_0001_0193.uasset" 7199
"../../../Engine/Content/EngineMaterials/Substrate/Glints2/dict_0001_0184.uasset" 7200
"../../../Engine/Content/EngineMaterials/Substrate/Glints2/dict_0001_0190.uasset" 7201
"../../../Engine/Content/EngineMaterials/Substrate/Glints2/dict_0001_0196.uasset" 7202
"../../../Engine/Content/EngineMaterials/Substrate/Glints2/dict_0001_0189.uasset" 7203
"../../../Engine/Content/EngineMaterials/Substrate/Glints2/dict_0001_0195.uasset" 7204
"../../../Engine/Content/EngineMaterials/Substrate/Glints2/dict_0001_0191.uasset" 7205
"/Engine/EngineMaterials/Substrate/Glints2/dict_0001_0179" 7206
"/Engine/EngineMaterials/Substrate/Glints2/dict_0001_0178" 7207
"/Engine/EngineMaterials/Substrate/Glints2/dict_0001_0177" 7208
"/Engine/EngineMaterials/Substrate/Glints2/dict_0001_0176" 7209
"/Engine/EngineMaterials/Substrate/Glints2/dict_0001_0175" 7210
"/Engine/EngineMaterials/Substrate/Glints2/dict_0001_0174" 7211
"/Engine/EngineMaterials/Substrate/Glints2/dict_0001_0173" 7212
"/Engine/EngineMaterials/Substrate/Glints2/dict_0001_0172" 7213
"/Engine/EngineMaterials/Substrate/Glints2/dict_0001_0171" 7214
"/Engine/EngineMaterials/Substrate/Glints2/dict_0001_0170" 7215
"/Engine/EngineMaterials/Substrate/Glints2/dict_0001_0169" 7216
"/Engine/EngineMaterials/Substrate/Glints2/dict_0001_0168" 7217
"/Engine/EngineMaterials/Substrate/Glints2/dict_0001_0167" 7218
"/Engine/EngineMaterials/Substrate/Glints2/dict_0001_0166" 7219
"/Engine/EngineMaterials/Substrate/Glints2/dict_0001_0165" 7220
"/Engine/EngineMaterials/Substrate/Glints2/dict_0001_0196" 7221
"../../../Engine/Content/EngineMaterials/Substrate/Glints2/dict_0001_0199.uasset" 7222
"../../../Engine/Content/EngineMaterials/Substrate/Glints2/dict_0001_0200.uasset" 7223
"../../../Engine/Content/EngineMaterials/Substrate/Glints2/dict_0001_0198.uasset" 7224
"../../../Engine/Content/EngineMaterials/Substrate/Glints2/dict_0001_0197.uasset" 7225
"/Engine/EngineMaterials/Substrate/Glints2/dict_0001_0195" 7226
"/Engine/EngineMaterials/Substrate/Glints2/dict_0001_0194" 7227
"../../../Engine/Content/EngineMaterials/Substrate/Glints2/dict_0001_0202.uasset" 7228
"../../../Engine/Content/EngineMaterials/Substrate/Glints2/dict_0001_0201.uasset" 7229
"../../../Engine/Content/EngineMaterials/Substrate/Glints2/dict_0001_0204.uasset" 7230
"../../../Engine/Content/EngineMaterials/Substrate/Glints2/dict_0001_0207.uasset" 7231
"../../../Engine/Content/EngineMaterials/Substrate/Glints2/dict_0001_0206.uasset" 7232
"../../../Engine/Content/EngineMaterials/Substrate/Glints2/dict_0001_0205.uasset" 7233
"../../../Engine/Content/EngineMaterials/Substrate/Glints2/dict_0001_0209.uasset" 7234
"/Engine/EngineMaterials/Substrate/Glints2/dict_0001_0193" 7235
"../../../Engine/Content/EngineMaterials/Substrate/Glints2/dict_0001_0210.uasset" 7236
"../../../Engine/Content/EngineMaterials/Substrate/Glints2/dict_0001_0208.uasset" 7237
"../../../Engine/Content/EngineMaterials/Substrate/Glints2/dict_0001_0213.uasset" 7238
"../../../Engine/Content/EngineMaterials/Substrate/Glints2/dict_0001_0203.uasset" 7239
"../../../Engine/Content/EngineMaterials/Substrate/Glints2/dict_0001_0211.uasset" 7240
"/Engine/EngineMaterials/Substrate/Glints2/dict_0001_0192" 7241
"../../../Engine/Content/EngineMaterials/Substrate/Glints2/dict_0001_0212.uasset" 7242
"/Engine/EngineMaterials/Substrate/Glints2/dict_0001_0191" 7243
"/Engine/EngineMaterials/Substrate/Glints2/dict_0001_0190" 7244
"/Engine/EngineMaterials/Substrate/Glints2/dict_0001_0189" 7245
"/Engine/EngineMaterials/Substrate/Glints2/dict_0001_0188" 7246
"/Engine/EngineMaterials/Substrate/Glints2/dict_0001_0187" 7247
"/Engine/EngineMaterials/Substrate/Glints2/dict_0001_0186" 7248
"/Engine/EngineMaterials/Substrate/Glints2/dict_0001_0185" 7249
"/Engine/EngineMaterials/Substrate/Glints2/dict_0001_0184" 7250
"/Engine/EngineMaterials/Substrate/Glints2/dict_0001_0183" 7251
"/Engine/EngineMaterials/Substrate/Glints2/dict_0001_0182" 7252
"/Engine/EngineMaterials/Substrate/Glints2/dict_0001_0213" 7253
"../../../Engine/Content/EngineMaterials/Substrate/Glints2/dict_0001_0216.uasset" 7254
"../../../Engine/Content/EngineMaterials/Substrate/Glints2/dict_0001_0219.uasset" 7255
"../../../Engine/Content/EngineMaterials/Substrate/Glints2/dict_0001_0222.uasset" 7256
"../../../Engine/Content/EngineMaterials/Substrate/Glints2/dict_0001_0220.uasset" 7257
"../../../Engine/Content/EngineMaterials/Substrate/Glints2/dict_0001_0225.uasset" 7258
"../../../Engine/Content/EngineMaterials/Substrate/Glints2/dict_0001_0217.uasset" 7259
"../../../Engine/Content/EngineMaterials/Substrate/Glints2/dict_0001_0223.uasset" 7260
"../../../Engine/Content/EngineMaterials/Substrate/Glints2/dict_0001_0224.uasset" 7261
"/Engine/EngineMaterials/Substrate/Glints2/dict_0001_0212" 7262
"../../../Engine/Content/EngineMaterials/Substrate/Glints2/dict_0001_0221.uasset" 7263
"../../../Engine/Content/EngineMaterials/Substrate/Glints2/dict_0001_0226.uasset" 7264
"../../../Engine/Content/EngineMaterials/Substrate/Glints2/dict_0001_0214.uasset" 7265
"../../../Engine/Content/EngineMaterials/Substrate/Glints2/dict_0001_0228.uasset" 7266
"../../../Engine/Content/EngineMaterials/Substrate/Glints2/dict_0001_0227.uasset" 7267
"../../../Engine/Content/EngineMaterials/Substrate/Glints2/dict_0001_0218.uasset" 7268
"../../../Engine/Content/EngineMaterials/Substrate/Glints2/dict_0001_0215.uasset" 7269
"/Engine/EngineMaterials/Substrate/Glints2/dict_0001_0211" 7270
"/Engine/EngineMaterials/Substrate/Glints2/dict_0001_0210" 7271
"/Engine/EngineMaterials/Substrate/Glints2/dict_0001_0209" 7272
"/Engine/EngineMaterials/Substrate/Glints2/dict_0001_0208" 7273
"/Engine/EngineMaterials/Substrate/Glints2/dict_0001_0207" 7274
"/Engine/EngineMaterials/Substrate/Glints2/dict_0001_0206" 7275
"/Engine/EngineMaterials/Substrate/Glints2/dict_0001_0205" 7276
"/Engine/EngineMaterials/Substrate/Glints2/dict_0001_0204" 7277
"/Engine/EngineMaterials/Substrate/Glints2/dict_0001_0203" 7278
"/Engine/EngineMaterials/Substrate/Glints2/dict_0001_0202" 7279
"/Engine/EngineMaterials/Substrate/Glints2/dict_0001_0201" 7280
"/Engine/EngineMaterials/Substrate/Glints2/dict_0001_0200" 7281
"/Engine/EngineMaterials/Substrate/Glints2/dict_0001_0199" 7282
"/Engine/EngineMaterials/Substrate/Glints2/dict_0001_0198" 7283
"/Engine/EngineMaterials/Substrate/Glints2/dict_0001_0197" 7284
"/Engine/EngineMaterials/Substrate/Glints2/dict_0001_0228" 7285
"../../../Engine/Content/EngineMaterials/Substrate/Glints2/dict_0001_0229.uasset" 7286
"../../../Engine/Content/EngineMaterials/Substrate/Glints2/dict_0001_0231.uasset" 7287
"../../../Engine/Content/EngineMaterials/Substrate/Glints2/dict_0001_0232.uasset" 7288
"../../../Engine/Content/EngineMaterials/Substrate/Glints2/dict_0001_0230.uasset" 7289
"../../../Engine/Content/EngineMaterials/Substrate/Glints2/dict_0001_0233.uasset" 7290
"../../../Engine/Content/EngineMaterials/Substrate/Glints2/dict_0001_0236.uasset" 7291
"../../../Engine/Content/EngineMaterials/Substrate/Glints2/dict_0001_0241.uasset" 7292
"../../../Engine/Content/EngineMaterials/Substrate/Glints2/dict_0001_0239.uasset" 7293
"../../../Engine/Content/EngineMaterials/Substrate/Glints2/dict_0001_0237.uasset" 7294
"../../../Engine/Content/EngineMaterials/Substrate/Glints2/dict_0001_0242.uasset" 7295
"../../../Engine/Content/EngineMaterials/Substrate/Glints2/dict_0001_0234.uasset" 7296
"/Engine/EngineMaterials/Substrate/Glints2/dict_0001_0227" 7297
"../../../Engine/Content/EngineMaterials/Substrate/Glints2/dict_0001_0240.uasset" 7298
"../../../Engine/Content/EngineMaterials/Substrate/Glints2/dict_0001_0238.uasset" 7299
"../../../Engine/Content/EngineMaterials/Substrate/Glints2/dict_0001_0243.uasset" 7300
"../../../Engine/Content/EngineMaterials/Substrate/Glints2/dict_0001_0235.uasset" 7301
"../../../Engine/Content/EngineMaterials/Substrate/Glints2/dict_0001_0244.uasset" 7302
"../../../Engine/Content/EngineMaterials/Substrate/Glints2/dict_0001_0245.uasset" 7303
"/Engine/EngineMaterials/Substrate/Glints2/dict_0001_0226" 7304
"/Engine/EngineMaterials/Substrate/Glints2/dict_0001_0225" 7305
"/Engine/EngineMaterials/Substrate/Glints2/dict_0001_0224" 7306
"/Engine/EngineMaterials/Substrate/Glints2/dict_0001_0223" 7307
"/Engine/EngineMaterials/Substrate/Glints2/dict_0001_0222" 7308
"/Engine/EngineMaterials/Substrate/Glints2/dict_0001_0221" 7309
"/Engine/EngineMaterials/Substrate/Glints2/dict_0001_0220" 7310
"/Engine/EngineMaterials/Substrate/Glints2/dict_0001_0219" 7311
"/Engine/EngineMaterials/Substrate/Glints2/dict_0001_0218" 7312
"/Engine/EngineMaterials/Substrate/Glints2/dict_0001_0217" 7313
"/Engine/EngineMaterials/Substrate/Glints2/dict_0001_0216" 7314
"/Engine/EngineMaterials/Substrate/Glints2/dict_0001_0215" 7315
"/Engine/EngineMaterials/Substrate/Glints2/dict_0001_0214" 7316
"/Engine/EngineMaterials/Substrate/Glints2/dict_0001_0245" 7317
"../../../Engine/Content/EngineMaterials/Substrate/Glints2/dict_0001_0246.uasset" 7318
"../../../Engine/Content/EngineMaterials/Substrate/Glints2/dict_0001_0247.uasset" 7319
"../../../Engine/Content/EngineMaterials/Substrate/Glints2/dict_0001_0248.uasset" 7320
"/Engine/EngineMaterials/Substrate/Glints2/dict_0001_0244" 7321
"../../../Engine/Content/EngineMaterials/Substrate/Glints2/dict_0001_0249.uasset" 7322
"../../../Engine/Content/EngineMaterials/Substrate/Glints2/dict_0001_0252.uasset" 7323
"../../../Engine/Content/EngineMaterials/Substrate/Glints2/dict_0001_0255.uasset" 7324
"../../../Engine/Content/EngineMaterials/Substrate/Glints2/dict_0002_0001.uasset" 7325
"../../../Engine/Content/EngineMaterials/Substrate/Glints2/dict_0001_0254.uasset" 7326
"../../../Engine/Content/EngineMaterials/Substrate/Glints2/dict_0001_0250.uasset" 7327
"../../../Engine/Content/EngineMaterials/Substrate/Glints2/dict_0001_0253.uasset" 7328
"../../../Engine/Content/EngineMaterials/Substrate/Glints2/dict_0002_0000.uasset" 7329
"../../../Engine/Content/EngineMaterials/Substrate/Glints2/dict_0001_0251.uasset" 7330
"../../../Engine/Content/EngineMaterials/Substrate/Glints2/dict_0002_0002.uasset" 7331
"../../../Engine/Content/EngineMaterials/Substrate/Glints2/dict_0002_0003.uasset" 7332
"../../../Engine/Content/EngineMaterials/Substrate/Glints2/dict_0002_0004.uasset" 7333
"/Engine/EngineMaterials/Substrate/Glints2/dict_0001_0243" 7334
"/Engine/EngineMaterials/Substrate/Glints2/dict_0001_0242" 7335
"/Engine/EngineMaterials/Substrate/Glints2/dict_0001_0241" 7336
"/Engine/EngineMaterials/Substrate/Glints2/dict_0001_0240" 7337
"/Engine/EngineMaterials/Substrate/Glints2/dict_0001_0239" 7338
"/Engine/EngineMaterials/Substrate/Glints2/dict_0001_0238" 7339
"/Engine/EngineMaterials/Substrate/Glints2/dict_0001_0237" 7340
"/Engine/EngineMaterials/Substrate/Glints2/dict_0001_0236" 7341
"/Engine/EngineMaterials/Substrate/Glints2/dict_0001_0235" 7342
"/Engine/EngineMaterials/Substrate/Glints2/dict_0001_0234" 7343
"/Engine/EngineMaterials/Substrate/Glints2/dict_0001_0233" 7344
"/Engine/EngineMaterials/Substrate/Glints2/dict_0001_0232" 7345
"/Engine/EngineMaterials/Substrate/Glints2/dict_0001_0231" 7346
"/Engine/EngineMaterials/Substrate/Glints2/dict_0001_0230" 7347
"/Engine/EngineMaterials/Substrate/Glints2/dict_0001_0229" 7348
"/Engine/EngineMaterials/Substrate/Glints2/dict_0002_0004" 7349
"../../../Engine/Content/EngineMaterials/Substrate/Glints2/dict_0002_0006.uasset" 7350
"../../../Engine/Content/EngineMaterials/Substrate/Glints2/dict_0002_0005.uasset" 7351
"../../../Engine/Content/EngineMaterials/Substrate/Glints2/dict_0002_0007.uasset" 7352
"../../../Engine/Content/EngineMaterials/Substrate/Glints2/dict_0002_0010.uasset" 7353
"../../../Engine/Content/EngineMaterials/Substrate/Glints2/dict_0002_0008.uasset" 7354
"../../../Engine/Content/EngineMaterials/Substrate/Glints2/dict_0002_0018.uasset" 7355
"../../../Engine/Content/EngineMaterials/Substrate/Glints2/dict_0002_0015.uasset" 7356
"/Engine/EngineMaterials/Substrate/Glints2/dict_0002_0003" 7357
"../../../Engine/Content/EngineMaterials/Substrate/Glints2/dict_0002_0013.uasset" 7358
"../../../Engine/Content/EngineMaterials/Substrate/Glints2/dict_0002_0017.uasset" 7359
"../../../Engine/Content/EngineMaterials/Substrate/Glints2/dict_0002_0011.uasset" 7360
"../../../Engine/Content/EngineMaterials/Substrate/Glints2/dict_0002_0014.uasset" 7361
"../../../Engine/Content/EngineMaterials/Substrate/Glints2/dict_0002_0019.uasset" 7362
"../../../Engine/Content/EngineMaterials/Substrate/Glints2/dict_0002_0012.uasset" 7363
"../../../Engine/Content/EngineMaterials/Substrate/Glints2/dict_0002_0009.uasset" 7364
"../../../Engine/Content/EngineMaterials/Substrate/Glints2/dict_0002_0020.uasset" 7365
"../../../Engine/Content/EngineMaterials/Substrate/Glints2/dict_0002_0016.uasset" 7366
"../../../Engine/Content/EngineMaterials/Substrate/Glints2/dict_0002_0021.uasset" 7367
"/Engine/EngineMaterials/Substrate/Glints2/dict_0002_0002" 7368
"/Engine/EngineMaterials/Substrate/Glints2/dict_0002_0001" 7369
"/Engine/EngineMaterials/Substrate/Glints2/dict_0002_0000" 7370
"/Engine/EngineMaterials/Substrate/Glints2/dict_0001_0255" 7371
"/Engine/EngineMaterials/Substrate/Glints2/dict_0001_0254" 7372
"/Engine/EngineMaterials/Substrate/Glints2/dict_0001_0253" 7373
"/Engine/EngineMaterials/Substrate/Glints2/dict_0001_0252" 7374
"/Engine/EngineMaterials/Substrate/Glints2/dict_0001_0251" 7375
"/Engine/EngineMaterials/Substrate/Glints2/dict_0001_0250" 7376
"/Engine/EngineMaterials/Substrate/Glints2/dict_0001_0249" 7377
"/Engine/EngineMaterials/Substrate/Glints2/dict_0001_0248" 7378
"/Engine/EngineMaterials/Substrate/Glints2/dict_0001_0247" 7379
"/Engine/EngineMaterials/Substrate/Glints2/dict_0001_0246" 7380
"/Engine/EngineMaterials/Substrate/Glints2/dict_0002_0021" 7381
"../../../Engine/Content/EngineMaterials/Substrate/Glints2/dict_0002_0023.uasset" 7382
"../../../Engine/Content/EngineMaterials/Substrate/Glints2/dict_0002_0024.uasset" 7383
"../../../Engine/Content/EngineMaterials/Substrate/Glints2/dict_0002_0022.uasset" 7384
"../../../Engine/Content/EngineMaterials/Substrate/Glints2/dict_0002_0026.uasset" 7385
"../../../Engine/Content/EngineMaterials/Substrate/Glints2/dict_0002_0027.uasset" 7386
"../../../Engine/Content/EngineMaterials/Substrate/Glints2/dict_0002_0030.uasset" 7387
"../../../Engine/Content/EngineMaterials/Substrate/Glints2/dict_0002_0029.uasset" 7388
"../../../Engine/Content/EngineMaterials/Substrate/Glints2/dict_0002_0025.uasset" 7389
"../../../Engine/Content/EngineMaterials/Substrate/Glints2/dict_0002_0035.uasset" 7390
"../../../Engine/Content/EngineMaterials/Substrate/Glints2/dict_0002_0031.uasset" 7391
"../../../Engine/Content/EngineMaterials/Substrate/Glints2/dict_0002_0028.uasset" 7392
"../../../Engine/Content/EngineMaterials/Substrate/Glints2/dict_0002_0032.uasset" 7393
"/Engine/EngineMaterials/Substrate/Glints2/dict_0002_0020" 7394
"../../../Engine/Content/EngineMaterials/Substrate/Glints2/dict_0002_0034.uasset" 7395
"../../../Engine/Content/EngineMaterials/Substrate/Glints2/dict_0002_0036.uasset" 7396
"../../../Engine/Content/EngineMaterials/Substrate/Glints2/dict_0002_0033.uasset" 7397
"/Engine/EngineMaterials/Substrate/Glints2/dict_0002_0019" 7398
"/Engine/EngineMaterials/Substrate/Glints2/dict_0002_0018" 7399
"/Engine/EngineMaterials/Substrate/Glints2/dict_0002_0017" 7400
"/Engine/EngineMaterials/Substrate/Glints2/dict_0002_0016" 7401
"/Engine/EngineMaterials/Substrate/Glints2/dict_0002_0015" 7402
"/Engine/EngineMaterials/Substrate/Glints2/dict_0002_0014" 7403
"/Engine/EngineMaterials/Substrate/Glints2/dict_0002_0013" 7404
"/Engine/EngineMaterials/Substrate/Glints2/dict_0002_0012" 7405
"/Engine/EngineMaterials/Substrate/Glints2/dict_0002_0011" 7406
"/Engine/EngineMaterials/Substrate/Glints2/dict_0002_0010" 7407
"/Engine/EngineMaterials/Substrate/Glints2/dict_0002_0009" 7408
"/Engine/EngineMaterials/Substrate/Glints2/dict_0002_0008" 7409
"/Engine/EngineMaterials/Substrate/Glints2/dict_0002_0007" 7410
"/Engine/EngineMaterials/Substrate/Glints2/dict_0002_0006" 7411
"/Engine/EngineMaterials/Substrate/Glints2/dict_0002_0005" 7412
"/Engine/EngineMaterials/Substrate/Glints2/dict_0002_0036" 7413
"../../../Engine/Content/EngineMaterials/Substrate/Glints2/dict_0002_0037.uasset" 7414
"../../../Engine/Content/EngineMaterials/Substrate/Glints2/dict_0002_0038.uasset" 7415
"../../../Engine/Content/EngineMaterials/Substrate/Glints2/dict_0002_0040.uasset" 7416
"../../../Engine/Content/EngineMaterials/Substrate/Glints2/dict_0002_0039.uasset" 7417
"../../../Engine/Content/EngineMaterials/Substrate/Glints2/dict_0002_0041.uasset" 7418
"../../../Engine/Content/EngineMaterials/Substrate/Glints2/dict_0002_0043.uasset" 7419
"../../../Engine/Content/EngineMaterials/Substrate/Glints2/dict_0002_0049.uasset" 7420
"../../../Engine/Content/EngineMaterials/Substrate/Glints2/dict_0002_0050.uasset" 7421
"../../../Engine/Content/EngineMaterials/Substrate/Glints2/dict_0002_0047.uasset" 7422
"../../../Engine/Content/EngineMaterials/Substrate/Glints2/dict_0002_0044.uasset" 7423
"../../../Engine/Content/EngineMaterials/Substrate/Glints2/dict_0002_0042.uasset" 7424
"../../../Engine/Content/EngineMaterials/Substrate/Glints2/dict_0002_0048.uasset" 7425
"../../../Engine/Content/EngineMaterials/Substrate/Glints2/dict_0002_0045.uasset" 7426
"/Engine/EngineMaterials/Substrate/Glints2/dict_0002_0035" 7427
"../../../Engine/Content/EngineMaterials/Substrate/Glints2/dict_0002_0046.uasset" 7428
"../../../Engine/Content/EngineMaterials/Substrate/Glints2/dict_0002_0052.uasset" 7429
"../../../Engine/Content/EngineMaterials/Substrate/Glints2/dict_0002_0053.uasset" 7430
"../../../Engine/Content/EngineMaterials/Substrate/Glints2/dict_0002_0051.uasset" 7431
"/Engine/EngineMaterials/Substrate/Glints2/dict_0002_0034" 7432
"/Engine/EngineMaterials/Substrate/Glints2/dict_0002_0033" 7433
"/Engine/EngineMaterials/Substrate/Glints2/dict_0002_0032" 7434
"/Engine/EngineMaterials/Substrate/Glints2/dict_0002_0031" 7435
"/Engine/EngineMaterials/Substrate/Glints2/dict_0002_0030" 7436
"/Engine/EngineMaterials/Substrate/Glints2/dict_0002_0029" 7437
"/Engine/EngineMaterials/Substrate/Glints2/dict_0002_0028" 7438
"/Engine/EngineMaterials/Substrate/Glints2/dict_0002_0027" 7439
"/Engine/EngineMaterials/Substrate/Glints2/dict_0002_0026" 7440
"/Engine/EngineMaterials/Substrate/Glints2/dict_0002_0025" 7441
"/Engine/EngineMaterials/Substrate/Glints2/dict_0002_0024" 7442
"/Engine/EngineMaterials/Substrate/Glints2/dict_0002_0023" 7443
"/Engine/EngineMaterials/Substrate/Glints2/dict_0002_0022" 7444
"/Engine/EngineMaterials/Substrate/Glints2/dict_0002_0053" 7445
"../../../Engine/Content/EngineMaterials/Substrate/Glints2/dict_0002_0055.uasset" 7446
"../../../Engine/Content/EngineMaterials/Substrate/Glints2/dict_0002_0054.uasset" 7447
"../../../Engine/Content/EngineMaterials/Substrate/Glints2/dict_0002_0056.uasset" 7448
"../../../Engine/Content/EngineMaterials/Substrate/Glints2/dict_0002_0058.uasset" 7449
"../../../Engine/Content/EngineMaterials/Substrate/Glints2/dict_0002_0060.uasset" 7450
"../../../Engine/Content/EngineMaterials/Substrate/Glints2/dict_0002_0061.uasset" 7451
"../../../Engine/Content/EngineMaterials/Substrate/Glints2/dict_0002_0065.uasset" 7452
"../../../Engine/Content/EngineMaterials/Substrate/Glints2/dict_0002_0059.uasset" 7453
"../../../Engine/Content/EngineMaterials/Substrate/Glints2/dict_0002_0062.uasset" 7454
"../../../Engine/Content/EngineMaterials/Substrate/Glints2/dict_0002_0064.uasset" 7455
"../../../Engine/Content/EngineMaterials/Substrate/Glints2/dict_0002_0067.uasset" 7456
"../../../Engine/Content/EngineMaterials/Substrate/Glints2/dict_0002_0066.uasset" 7457
"../../../Engine/Content/EngineMaterials/Substrate/Glints2/dict_0002_0068.uasset" 7458
"../../../Engine/Content/EngineMaterials/Substrate/Glints2/dict_0002_0063.uasset" 7459
"../../../Engine/Content/EngineMaterials/Substrate/Glints2/dict_0002_0057.uasset" 7460
"/Engine/EngineMaterials/Substrate/Glints2/dict_0002_0052" 7461
"/Engine/EngineMaterials/Substrate/Glints2/dict_0002_0051" 7462
"/Engine/EngineMaterials/Substrate/Glints2/dict_0002_0050" 7463
"/Engine/EngineMaterials/Substrate/Glints2/dict_0002_0049" 7464
"/Engine/EngineMaterials/Substrate/Glints2/dict_0002_0048" 7465
"/Engine/EngineMaterials/Substrate/Glints2/dict_0002_0047" 7466
"/Engine/EngineMaterials/Substrate/Glints2/dict_0002_0046" 7467
"/Engine/EngineMaterials/Substrate/Glints2/dict_0002_0045" 7468
"/Engine/EngineMaterials/Substrate/Glints2/dict_0002_0044" 7469
"/Engine/EngineMaterials/Substrate/Glints2/dict_0002_0043" 7470
"/Engine/EngineMaterials/Substrate/Glints2/dict_0002_0042" 7471
"/Engine/EngineMaterials/Substrate/Glints2/dict_0002_0041" 7472
"/Engine/EngineMaterials/Substrate/Glints2/dict_0002_0040" 7473
"/Engine/EngineMaterials/Substrate/Glints2/dict_0002_0039" 7474
"/Engine/EngineMaterials/Substrate/Glints2/dict_0002_0038" 7475
"/Engine/EngineMaterials/Substrate/Glints2/dict_0002_0037" 7476
"/Engine/EngineMaterials/Substrate/Glints2/dict_0002_0068" 7477
"../../../Engine/Content/EngineMaterials/Substrate/Glints2/dict_0002_0069.uasset" 7478
"../../../Engine/Content/EngineMaterials/Substrate/Glints2/dict_0002_0072.uasset" 7479
"../../../Engine/Content/EngineMaterials/Substrate/Glints2/dict_0002_0070.uasset" 7480
"../../../Engine/Content/EngineMaterials/Substrate/Glints2/dict_0002_0073.uasset" 7481
"../../../Engine/Content/EngineMaterials/Substrate/Glints2/dict_0002_0071.uasset" 7482
"../../../Engine/Content/EngineMaterials/Substrate/Glints2/dict_0002_0074.uasset" 7483
"/Engine/EngineMaterials/Substrate/Glints2/dict_0002_0067" 7484
"../../../Engine/Content/EngineMaterials/Substrate/Glints2/dict_0002_0077.uasset" 7485
"../../../Engine/Content/EngineMaterials/Substrate/Glints2/dict_0002_0082.uasset" 7486
"../../../Engine/Content/EngineMaterials/Substrate/Glints2/dict_0002_0078.uasset" 7487
"../../../Engine/Content/EngineMaterials/Substrate/Glints2/dict_0002_0080.uasset" 7488
"../../../Engine/Content/EngineMaterials/Substrate/Glints2/dict_0002_0083.uasset" 7489
"../../../Engine/Content/EngineMaterials/Substrate/Glints2/dict_0002_0079.uasset" 7490
"../../../Engine/Content/EngineMaterials/Substrate/Glints2/dict_0002_0076.uasset" 7491
"../../../Engine/Content/EngineMaterials/Substrate/Glints2/dict_0002_0081.uasset" 7492
"../../../Engine/Content/EngineMaterials/Substrate/Glints2/dict_0002_0075.uasset" 7493
"../../../Engine/Content/EngineMaterials/Substrate/Glints2/dict_0002_0084.uasset" 7494
"../../../Engine/Content/EngineMaterials/Substrate/Glints2/dict_0002_0085.uasset" 7495
"/Engine/EngineMaterials/Substrate/Glints2/dict_0002_0066" 7496
"/Engine/EngineMaterials/Substrate/Glints2/dict_0002_0065" 7497
"/Engine/EngineMaterials/Substrate/Glints2/dict_0002_0064" 7498
"/Engine/EngineMaterials/Substrate/Glints2/dict_0002_0063" 7499
"/Engine/EngineMaterials/Substrate/Glints2/dict_0002_0062" 7500
"/Engine/EngineMaterials/Substrate/Glints2/dict_0002_0061" 7501
"/Engine/EngineMaterials/Substrate/Glints2/dict_0002_0060" 7502
"/Engine/EngineMaterials/Substrate/Glints2/dict_0002_0059" 7503
"/Engine/EngineMaterials/Substrate/Glints2/dict_0002_0058" 7504
"/Engine/EngineMaterials/Substrate/Glints2/dict_0002_0057" 7505
"/Engine/EngineMaterials/Substrate/Glints2/dict_0002_0056" 7506
"/Engine/EngineMaterials/Substrate/Glints2/dict_0002_0055" 7507
"/Engine/EngineMaterials/Substrate/Glints2/dict_0002_0054" 7508
"/Engine/EngineMaterials/Substrate/Glints2/dict_0002_0085" 7509
"../../../Engine/Content/EngineMaterials/Substrate/Glints2/dict_0002_0087.uasset" 7510
"../../../Engine/Content/EngineMaterials/Substrate/Glints2/dict_0002_0086.uasset" 7511
"../../../Engine/Content/EngineMaterials/Substrate/Glints2/dict_0002_0092.uasset" 7512
"../../../Engine/Content/EngineMaterials/Substrate/Glints2/dict_0002_0091.uasset" 7513
"../../../Engine/Content/EngineMaterials/Substrate/Glints2/dict_0002_0094.uasset" 7514
"../../../Engine/Content/EngineMaterials/Substrate/Glints2/dict_0002_0096.uasset" 7515
"../../../Engine/Content/EngineMaterials/Substrate/Glints2/dict_0002_0088.uasset" 7516
"../../../Engine/Content/EngineMaterials/Substrate/Glints2/dict_0002_0098.uasset" 7517
"../../../Engine/Content/EngineMaterials/Substrate/Glints2/dict_0002_0090.uasset" 7518
"../../../Engine/Content/EngineMaterials/Substrate/Glints2/dict_0002_0095.uasset" 7519
"/Engine/EngineMaterials/Substrate/Glints2/dict_0002_0084" 7520
"../../../Engine/Content/EngineMaterials/Substrate/Glints2/dict_0002_0093.uasset" 7521
"../../../Engine/Content/EngineMaterials/Substrate/Glints2/dict_0002_0099.uasset" 7522
"../../../Engine/Content/EngineMaterials/Substrate/Glints2/dict_0002_0100.uasset" 7523
"../../../Engine/Content/EngineMaterials/Substrate/Glints2/dict_0002_0089.uasset" 7524
"../../../Engine/Content/EngineMaterials/Substrate/Glints2/dict_0002_0097.uasset" 7525
"/Engine/EngineMaterials/Substrate/Glints2/dict_0002_0083" 7526
"/Engine/EngineMaterials/Substrate/Glints2/dict_0002_0082" 7527
"/Engine/EngineMaterials/Substrate/Glints2/dict_0002_0081" 7528
"/Engine/EngineMaterials/Substrate/Glints2/dict_0002_0080" 7529
"/Engine/EngineMaterials/Substrate/Glints2/dict_0002_0079" 7530
"/Engine/EngineMaterials/Substrate/Glints2/dict_0002_0078" 7531
"/Engine/EngineMaterials/Substrate/Glints2/dict_0002_0077" 7532
"/Engine/EngineMaterials/Substrate/Glints2/dict_0002_0076" 7533
"/Engine/EngineMaterials/Substrate/Glints2/dict_0002_0075" 7534
"/Engine/EngineMaterials/Substrate/Glints2/dict_0002_0074" 7535
"/Engine/EngineMaterials/Substrate/Glints2/dict_0002_0073" 7536
"/Engine/EngineMaterials/Substrate/Glints2/dict_0002_0072" 7537
"/Engine/EngineMaterials/Substrate/Glints2/dict_0002_0071" 7538
"/Engine/EngineMaterials/Substrate/Glints2/dict_0002_0070" 7539
"/Engine/EngineMaterials/Substrate/Glints2/dict_0002_0069" 7540
"/Engine/EngineMaterials/Substrate/Glints2/dict_0002_0100" 7541
"/Engine/EngineMaterials/Substrate/Glints2/dict_0002_0099" 7542
"../../../Engine/Content/EngineMaterials/Substrate/Glints2/dict_0002_0101.uasset" 7543
"../../../Engine/Content/EngineMaterials/Substrate/Glints2/dict_0002_0105.uasset" 7544
"../../../Engine/Content/EngineMaterials/Substrate/Glints2/dict_0002_0112.uasset" 7545
"../../../Engine/Content/EngineMaterials/Substrate/Glints2/dict_0002_0103.uasset" 7546
"../../../Engine/Content/EngineMaterials/Substrate/Glints2/dict_0002_0106.uasset" 7547
"../../../Engine/Content/EngineMaterials/Substrate/Glints2/dict_0002_0104.uasset" 7548
"../../../Engine/Content/EngineMaterials/Substrate/Glints2/dict_0002_0110.uasset" 7549
"../../../Engine/Content/EngineMaterials/Substrate/Glints2/dict_0002_0109.uasset" 7550
"../../../Engine/Content/EngineMaterials/Substrate/Glints2/dict_0002_0107.uasset" 7551
"../../../Engine/Content/EngineMaterials/Substrate/Glints2/dict_0002_0102.uasset" 7552
"../../../Engine/Content/EngineMaterials/Substrate/Glints2/dict_0002_0111.uasset" 7553
"../../../Engine/Content/EngineMaterials/Substrate/Glints2/dict_0002_0113.uasset" 7554
"../../../Engine/Content/EngineMaterials/Substrate/Glints2/dict_0002_0115.uasset" 7555
"../../../Engine/Content/EngineMaterials/Substrate/Glints2/dict_0002_0114.uasset" 7556
"../../../Engine/Content/EngineMaterials/Substrate/Glints2/dict_0002_0108.uasset" 7557
"/Engine/EngineMaterials/Substrate/Glints2/dict_0002_0098" 7558
"../../../Engine/Content/EngineMaterials/Substrate/Glints2/dict_0002_0116.uasset" 7559
"../../../Engine/Content/EngineMaterials/Substrate/Glints2/dict_0002_0117.uasset" 7560
"/Engine/EngineMaterials/Substrate/Glints2/dict_0002_0097" 7561
"/Engine/EngineMaterials/Substrate/Glints2/dict_0002_0096" 7562
"/Engine/EngineMaterials/Substrate/Glints2/dict_0002_0095" 7563
"/Engine/EngineMaterials/Substrate/Glints2/dict_0002_0094" 7564
"/Engine/EngineMaterials/Substrate/Glints2/dict_0002_0093" 7565
"/Engine/EngineMaterials/Substrate/Glints2/dict_0002_0092" 7566
"/Engine/EngineMaterials/Substrate/Glints2/dict_0002_0091" 7567
"/Engine/EngineMaterials/Substrate/Glints2/dict_0002_0090" 7568
"/Engine/EngineMaterials/Substrate/Glints2/dict_0002_0089" 7569
"/Engine/EngineMaterials/Substrate/Glints2/dict_0002_0088" 7570
"/Engine/EngineMaterials/Substrate/Glints2/dict_0002_0087" 7571
"/Engine/EngineMaterials/Substrate/Glints2/dict_0002_0086" 7572
"/Engine/EngineMaterials/Substrate/Glints2/dict_0002_0117" 7573
"../../../Engine/Content/EngineMaterials/Substrate/Glints2/dict_0002_0119.uasset" 7574
"../../../Engine/Content/EngineMaterials/Substrate/Glints2/dict_0002_0123.uasset" 7575
"../../../Engine/Content/EngineMaterials/Substrate/Glints2/dict_0002_0124.uasset" 7576
"../../../Engine/Content/EngineMaterials/Substrate/Glints2/dict_0002_0118.uasset" 7577
"../../../Engine/Content/EngineMaterials/Substrate/Glints2/dict_0002_0126.uasset" 7578
"../../../Engine/Content/EngineMaterials/Substrate/Glints2/dict_0002_0127.uasset" 7579
"../../../Engine/Content/EngineMaterials/Substrate/Glints2/dict_0002_0129.uasset" 7580
"/Engine/EngineMaterials/Substrate/Glints2/dict_0002_0116" 7581
"../../../Engine/Content/EngineMaterials/Substrate/Glints2/dict_0002_0128.uasset" 7582
"../../../Engine/Content/EngineMaterials/Substrate/Glints2/dict_0002_0125.uasset" 7583
"../../../Engine/Content/EngineMaterials/Substrate/Glints2/dict_0002_0122.uasset" 7584
"../../../Engine/Content/EngineMaterials/Substrate/Glints2/dict_0002_0132.uasset" 7585
"../../../Engine/Content/EngineMaterials/Substrate/Glints2/dict_0002_0121.uasset" 7586
"../../../Engine/Content/EngineMaterials/Substrate/Glints2/dict_0002_0131.uasset" 7587
"../../../Engine/Content/EngineMaterials/Substrate/Glints2/dict_0002_0130.uasset" 7588
"../../../Engine/Content/EngineMaterials/Substrate/Glints2/dict_0002_0120.uasset" 7589
"/Engine/EngineMaterials/Substrate/Glints2/dict_0002_0115" 7590
"/Engine/EngineMaterials/Substrate/Glints2/dict_0002_0114" 7591
"/Engine/EngineMaterials/Substrate/Glints2/dict_0002_0113" 7592
"/Engine/EngineMaterials/Substrate/Glints2/dict_0002_0112" 7593
"/Engine/EngineMaterials/Substrate/Glints2/dict_0002_0111" 7594
"/Engine/EngineMaterials/Substrate/Glints2/dict_0002_0110" 7595
"/Engine/EngineMaterials/Substrate/Glints2/dict_0002_0109" 7596
"/Engine/EngineMaterials/Substrate/Glints2/dict_0002_0108" 7597
"/Engine/EngineMaterials/Substrate/Glints2/dict_0002_0107" 7598
"/Engine/EngineMaterials/Substrate/Glints2/dict_0002_0106" 7599
"/Engine/EngineMaterials/Substrate/Glints2/dict_0002_0105" 7600
"/Engine/EngineMaterials/Substrate/Glints2/dict_0002_0104" 7601
"/Engine/EngineMaterials/Substrate/Glints2/dict_0002_0103" 7602
"/Engine/EngineMaterials/Substrate/Glints2/dict_0002_0102" 7603
"/Engine/EngineMaterials/Substrate/Glints2/dict_0002_0101" 7604
"/Engine/EngineMaterials/Substrate/Glints2/dict_0002_0132" 7605
"../../../Engine/Content/EngineMaterials/Substrate/Glints2/dict_0002_0134.uasset" 7606
"../../../Engine/Content/EngineMaterials/Substrate/Glints2/dict_0002_0136.uasset" 7607
"/Engine/EngineMaterials/Substrate/Glints2/dict_0002_0131" 7608
"../../../Engine/Content/EngineMaterials/Substrate/Glints2/dict_0002_0142.uasset" 7609
"../../../Engine/Content/EngineMaterials/Substrate/Glints2/dict_0002_0141.uasset" 7610
"../../../Engine/Content/EngineMaterials/Substrate/Glints2/dict_0002_0137.uasset" 7611
"../../../Engine/Content/EngineMaterials/Substrate/Glints2/dict_0002_0139.uasset" 7612
"../../../Engine/Content/EngineMaterials/Substrate/Glints2/dict_0002_0135.uasset" 7613
"../../../Engine/Content/EngineMaterials/Substrate/Glints2/dict_0002_0133.uasset" 7614
"../../../Engine/Content/EngineMaterials/Substrate/Glints2/dict_0002_0140.uasset" 7615
"../../../Engine/Content/EngineMaterials/Substrate/Glints2/dict_0002_0146.uasset" 7616
"../../../Engine/Content/EngineMaterials/Substrate/Glints2/dict_0002_0143.uasset" 7617
"../../../Engine/Content/EngineMaterials/Substrate/Glints2/dict_0002_0138.uasset" 7618
"../../../Engine/Content/EngineMaterials/Substrate/Glints2/dict_0002_0144.uasset" 7619
"../../../Engine/Content/EngineMaterials/Substrate/Glints2/dict_0002_0145.uasset" 7620
"../../../Engine/Content/EngineMaterials/Substrate/Glints2/dict_0002_0147.uasset" 7621
"../../../Engine/Content/EngineMaterials/Substrate/Glints2/dict_0002_0148.uasset" 7622
"../../../Engine/Content/EngineMaterials/Substrate/Glints2/dict_0002_0149.uasset" 7623
"/Engine/EngineMaterials/Substrate/Glints2/dict_0002_0130" 7624
"/Engine/EngineMaterials/Substrate/Glints2/dict_0002_0129" 7625
"/Engine/EngineMaterials/Substrate/Glints2/dict_0002_0128" 7626
"/Engine/EngineMaterials/Substrate/Glints2/dict_0002_0127" 7627
"/Engine/EngineMaterials/Substrate/Glints2/dict_0002_0126" 7628
"/Engine/EngineMaterials/Substrate/Glints2/dict_0002_0125" 7629
"/Engine/EngineMaterials/Substrate/Glints2/dict_0002_0124" 7630
"/Engine/EngineMaterials/Substrate/Glints2/dict_0002_0123" 7631
"/Engine/EngineMaterials/Substrate/Glints2/dict_0002_0122" 7632
"/Engine/EngineMaterials/Substrate/Glints2/dict_0002_0121" 7633
"/Engine/EngineMaterials/Substrate/Glints2/dict_0002_0120" 7634
"/Engine/EngineMaterials/Substrate/Glints2/dict_0002_0119" 7635
"/Engine/EngineMaterials/Substrate/Glints2/dict_0002_0118" 7636
"/Engine/EngineMaterials/Substrate/Glints2/dict_0002_0149" 7637
"../../../Engine/Content/EngineMaterials/Substrate/Glints2/dict_0002_0152.uasset" 7638
"../../../Engine/Content/EngineMaterials/Substrate/Glints2/dict_0002_0156.uasset" 7639
"../../../Engine/Content/EngineMaterials/Substrate/Glints2/dict_0002_0155.uasset" 7640
"../../../Engine/Content/EngineMaterials/Substrate/Glints2/dict_0002_0150.uasset" 7641
"../../../Engine/Content/EngineMaterials/Substrate/Glints2/dict_0002_0159.uasset" 7642
"../../../Engine/Content/EngineMaterials/Substrate/Glints2/dict_0002_0161.uasset" 7643
"../../../Engine/Content/EngineMaterials/Substrate/Glints2/dict_0002_0157.uasset" 7644
"../../../Engine/Content/EngineMaterials/Substrate/Glints2/dict_0002_0162.uasset" 7645
"../../../Engine/Content/EngineMaterials/Substrate/Glints2/dict_0002_0153.uasset" 7646
"../../../Engine/Content/EngineMaterials/Substrate/Glints2/dict_0002_0164.uasset" 7647
"../../../Engine/Content/EngineMaterials/Substrate/Glints2/dict_0002_0163.uasset" 7648
"../../../Engine/Content/EngineMaterials/Substrate/Glints2/dict_0002_0151.uasset" 7649
"../../../Engine/Content/EngineMaterials/Substrate/Glints2/dict_0002_0160.uasset" 7650
"/Engine/EngineMaterials/Substrate/Glints2/dict_0002_0148" 7651
"../../../Engine/Content/EngineMaterials/Substrate/Glints2/dict_0002_0154.uasset" 7652
"../../../Engine/Content/EngineMaterials/Substrate/Glints2/dict_0002_0158.uasset" 7653
"/Engine/EngineMaterials/Substrate/Glints2/dict_0002_0147" 7654
"/Engine/EngineMaterials/Substrate/Glints2/dict_0002_0146" 7655
"/Engine/EngineMaterials/Substrate/Glints2/dict_0002_0145" 7656
"/Engine/EngineMaterials/Substrate/Glints2/dict_0002_0144" 7657
"/Engine/EngineMaterials/Substrate/Glints2/dict_0002_0143" 7658
"/Engine/EngineMaterials/Substrate/Glints2/dict_0002_0142" 7659
"/Engine/EngineMaterials/Substrate/Glints2/dict_0002_0141" 7660
"/Engine/EngineMaterials/Substrate/Glints2/dict_0002_0140" 7661
"/Engine/EngineMaterials/Substrate/Glints2/dict_0002_0139" 7662
"/Engine/EngineMaterials/Substrate/Glints2/dict_0002_0138" 7663
"/Engine/EngineMaterials/Substrate/Glints2/dict_0002_0137" 7664
"/Engine/EngineMaterials/Substrate/Glints2/dict_0002_0136" 7665
"/Engine/EngineMaterials/Substrate/Glints2/dict_0002_0135" 7666
"/Engine/EngineMaterials/Substrate/Glints2/dict_0002_0134" 7667
"/Engine/EngineMaterials/Substrate/Glints2/dict_0002_0133" 7668
"/Engine/EngineMaterials/Substrate/Glints2/dict_0002_0164" 7669
"../../../Engine/Content/EngineMaterials/Substrate/Glints2/dict_0002_0165.uasset" 7670
"../../../Engine/Content/EngineMaterials/Substrate/Glints2/dict_0002_0166.uasset" 7671
"../../../Engine/Content/EngineMaterials/Substrate/Glints2/dict_0002_0167.uasset" 7672
"../../../Engine/Content/EngineMaterials/Substrate/Glints2/dict_0002_0168.uasset" 7673
"../../../Engine/Content/EngineMaterials/Substrate/Glints2/dict_0002_0169.uasset" 7674
"../../../Engine/Content/EngineMaterials/Substrate/Glints2/dict_0002_0170.uasset" 7675
"../../../Engine/Content/EngineMaterials/Substrate/Glints2/dict_0002_0171.uasset" 7676
"../../../Engine/Content/EngineMaterials/Substrate/Glints2/dict_0002_0173.uasset" 7677
"../../../Engine/Content/EngineMaterials/Substrate/Glints2/dict_0002_0177.uasset" 7678
"../../../Engine/Content/EngineMaterials/Substrate/Glints2/dict_0002_0174.uasset" 7679
"../../../Engine/Content/EngineMaterials/Substrate/Glints2/dict_0002_0172.uasset" 7680
"../../../Engine/Content/EngineMaterials/Substrate/Glints2/dict_0002_0175.uasset" 7681
"../../../Engine/Content/EngineMaterials/Substrate/Glints2/dict_0002_0176.uasset" 7682
"../../../Engine/Content/EngineMaterials/Substrate/Glints2/dict_0002_0178.uasset" 7683
"/Engine/EngineMaterials/Substrate/Glints2/dict_0002_0163" 7684
"../../../Engine/Content/EngineMaterials/Substrate/Glints2/dict_0002_0180.uasset" 7685
"../../../Engine/Content/EngineMaterials/Substrate/Glints2/dict_0002_0179.uasset" 7686
"../../../Engine/Content/EngineMaterials/Substrate/Glints2/dict_0002_0181.uasset" 7687
"/Engine/EngineMaterials/Substrate/Glints2/dict_0002_0162" 7688
"/Engine/EngineMaterials/Substrate/Glints2/dict_0002_0161" 7689
"/Engine/EngineMaterials/Substrate/Glints2/dict_0002_0160" 7690
"/Engine/EngineMaterials/Substrate/Glints2/dict_0002_0159" 7691
"/Engine/EngineMaterials/Substrate/Glints2/dict_0002_0158" 7692
"/Engine/EngineMaterials/Substrate/Glints2/dict_0002_0157" 7693
"/Engine/EngineMaterials/Substrate/Glints2/dict_0002_0156" 7694
"/Engine/EngineMaterials/Substrate/Glints2/dict_0002_0155" 7695
"/Engine/EngineMaterials/Substrate/Glints2/dict_0002_0154" 7696
"/Engine/EngineMaterials/Substrate/Glints2/dict_0002_0153" 7697
"/Engine/EngineMaterials/Substrate/Glints2/dict_0002_0152" 7698
"/Engine/EngineMaterials/Substrate/Glints2/dict_0002_0151" 7699
"/Engine/EngineMaterials/Substrate/Glints2/dict_0002_0150" 7700
"/Engine/EngineMaterials/Substrate/Glints2/dict_0002_0181" 7701
"../../../Engine/Content/EngineMaterials/Substrate/Glints2/dict_0002_0184.uasset" 7702
"../../../Engine/Content/EngineMaterials/Substrate/Glints2/dict_0002_0187.uasset" 7703
"../../../Engine/Content/EngineMaterials/Substrate/Glints2/dict_0002_0189.uasset" 7704
"/Engine/EngineMaterials/Substrate/Glints2/dict_0002_0180" 7705
"../../../Engine/Content/EngineMaterials/Substrate/Glints2/dict_0002_0191.uasset" 7706
"../../../Engine/Content/EngineMaterials/Substrate/Glints2/dict_0002_0190.uasset" 7707
"../../../Engine/Content/EngineMaterials/Substrate/Glints2/dict_0002_0193.uasset" 7708
"../../../Engine/Content/EngineMaterials/Substrate/Glints2/dict_0002_0192.uasset" 7709
"../../../Engine/Content/EngineMaterials/Substrate/Glints2/dict_0002_0185.uasset" 7710
"../../../Engine/Content/EngineMaterials/Substrate/Glints2/dict_0002_0195.uasset" 7711
"../../../Engine/Content/EngineMaterials/Substrate/Glints2/dict_0002_0183.uasset" 7712
"../../../Engine/Content/EngineMaterials/Substrate/Glints2/dict_0002_0182.uasset" 7713
"../../../Engine/Content/EngineMaterials/Substrate/Glints2/dict_0002_0188.uasset" 7714
"../../../Engine/Content/EngineMaterials/Substrate/Glints2/dict_0002_0186.uasset" 7715
"../../../Engine/Content/EngineMaterials/Substrate/Glints2/dict_0002_0194.uasset" 7716
"/Engine/EngineMaterials/Substrate/Glints2/dict_0002_0179" 7717
"../../../Engine/Content/EngineMaterials/Substrate/Glints2/dict_0002_0196.uasset" 7718
"/Engine/EngineMaterials/Substrate/Glints2/dict_0002_0178" 7719
"/Engine/EngineMaterials/Substrate/Glints2/dict_0002_0177" 7720
"/Engine/EngineMaterials/Substrate/Glints2/dict_0002_0176" 7721
"/Engine/EngineMaterials/Substrate/Glints2/dict_0002_0175" 7722
"/Engine/EngineMaterials/Substrate/Glints2/dict_0002_0174" 7723
"/Engine/EngineMaterials/Substrate/Glints2/dict_0002_0173" 7724
"/Engine/EngineMaterials/Substrate/Glints2/dict_0002_0172" 7725
"/Engine/EngineMaterials/Substrate/Glints2/dict_0002_0171" 7726
"/Engine/EngineMaterials/Substrate/Glints2/dict_0002_0170" 7727
"/Engine/EngineMaterials/Substrate/Glints2/dict_0002_0169" 7728
"/Engine/EngineMaterials/Substrate/Glints2/dict_0002_0168" 7729
"/Engine/EngineMaterials/Substrate/Glints2/dict_0002_0167" 7730
"/Engine/EngineMaterials/Substrate/Glints2/dict_0002_0166" 7731
"/Engine/EngineMaterials/Substrate/Glints2/dict_0002_0165" 7732
"/Engine/EngineMaterials/Substrate/Glints2/dict_0002_0196" 7733
"../../../Engine/Content/EngineMaterials/Substrate/Glints2/dict_0002_0200.uasset" 7734
"../../../Engine/Content/EngineMaterials/Substrate/Glints2/dict_0002_0197.uasset" 7735
"../../../Engine/Content/EngineMaterials/Substrate/Glints2/dict_0002_0201.uasset" 7736
"../../../Engine/Content/EngineMaterials/Substrate/Glints2/dict_0002_0202.uasset" 7737
"../../../Engine/Content/EngineMaterials/Substrate/Glints2/dict_0002_0204.uasset" 7738
"../../../Engine/Content/EngineMaterials/Substrate/Glints2/dict_0002_0209.uasset" 7739
"../../../Engine/Content/EngineMaterials/Substrate/Glints2/dict_0002_0207.uasset" 7740
"../../../Engine/Content/EngineMaterials/Substrate/Glints2/dict_0002_0208.uasset" 7741
"../../../Engine/Content/EngineMaterials/Substrate/Glints2/dict_0002_0210.uasset" 7742
"../../../Engine/Content/EngineMaterials/Substrate/Glints2/dict_0002_0199.uasset" 7743
"../../../Engine/Content/EngineMaterials/Substrate/Glints2/dict_0002_0206.uasset" 7744
"/Engine/EngineMaterials/Substrate/Glints2/dict_0002_0195" 7745
"../../../Engine/Content/EngineMaterials/Substrate/Glints2/dict_0002_0198.uasset" 7746
"../../../Engine/Content/EngineMaterials/Substrate/Glints2/dict_0002_0203.uasset" 7747
"../../../Engine/Content/EngineMaterials/Substrate/Glints2/dict_0002_0211.uasset" 7748
"../../../Engine/Content/EngineMaterials/Substrate/Glints2/dict_0002_0205.uasset" 7749
"../../../Engine/Content/EngineMaterials/Substrate/Glints2/dict_0002_0213.uasset" 7750
"../../../Engine/Content/EngineMaterials/Substrate/Glints2/dict_0002_0212.uasset" 7751
"/Engine/EngineMaterials/Substrate/Glints2/dict_0002_0194" 7752
"/Engine/EngineMaterials/Substrate/Glints2/dict_0002_0193" 7753
"/Engine/EngineMaterials/Substrate/Glints2/dict_0002_0192" 7754
"/Engine/EngineMaterials/Substrate/Glints2/dict_0002_0191" 7755
"/Engine/EngineMaterials/Substrate/Glints2/dict_0002_0190" 7756
"/Engine/EngineMaterials/Substrate/Glints2/dict_0002_0189" 7757
"/Engine/EngineMaterials/Substrate/Glints2/dict_0002_0188" 7758
"/Engine/EngineMaterials/Substrate/Glints2/dict_0002_0187" 7759
"/Engine/EngineMaterials/Substrate/Glints2/dict_0002_0186" 7760
"/Engine/EngineMaterials/Substrate/Glints2/dict_0002_0185" 7761
"/Engine/EngineMaterials/Substrate/Glints2/dict_0002_0184" 7762
"/Engine/EngineMaterials/Substrate/Glints2/dict_0002_0183" 7763
"/Engine/EngineMaterials/Substrate/Glints2/dict_0002_0182" 7764
"/Engine/EngineMaterials/Substrate/Glints2/dict_0002_0213" 7765
"../../../Engine/Content/EngineMaterials/Substrate/Glints2/dict_0002_0214.uasset" 7766
"../../../Engine/Content/EngineMaterials/Substrate/Glints2/dict_0002_0215.uasset" 7767
"../../../Engine/Content/EngineMaterials/Substrate/Glints2/dict_0002_0216.uasset" 7768
"../../../Engine/Content/EngineMaterials/Substrate/Glints2/dict_0002_0219.uasset" 7769
"../../../Engine/Content/EngineMaterials/Substrate/Glints2/dict_0002_0218.uasset" 7770
"/Engine/EngineMaterials/Substrate/Glints2/dict_0002_0212" 7771
"../../../Engine/Content/EngineMaterials/Substrate/Glints2/dict_0002_0226.uasset" 7772
"../../../Engine/Content/EngineMaterials/Substrate/Glints2/dict_0002_0217.uasset" 7773
"../../../Engine/Content/EngineMaterials/Substrate/Glints2/dict_0002_0225.uasset" 7774
"../../../Engine/Content/EngineMaterials/Substrate/Glints2/dict_0002_0223.uasset" 7775
"../../../Engine/Content/EngineMaterials/Substrate/Glints2/dict_0002_0224.uasset" 7776
"../../../Engine/Content/EngineMaterials/Substrate/Glints2/dict_0002_0228.uasset" 7777
"../../../Engine/Content/EngineMaterials/Substrate/Glints2/dict_0002_0220.uasset" 7778
"../../../Engine/Content/EngineMaterials/Substrate/Glints2/dict_0002_0221.uasset" 7779
"../../../Engine/Content/EngineMaterials/Substrate/Glints2/dict_0002_0227.uasset" 7780
"../../../Engine/Content/EngineMaterials/Substrate/Glints2/dict_0002_0222.uasset" 7781
"/Engine/EngineMaterials/Substrate/Glints2/dict_0002_0211" 7782
"/Engine/EngineMaterials/Substrate/Glints2/dict_0002_0210" 7783
"/Engine/EngineMaterials/Substrate/Glints2/dict_0002_0209" 7784
"/Engine/EngineMaterials/Substrate/Glints2/dict_0002_0208" 7785
"/Engine/EngineMaterials/Substrate/Glints2/dict_0002_0207" 7786
"/Engine/EngineMaterials/Substrate/Glints2/dict_0002_0206" 7787
"/Engine/EngineMaterials/Substrate/Glints2/dict_0002_0205" 7788
"/Engine/EngineMaterials/Substrate/Glints2/dict_0002_0204" 7789
"/Engine/EngineMaterials/Substrate/Glints2/dict_0002_0203" 7790
"/Engine/EngineMaterials/Substrate/Glints2/dict_0002_0202" 7791
"/Engine/EngineMaterials/Substrate/Glints2/dict_0002_0201" 7792
"/Engine/EngineMaterials/Substrate/Glints2/dict_0002_0200" 7793
"/Engine/EngineMaterials/Substrate/Glints2/dict_0002_0199" 7794
"/Engine/EngineMaterials/Substrate/Glints2/dict_0002_0198" 7795
"/Engine/EngineMaterials/Substrate/Glints2/dict_0002_0197" 7796
"/Engine/EngineMaterials/Substrate/Glints2/dict_0002_0228" 7797
"/Engine/EngineMaterials/Substrate/Glints2/dict_0002_0227" 7798
"../../../Engine/Content/EngineMaterials/Substrate/Glints2/dict_0002_0230.uasset" 7799
"../../../Engine/Content/EngineMaterials/Substrate/Glints2/dict_0002_0229.uasset" 7800
"../../../Engine/Content/EngineMaterials/Substrate/Glints2/dict_0002_0234.uasset" 7801
"../../../Engine/Content/EngineMaterials/Substrate/Glints2/dict_0002_0236.uasset" 7802
"../../../Engine/Content/EngineMaterials/Substrate/Glints2/dict_0002_0237.uasset" 7803
"../../../Engine/Content/EngineMaterials/Substrate/Glints2/dict_0002_0239.uasset" 7804
"../../../Engine/Content/EngineMaterials/Substrate/Glints2/dict_0002_0242.uasset" 7805
"../../../Engine/Content/EngineMaterials/Substrate/Glints2/dict_0002_0231.uasset" 7806
"../../../Engine/Content/EngineMaterials/Substrate/Glints2/dict_0002_0240.uasset" 7807
"../../../Engine/Content/EngineMaterials/Substrate/Glints2/dict_0002_0238.uasset" 7808
"../../../Engine/Content/EngineMaterials/Substrate/Glints2/dict_0002_0235.uasset" 7809
"../../../Engine/Content/EngineMaterials/Substrate/Glints2/dict_0002_0232.uasset" 7810
"../../../Engine/Content/EngineMaterials/Substrate/Glints2/dict_0002_0241.uasset" 7811
"../../../Engine/Content/EngineMaterials/Substrate/Glints2/dict_0002_0233.uasset" 7812
"/Engine/EngineMaterials/Substrate/Glints2/dict_0002_0226" 7813
"../../../Engine/Content/EngineMaterials/Substrate/Glints2/dict_0002_0244.uasset" 7814
"../../../Engine/Content/EngineMaterials/Substrate/Glints2/dict_0002_0243.uasset" 7815
"../../../Engine/Content/EngineMaterials/Substrate/Glints2/dict_0002_0245.uasset" 7816
"/Engine/EngineMaterials/Substrate/Glints2/dict_0002_0225" 7817
"/Engine/EngineMaterials/Substrate/Glints2/dict_0002_0224" 7818
"/Engine/EngineMaterials/Substrate/Glints2/dict_0002_0223" 7819
"/Engine/EngineMaterials/Substrate/Glints2/dict_0002_0222" 7820
"/Engine/EngineMaterials/Substrate/Glints2/dict_0002_0221" 7821
"/Engine/EngineMaterials/Substrate/Glints2/dict_0002_0220" 7822
"/Engine/EngineMaterials/Substrate/Glints2/dict_0002_0219" 7823
"/Engine/EngineMaterials/Substrate/Glints2/dict_0002_0218" 7824
"/Engine/EngineMaterials/Substrate/Glints2/dict_0002_0217" 7825
"/Engine/EngineMaterials/Substrate/Glints2/dict_0002_0216" 7826
"/Engine/EngineMaterials/Substrate/Glints2/dict_0002_0215" 7827
"/Engine/EngineMaterials/Substrate/Glints2/dict_0002_0214" 7828
"/Engine/EngineMaterials/Substrate/Glints2/dict_0002_0245" 7829
"../../../Engine/Content/EngineMaterials/Substrate/Glints2/dict_0002_0246.uasset" 7830
"../../../Engine/Content/EngineMaterials/Substrate/Glints2/dict_0002_0247.uasset" 7831
"/Engine/EngineMaterials/Substrate/Glints2/dict_0002_0244" 7832
"../../../Engine/Content/EngineMaterials/Substrate/Glints2/dict_0002_0248.uasset" 7833
"../../../Engine/Content/EngineMaterials/Substrate/Glints2/dict_0002_0249.uasset" 7834
"../../../Engine/Content/EngineMaterials/Substrate/Glints2/dict_0002_0251.uasset" 7835
"../../../Engine/Content/EngineMaterials/Substrate/Glints2/dict_0002_0250.uasset" 7836
"../../../Engine/Content/EngineMaterials/Substrate/Glints2/dict_0002_0253.uasset" 7837
"../../../Engine/Content/EngineMaterials/Substrate/Glints2/dict_0002_0254.uasset" 7838
"../../../Engine/Content/EngineMaterials/Substrate/Glints2/dict_0002_0252.uasset" 7839
"../../../Engine/Content/EngineMaterials/Substrate/Glints2/dict_0003_0000.uasset" 7840
"../../../Engine/Content/EngineMaterials/Substrate/Glints2/dict_0003_0001.uasset" 7841
"../../../Engine/Content/EngineMaterials/Substrate/Glints2/dict_0003_0003.uasset" 7842
"../../../Engine/Content/EngineMaterials/Substrate/Glints2/dict_0002_0255.uasset" 7843
"../../../Engine/Content/EngineMaterials/Substrate/Glints2/dict_0003_0002.uasset" 7844
"../../../Engine/Content/EngineMaterials/Substrate/Glints2/dict_0003_0004.uasset" 7845
"/Engine/EngineMaterials/Substrate/Glints2/dict_0002_0243" 7846
"/Engine/EngineMaterials/Substrate/Glints2/dict_0002_0242" 7847
"/Engine/EngineMaterials/Substrate/Glints2/dict_0002_0241" 7848
"/Engine/EngineMaterials/Substrate/Glints2/dict_0002_0240" 7849
"/Engine/EngineMaterials/Substrate/Glints2/dict_0002_0239" 7850
"/Engine/EngineMaterials/Substrate/Glints2/dict_0002_0238" 7851
"/Engine/EngineMaterials/Substrate/Glints2/dict_0002_0237" 7852
"/Engine/EngineMaterials/Substrate/Glints2/dict_0002_0236" 7853
"/Engine/EngineMaterials/Substrate/Glints2/dict_0002_0235" 7854
"/Engine/EngineMaterials/Substrate/Glints2/dict_0002_0234" 7855
"/Engine/EngineMaterials/Substrate/Glints2/dict_0002_0233" 7856
"/Engine/EngineMaterials/Substrate/Glints2/dict_0002_0232" 7857
"/Engine/EngineMaterials/Substrate/Glints2/dict_0002_0231" 7858
"/Engine/EngineMaterials/Substrate/Glints2/dict_0002_0230" 7859
"/Engine/EngineMaterials/Substrate/Glints2/dict_0002_0229" 7860
"/Engine/EngineMaterials/Substrate/Glints2/dict_0003_0004" 7861
"../../../Engine/Content/EngineMaterials/Substrate/Glints2/dict_0003_0005.uasset" 7862
"../../../Engine/Content/EngineMaterials/Substrate/Glints2/dict_0003_0007.uasset" 7863
"../../../Engine/Content/EngineMaterials/Substrate/Glints2/dict_0003_0006.uasset" 7864
"../../../Engine/Content/EngineMaterials/Substrate/Glints2/dict_0003_0009.uasset" 7865
"../../../Engine/Content/EngineMaterials/Substrate/Glints2/dict_0003_0010.uasset" 7866
"../../../Engine/Content/EngineMaterials/Substrate/Glints2/dict_0003_0011.uasset" 7867
"../../../Engine/Content/EngineMaterials/Substrate/Glints2/dict_0003_0015.uasset" 7868
"/Engine/EngineMaterials/Substrate/Glints2/dict_0003_0003" 7869
"../../../Engine/Content/EngineMaterials/Substrate/Glints2/dict_0003_0017.uasset" 7870
"../../../Engine/Content/EngineMaterials/Substrate/Glints2/dict_0003_0012.uasset" 7871
"../../../Engine/Content/EngineMaterials/Substrate/Glints2/dict_0003_0008.uasset" 7872
"../../../Engine/Content/EngineMaterials/Substrate/Glints2/dict_0003_0016.uasset" 7873
"../../../Engine/Content/EngineMaterials/Substrate/Glints2/dict_0003_0021.uasset" 7874
"../../../Engine/Content/EngineMaterials/Substrate/Glints2/dict_0003_0018.uasset" 7875
"../../../Engine/Content/EngineMaterials/Substrate/Glints2/dict_0003_0020.uasset" 7876
"../../../Engine/Content/EngineMaterials/Substrate/Glints2/dict_0003_0013.uasset" 7877
"../../../Engine/Content/EngineMaterials/Substrate/Glints2/dict_0003_0019.uasset" 7878
"../../../Engine/Content/EngineMaterials/Substrate/Glints2/dict_0003_0014.uasset" 7879
"/Engine/EngineMaterials/Substrate/Glints2/dict_0003_0002" 7880
"/Engine/EngineMaterials/Substrate/Glints2/dict_0003_0001" 7881
"/Engine/EngineMaterials/Substrate/Glints2/dict_0003_0000" 7882
"/Engine/EngineMaterials/Substrate/Glints2/dict_0002_0255" 7883
"/Engine/EngineMaterials/Substrate/Glints2/dict_0002_0254" 7884
"/Engine/EngineMaterials/Substrate/Glints2/dict_0002_0253" 7885
"/Engine/EngineMaterials/Substrate/Glints2/dict_0002_0252" 7886
"/Engine/EngineMaterials/Substrate/Glints2/dict_0002_0251" 7887
"/Engine/EngineMaterials/Substrate/Glints2/dict_0002_0250" 7888
"/Engine/EngineMaterials/Substrate/Glints2/dict_0002_0249" 7889
"/Engine/EngineMaterials/Substrate/Glints2/dict_0002_0248" 7890
"/Engine/EngineMaterials/Substrate/Glints2/dict_0002_0247" 7891
"/Engine/EngineMaterials/Substrate/Glints2/dict_0002_0246" 7892
"/Engine/EngineMaterials/Substrate/Glints2/dict_0003_0021" 7893
"../../../Engine/Content/EngineMaterials/Substrate/Glints2/dict_0003_0023.uasset" 7894
"../../../Engine/Content/EngineMaterials/Substrate/Glints2/dict_0003_0022.uasset" 7895
"../../../Engine/Content/EngineMaterials/Substrate/Glints2/dict_0003_0026.uasset" 7896
"../../../Engine/Content/EngineMaterials/Substrate/Glints2/dict_0003_0024.uasset" 7897
"../../../Engine/Content/EngineMaterials/Substrate/Glints2/dict_0003_0030.uasset" 7898
"../../../Engine/Content/EngineMaterials/Substrate/Glints2/dict_0003_0028.uasset" 7899
"../../../Engine/Content/EngineMaterials/Substrate/Glints2/dict_0003_0032.uasset" 7900
"../../../Engine/Content/EngineMaterials/Substrate/Glints2/dict_0003_0033.uasset" 7901
"../../../Engine/Content/EngineMaterials/Substrate/Glints2/dict_0003_0034.uasset" 7902
"../../../Engine/Content/EngineMaterials/Substrate/Glints2/dict_0003_0031.uasset" 7903
"../../../Engine/Content/EngineMaterials/Substrate/Glints2/dict_0003_0035.uasset" 7904
"../../../Engine/Content/EngineMaterials/Substrate/Glints2/dict_0003_0027.uasset" 7905
"/Engine/EngineMaterials/Substrate/Glints2/dict_0003_0020" 7906
"../../../Engine/Content/EngineMaterials/Substrate/Glints2/dict_0003_0025.uasset" 7907
"../../../Engine/Content/EngineMaterials/Substrate/Glints2/dict_0003_0036.uasset" 7908
"../../../Engine/Content/EngineMaterials/Substrate/Glints2/dict_0003_0029.uasset" 7909
"/Engine/EngineMaterials/Substrate/Glints2/dict_0003_0019" 7910
"/Engine/EngineMaterials/Substrate/Glints2/dict_0003_0018" 7911
"/Engine/EngineMaterials/Substrate/Glints2/dict_0003_0017" 7912
"/Engine/EngineMaterials/Substrate/Glints2/dict_0003_0016" 7913
"/Engine/EngineMaterials/Substrate/Glints2/dict_0003_0015" 7914
"/Engine/EngineMaterials/Substrate/Glints2/dict_0003_0014" 7915
"/Engine/EngineMaterials/Substrate/Glints2/dict_0003_0013" 7916
"/Engine/EngineMaterials/Substrate/Glints2/dict_0003_0012" 7917
"/Engine/EngineMaterials/Substrate/Glints2/dict_0003_0011" 7918
"/Engine/EngineMaterials/Substrate/Glints2/dict_0003_0010" 7919
"/Engine/EngineMaterials/Substrate/Glints2/dict_0003_0009" 7920
"/Engine/EngineMaterials/Substrate/Glints2/dict_0003_0008" 7921
"/Engine/EngineMaterials/Substrate/Glints2/dict_0003_0007" 7922
"/Engine/EngineMaterials/Substrate/Glints2/dict_0003_0006" 7923
"/Engine/EngineMaterials/Substrate/Glints2/dict_0003_0005" 7924
"/Engine/EngineMaterials/Substrate/Glints2/dict_0003_0036" 7925
"../../../Engine/Content/EngineMaterials/Substrate/Glints2/dict_0003_0037.uasset" 7926
"../../../Engine/Content/EngineMaterials/Substrate/Glints2/dict_0003_0038.uasset" 7927
"../../../Engine/Content/EngineMaterials/Substrate/Glints2/dict_0003_0039.uasset" 7928
"../../../Engine/Content/EngineMaterials/Substrate/Glints2/dict_0003_0041.uasset" 7929
"/Engine/EngineMaterials/Substrate/Glints2/dict_0003_0035" 7930
"../../../Engine/Content/EngineMaterials/Substrate/Glints2/dict_0003_0040.uasset" 7931
"../../../Engine/Content/EngineMaterials/Substrate/Glints2/dict_0003_0042.uasset" 7932
"../../../Engine/Content/EngineMaterials/Substrate/Glints2/dict_0003_0053.uasset" 7933
"../../../Engine/Content/EngineMaterials/Substrate/Glints2/dict_0003_0044.uasset" 7934
"../../../Engine/Content/EngineMaterials/Substrate/Glints2/dict_0003_0043.uasset" 7935
"../../../Engine/Content/EngineMaterials/Substrate/Glints2/dict_0003_0047.uasset" 7936
"../../../Engine/Content/EngineMaterials/Substrate/Glints2/dict_0003_0048.uasset" 7937
"../../../Engine/Content/EngineMaterials/Substrate/Glints2/dict_0003_0050.uasset" 7938
"../../../Engine/Content/EngineMaterials/Substrate/Glints2/dict_0003_0046.uasset" 7939
"../../../Engine/Content/EngineMaterials/Substrate/Glints2/dict_0003_0049.uasset" 7940
"../../../Engine/Content/EngineMaterials/Substrate/Glints2/dict_0003_0051.uasset" 7941
"../../../Engine/Content/EngineMaterials/Substrate/Glints2/dict_0003_0045.uasset" 7942
"../../../Engine/Content/EngineMaterials/Substrate/Glints2/dict_0003_0052.uasset" 7943
"/Engine/EngineMaterials/Substrate/Glints2/dict_0003_0034" 7944
"/Engine/EngineMaterials/Substrate/Glints2/dict_0003_0033" 7945
"/Engine/EngineMaterials/Substrate/Glints2/dict_0003_0032" 7946
"/Engine/EngineMaterials/Substrate/Glints2/dict_0003_0031" 7947
"/Engine/EngineMaterials/Substrate/Glints2/dict_0003_0030" 7948
"/Engine/EngineMaterials/Substrate/Glints2/dict_0003_0029" 7949
"/Engine/EngineMaterials/Substrate/Glints2/dict_0003_0028" 7950
"/Engine/EngineMaterials/Substrate/Glints2/dict_0003_0027" 7951
"/Engine/EngineMaterials/Substrate/Glints2/dict_0003_0026" 7952
"/Engine/EngineMaterials/Substrate/Glints2/dict_0003_0025" 7953
"/Engine/EngineMaterials/Substrate/Glints2/dict_0003_0024" 7954
"/Engine/EngineMaterials/Substrate/Glints2/dict_0003_0023" 7955
"/Engine/EngineMaterials/Substrate/Glints2/dict_0003_0022" 7956
"/Engine/EngineMaterials/Substrate/Glints2/dict_0003_0053" 7957
"../../../Engine/Content/EngineMaterials/Substrate/Glints2/dict_0003_0055.uasset" 7958
"../../../Engine/Content/EngineMaterials/Substrate/Glints2/dict_0003_0059.uasset" 7959
"../../../Engine/Content/EngineMaterials/Substrate/Glints2/dict_0003_0054.uasset" 7960
"../../../Engine/Content/EngineMaterials/Substrate/Glints2/dict_0003_0057.uasset" 7961
"../../../Engine/Content/EngineMaterials/Substrate/Glints2/dict_0003_0056.uasset" 7962
"../../../Engine/Content/EngineMaterials/Substrate/Glints2/dict_0003_0060.uasset" 7963
"../../../Engine/Content/EngineMaterials/Substrate/Glints2/dict_0003_0063.uasset" 7964
"/Engine/EngineMaterials/Substrate/Glints2/dict_0003_0052" 7965
"../../../Engine/Content/EngineMaterials/Substrate/Glints2/dict_0003_0064.uasset" 7966
"../../../Engine/Content/EngineMaterials/Substrate/Glints2/dict_0003_0062.uasset" 7967
"../../../Engine/Content/EngineMaterials/Substrate/Glints2/dict_0003_0065.uasset" 7968
"../../../Engine/Content/EngineMaterials/Substrate/Glints2/dict_0003_0061.uasset" 7969
"../../../Engine/Content/EngineMaterials/Substrate/Glints2/dict_0003_0058.uasset" 7970
"../../../Engine/Content/EngineMaterials/Substrate/Glints2/dict_0003_0067.uasset" 7971
"/Engine/EngineMaterials/Substrate/Glints2/dict_0003_0051" 7972
"../../../Engine/Content/EngineMaterials/Substrate/Glints2/dict_0003_0066.uasset" 7973
"../../../Engine/Content/EngineMaterials/Substrate/Glints2/dict_0003_0068.uasset" 7974
"/Engine/EngineMaterials/Substrate/Glints2/dict_0003_0050" 7975
"/Engine/EngineMaterials/Substrate/Glints2/dict_0003_0049" 7976
"/Engine/EngineMaterials/Substrate/Glints2/dict_0003_0048" 7977
"/Engine/EngineMaterials/Substrate/Glints2/dict_0003_0047" 7978
"/Engine/EngineMaterials/Substrate/Glints2/dict_0003_0046" 7979
"/Engine/EngineMaterials/Substrate/Glints2/dict_0003_0045" 7980
"/Engine/EngineMaterials/Substrate/Glints2/dict_0003_0044" 7981
"/Engine/EngineMaterials/Substrate/Glints2/dict_0003_0043" 7982
"/Engine/EngineMaterials/Substrate/Glints2/dict_0003_0042" 7983
"/Engine/EngineMaterials/Substrate/Glints2/dict_0003_0041" 7984
"/Engine/EngineMaterials/Substrate/Glints2/dict_0003_0040" 7985
"/Engine/EngineMaterials/Substrate/Glints2/dict_0003_0039" 7986
"/Engine/EngineMaterials/Substrate/Glints2/dict_0003_0038" 7987
"/Engine/EngineMaterials/Substrate/Glints2/dict_0003_0037" 7988
"/Engine/EngineMaterials/Substrate/Glints2/dict_0003_0068" 7989
"../../../Engine/Content/EngineMaterials/Substrate/Glints2/dict_0003_0069.uasset" 7990
"../../../Engine/Content/EngineMaterials/Substrate/Glints2/dict_0003_0070.uasset" 7991
"../../../Engine/Content/EngineMaterials/Substrate/Glints2/dict_0003_0072.uasset" 7992
"../../../Engine/Content/EngineMaterials/Substrate/Glints2/dict_0003_0074.uasset" 7993
"../../../Engine/Content/EngineMaterials/Substrate/Glints2/dict_0003_0073.uasset" 7994
"../../../Engine/Content/EngineMaterials/Substrate/Glints2/dict_0003_0076.uasset" 7995
"../../../Engine/Content/EngineMaterials/Substrate/Glints2/dict_0003_0082.uasset" 7996
"../../../Engine/Content/EngineMaterials/Substrate/Glints2/dict_0003_0078.uasset" 7997
"../../../Engine/Content/EngineMaterials/Substrate/Glints2/dict_0003_0075.uasset" 7998
"../../../Engine/Content/EngineMaterials/Substrate/Glints2/dict_0003_0071.uasset" 7999
"../../../Engine/Content/EngineMaterials/Substrate/Glints2/dict_0003_0079.uasset" 8000
"/Engine/EngineMaterials/Substrate/Glints2/dict_0003_0067" 8001
"../../../Engine/Content/EngineMaterials/Substrate/Glints2/dict_0003_0077.uasset" 8002
"../../../Engine/Content/EngineMaterials/Substrate/Glints2/dict_0003_0080.uasset" 8003
"../../../Engine/Content/EngineMaterials/Substrate/Glints2/dict_0003_0081.uasset" 8004
"../../../Engine/Content/EngineMaterials/Substrate/Glints2/dict_0003_0083.uasset" 8005
"../../../Engine/Content/EngineMaterials/Substrate/Glints2/dict_0003_0085.uasset" 8006
"../../../Engine/Content/EngineMaterials/Substrate/Glints2/dict_0003_0084.uasset" 8007
"/Engine/EngineMaterials/Substrate/Glints2/dict_0003_0066" 8008
"/Engine/EngineMaterials/Substrate/Glints2/dict_0003_0065" 8009
"/Engine/EngineMaterials/Substrate/Glints2/dict_0003_0064" 8010
"/Engine/EngineMaterials/Substrate/Glints2/dict_0003_0063" 8011
"/Engine/EngineMaterials/Substrate/Glints2/dict_0003_0062" 8012
"/Engine/EngineMaterials/Substrate/Glints2/dict_0003_0061" 8013
"/Engine/EngineMaterials/Substrate/Glints2/dict_0003_0060" 8014
"/Engine/EngineMaterials/Substrate/Glints2/dict_0003_0059" 8015
"/Engine/EngineMaterials/Substrate/Glints2/dict_0003_0058" 8016
"/Engine/EngineMaterials/Substrate/Glints2/dict_0003_0057" 8017
"/Engine/EngineMaterials/Substrate/Glints2/dict_0003_0056" 8018
"/Engine/EngineMaterials/Substrate/Glints2/dict_0003_0055" 8019
"/Engine/EngineMaterials/Substrate/Glints2/dict_0003_0054" 8020
"/Engine/EngineMaterials/Substrate/Glints2/dict_0003_0085" 8021
"/Engine/EngineMaterials/Substrate/Glints2/dict_0003_0084" 8022
"../../../Engine/Content/EngineMaterials/Substrate/Glints2/dict_0003_0088.uasset" 8023
"../../../Engine/Content/EngineMaterials/Substrate/Glints2/dict_0003_0087.uasset" 8024
"../../../Engine/Content/EngineMaterials/Substrate/Glints2/dict_0003_0086.uasset" 8025
"../../../Engine/Content/EngineMaterials/Substrate/Glints2/dict_0003_0089.uasset" 8026
"../../../Engine/Content/EngineMaterials/Substrate/Glints2/dict_0003_0091.uasset" 8027
"../../../Engine/Content/EngineMaterials/Substrate/Glints2/dict_0003_0097.uasset" 8028
"../../../Engine/Content/EngineMaterials/Substrate/Glints2/dict_0003_0099.uasset" 8029
"../../../Engine/Content/EngineMaterials/Substrate/Glints2/dict_0003_0092.uasset" 8030
"../../../Engine/Content/EngineMaterials/Substrate/Glints2/dict_0003_0093.uasset" 8031
"../../../Engine/Content/EngineMaterials/Substrate/Glints2/dict_0003_0090.uasset" 8032
"../../../Engine/Content/EngineMaterials/Substrate/Glints2/dict_0003_0096.uasset" 8033
"../../../Engine/Content/EngineMaterials/Substrate/Glints2/dict_0003_0098.uasset" 8034
"../../../Engine/Content/EngineMaterials/Substrate/Glints2/dict_0003_0094.uasset" 8035
"../../../Engine/Content/EngineMaterials/Substrate/Glints2/dict_0003_0100.uasset" 8036
"../../../Engine/Content/EngineMaterials/Substrate/Glints2/dict_0003_0095.uasset" 8037
"/Engine/EngineMaterials/Substrate/Glints2/dict_0003_0083" 8038
"/Engine/EngineMaterials/Substrate/Glints2/dict_0003_0082" 8039
"/Engine/EngineMaterials/Substrate/Glints2/dict_0003_0081" 8040
"/Engine/EngineMaterials/Substrate/Glints2/dict_0003_0080" 8041
"/Engine/EngineMaterials/Substrate/Glints2/dict_0003_0079" 8042
"/Engine/EngineMaterials/Substrate/Glints2/dict_0003_0078" 8043
"/Engine/EngineMaterials/Substrate/Glints2/dict_0003_0077" 8044
"/Engine/EngineMaterials/Substrate/Glints2/dict_0003_0076" 8045
"/Engine/EngineMaterials/Substrate/Glints2/dict_0003_0075" 8046
"/Engine/EngineMaterials/Substrate/Glints2/dict_0003_0074" 8047
"/Engine/EngineMaterials/Substrate/Glints2/dict_0003_0073" 8048
"/Engine/EngineMaterials/Substrate/Glints2/dict_0003_0072" 8049
"/Engine/EngineMaterials/Substrate/Glints2/dict_0003_0071" 8050
"/Engine/EngineMaterials/Substrate/Glints2/dict_0003_0070" 8051
"/Engine/EngineMaterials/Substrate/Glints2/dict_0003_0069" 8052
"/Engine/EngineMaterials/Substrate/Glints2/dict_0003_0100" 8053
"../../../Engine/Content/EngineMaterials/Substrate/Glints2/dict_0003_0102.uasset" 8054
"../../../Engine/Content/EngineMaterials/Substrate/Glints2/dict_0003_0103.uasset" 8055
"../../../Engine/Content/EngineMaterials/Substrate/Glints2/dict_0003_0101.uasset" 8056
"../../../Engine/Content/EngineMaterials/Substrate/Glints2/dict_0003_0105.uasset" 8057
"/Engine/EngineMaterials/Substrate/Glints2/dict_0003_0099" 8058
"../../../Engine/Content/EngineMaterials/Substrate/Glints2/dict_0003_0108.uasset" 8059
"../../../Engine/Content/EngineMaterials/Substrate/Glints2/dict_0003_0111.uasset" 8060
"../../../Engine/Content/EngineMaterials/Substrate/Glints2/dict_0003_0110.uasset" 8061
"../../../Engine/Content/EngineMaterials/Substrate/Glints2/dict_0003_0114.uasset" 8062
"../../../Engine/Content/EngineMaterials/Substrate/Glints2/dict_0003_0107.uasset" 8063
"../../../Engine/Content/EngineMaterials/Substrate/Glints2/dict_0003_0113.uasset" 8064
"../../../Engine/Content/EngineMaterials/Substrate/Glints2/dict_0003_0109.uasset" 8065
"../../../Engine/Content/EngineMaterials/Substrate/Glints2/dict_0003_0106.uasset" 8066
"../../../Engine/Content/EngineMaterials/Substrate/Glints2/dict_0003_0104.uasset" 8067
"../../../Engine/Content/EngineMaterials/Substrate/Glints2/dict_0003_0112.uasset" 8068
"../../../Engine/Content/EngineMaterials/Substrate/Glints2/dict_0003_0117.uasset" 8069
"../../../Engine/Content/EngineMaterials/Substrate/Glints2/dict_0003_0116.uasset" 8070
"../../../Engine/Content/EngineMaterials/Substrate/Glints2/dict_0003_0115.uasset" 8071
"/Engine/EngineMaterials/Substrate/Glints2/dict_0003_0098" 8072
"/Engine/EngineMaterials/Substrate/Glints2/dict_0003_0097" 8073
"/Engine/EngineMaterials/Substrate/Glints2/dict_0003_0096" 8074
"/Engine/EngineMaterials/Substrate/Glints2/dict_0003_0095" 8075
"/Engine/EngineMaterials/Substrate/Glints2/dict_0003_0094" 8076
"/Engine/EngineMaterials/Substrate/Glints2/dict_0003_0093" 8077
"/Engine/EngineMaterials/Substrate/Glints2/dict_0003_0092" 8078
"/Engine/EngineMaterials/Substrate/Glints2/dict_0003_0091" 8079
"/Engine/EngineMaterials/Substrate/Glints2/dict_0003_0090" 8080
"/Engine/EngineMaterials/Substrate/Glints2/dict_0003_0089" 8081
"/Engine/EngineMaterials/Substrate/Glints2/dict_0003_0088" 8082
"/Engine/EngineMaterials/Substrate/Glints2/dict_0003_0087" 8083
"/Engine/EngineMaterials/Substrate/Glints2/dict_0003_0086" 8084
"/Engine/EngineMaterials/Substrate/Glints2/dict_0003_0117" 8085
"../../../Engine/Content/EngineMaterials/Substrate/Glints2/dict_0003_0118.uasset" 8086
"../../../Engine/Content/EngineMaterials/Substrate/Glints2/dict_0003_0119.uasset" 8087
"../../../Engine/Content/EngineMaterials/Substrate/Glints2/dict_0003_0120.uasset" 8088
"/Engine/EngineMaterials/Substrate/Glints2/dict_0003_0116" 8089
"../../../Engine/Content/EngineMaterials/Substrate/Glints2/dict_0003_0121.uasset" 8090
"../../../Engine/Content/EngineMaterials/Substrate/Glints2/dict_0003_0123.uasset" 8091
"../../../Engine/Content/EngineMaterials/Substrate/Glints2/dict_0003_0125.uasset" 8092
"../../../Engine/Content/EngineMaterials/Substrate/Glints2/dict_0003_0122.uasset" 8093
"../../../Engine/Content/EngineMaterials/Substrate/Glints2/dict_0003_0128.uasset" 8094
"../../../Engine/Content/EngineMaterials/Substrate/Glints2/dict_0003_0131.uasset" 8095
"../../../Engine/Content/EngineMaterials/Substrate/Glints2/dict_0003_0130.uasset" 8096
"../../../Engine/Content/EngineMaterials/Substrate/Glints2/dict_0003_0129.uasset" 8097
"../../../Engine/Content/EngineMaterials/Substrate/Glints2/dict_0003_0124.uasset" 8098
"../../../Engine/Content/EngineMaterials/Substrate/Glints2/dict_0003_0132.uasset" 8099
"../../../Engine/Content/EngineMaterials/Substrate/Glints2/dict_0003_0126.uasset" 8100
"../../../Engine/Content/EngineMaterials/Substrate/Glints2/dict_0003_0127.uasset" 8101
"/Engine/EngineMaterials/Substrate/Glints2/dict_0003_0115" 8102
"/Engine/EngineMaterials/Substrate/Glints2/dict_0003_0114" 8103
"/Engine/EngineMaterials/Substrate/Glints2/dict_0003_0113" 8104
"/Engine/EngineMaterials/Substrate/Glints2/dict_0003_0112" 8105
"/Engine/EngineMaterials/Substrate/Glints2/dict_0003_0111" 8106
"/Engine/EngineMaterials/Substrate/Glints2/dict_0003_0110" 8107
"/Engine/EngineMaterials/Substrate/Glints2/dict_0003_0109" 8108
"/Engine/EngineMaterials/Substrate/Glints2/dict_0003_0108" 8109
"/Engine/EngineMaterials/Substrate/Glints2/dict_0003_0107" 8110
"/Engine/EngineMaterials/Substrate/Glints2/dict_0003_0106" 8111
"/Engine/EngineMaterials/Substrate/Glints2/dict_0003_0105" 8112
"/Engine/EngineMaterials/Substrate/Glints2/dict_0003_0104" 8113
"/Engine/EngineMaterials/Substrate/Glints2/dict_0003_0103" 8114
"/Engine/EngineMaterials/Substrate/Glints2/dict_0003_0102" 8115
"/Engine/EngineMaterials/Substrate/Glints2/dict_0003_0101" 8116
"/Engine/EngineMaterials/Substrate/Glints2/dict_0003_0132" 8117
"../../../Engine/Content/EngineMaterials/Substrate/Glints2/dict_0003_0134.uasset" 8118
"../../../Engine/Content/EngineMaterials/Substrate/Glints2/dict_0003_0135.uasset" 8119
"../../../Engine/Content/EngineMaterials/Substrate/Glints2/dict_0003_0133.uasset" 8120
"../../../Engine/Content/EngineMaterials/Substrate/Glints2/dict_0003_0136.uasset" 8121
"../../../Engine/Content/EngineMaterials/Substrate/Glints2/dict_0003_0137.uasset" 8122
"../../../Engine/Content/EngineMaterials/Substrate/Glints2/dict_0003_0138.uasset" 8123
"../../../Engine/Content/EngineMaterials/Substrate/Glints2/dict_0003_0140.uasset" 8124
"../../../Engine/Content/EngineMaterials/Substrate/Glints2/dict_0003_0142.uasset" 8125
"../../../Engine/Content/EngineMaterials/Substrate/Glints2/dict_0003_0146.uasset" 8126
"/Engine/EngineMaterials/Substrate/Glints2/dict_0003_0131" 8127
"../../../Engine/Content/EngineMaterials/Substrate/Glints2/dict_0003_0139.uasset" 8128
"../../../Engine/Content/EngineMaterials/Substrate/Glints2/dict_0003_0144.uasset" 8129
"../../../Engine/Content/EngineMaterials/Substrate/Glints2/dict_0003_0145.uasset" 8130
"../../../Engine/Content/EngineMaterials/Substrate/Glints2/dict_0003_0141.uasset" 8131
"../../../Engine/Content/EngineMaterials/Substrate/Glints2/dict_0003_0143.uasset" 8132
"../../../Engine/Content/EngineMaterials/Substrate/Glints2/dict_0003_0147.uasset" 8133
"../../../Engine/Content/EngineMaterials/Substrate/Glints2/dict_0003_0148.uasset" 8134
"../../../Engine/Content/EngineMaterials/Substrate/Glints2/dict_0003_0149.uasset" 8135
"/Engine/EngineMaterials/Substrate/Glints2/dict_0003_0130" 8136
"/Engine/EngineMaterials/Substrate/Glints2/dict_0003_0129" 8137
"/Engine/EngineMaterials/Substrate/Glints2/dict_0003_0128" 8138
"/Engine/EngineMaterials/Substrate/Glints2/dict_0003_0127" 8139
"/Engine/EngineMaterials/Substrate/Glints2/dict_0003_0126" 8140
"/Engine/EngineMaterials/Substrate/Glints2/dict_0003_0125" 8141
"/Engine/EngineMaterials/Substrate/Glints2/dict_0003_0124" 8142
"/Engine/EngineMaterials/Substrate/Glints2/dict_0003_0123" 8143
"/Engine/EngineMaterials/Substrate/Glints2/dict_0003_0122" 8144
"/Engine/EngineMaterials/Substrate/Glints2/dict_0003_0121" 8145
"/Engine/EngineMaterials/Substrate/Glints2/dict_0003_0120" 8146
"/Engine/EngineMaterials/Substrate/Glints2/dict_0003_0119" 8147
"/Engine/EngineMaterials/Substrate/Glints2/dict_0003_0118" 8148
"/Engine/EngineMaterials/Substrate/Glints2/dict_0003_0149" 8149
"../../../Engine/Content/EngineMaterials/Substrate/Glints2/dict_0003_0151.uasset" 8150
"../../../Engine/Content/EngineMaterials/Substrate/Glints2/dict_0003_0150.uasset" 8151
"../../../Engine/Content/EngineMaterials/Substrate/Glints2/dict_0003_0153.uasset" 8152
"../../../Engine/Content/EngineMaterials/Substrate/Glints2/dict_0003_0154.uasset" 8153
"/Engine/EngineMaterials/Substrate/Glints2/dict_0003_0148" 8154
"../../../Engine/Content/EngineMaterials/Substrate/Glints2/dict_0003_0155.uasset" 8155
"../../../Engine/Content/EngineMaterials/Substrate/Glints2/dict_0003_0160.uasset" 8156
"../../../Engine/Content/EngineMaterials/Substrate/Glints2/dict_0003_0156.uasset" 8157
"../../../Engine/Content/EngineMaterials/Substrate/Glints2/dict_0003_0158.uasset" 8158
"../../../Engine/Content/EngineMaterials/Substrate/Glints2/dict_0003_0163.uasset" 8159
"../../../Engine/Content/EngineMaterials/Substrate/Glints2/dict_0003_0161.uasset" 8160
"../../../Engine/Content/EngineMaterials/Substrate/Glints2/dict_0003_0157.uasset" 8161
"../../../Engine/Content/EngineMaterials/Substrate/Glints2/dict_0003_0162.uasset" 8162
"../../../Engine/Content/EngineMaterials/Substrate/Glints2/dict_0003_0159.uasset" 8163
"../../../Engine/Content/EngineMaterials/Substrate/Glints2/dict_0003_0152.uasset" 8164
"../../../Engine/Content/EngineMaterials/Substrate/Glints2/dict_0003_0164.uasset" 8165
"/Engine/EngineMaterials/Substrate/Glints2/dict_0003_0147" 8166
"/Engine/EngineMaterials/Substrate/Glints2/dict_0003_0146" 8167
"/Engine/EngineMaterials/Substrate/Glints2/dict_0003_0145" 8168
"/Engine/EngineMaterials/Substrate/Glints2/dict_0003_0144" 8169
"/Engine/EngineMaterials/Substrate/Glints2/dict_0003_0143" 8170
"/Engine/EngineMaterials/Substrate/Glints2/dict_0003_0142" 8171
"/Engine/EngineMaterials/Substrate/Glints2/dict_0003_0141" 8172
"/Engine/EngineMaterials/Substrate/Glints2/dict_0003_0140" 8173
"/Engine/EngineMaterials/Substrate/Glints2/dict_0003_0139" 8174
"/Engine/EngineMaterials/Substrate/Glints2/dict_0003_0138" 8175
"/Engine/EngineMaterials/Substrate/Glints2/dict_0003_0137" 8176
"/Engine/EngineMaterials/Substrate/Glints2/dict_0003_0136" 8177
"/Engine/EngineMaterials/Substrate/Glints2/dict_0003_0135" 8178
"/Engine/EngineMaterials/Substrate/Glints2/dict_0003_0134" 8179
"/Engine/EngineMaterials/Substrate/Glints2/dict_0003_0133" 8180
"/Engine/EngineMaterials/Substrate/Glints2/dict_0003_0164" 8181
"../../../Engine/Content/EngineMaterials/Substrate/Glints2/dict_0003_0165.uasset" 8182
"../../../Engine/Content/EngineMaterials/Substrate/Glints2/dict_0003_0167.uasset" 8183
"../../../Engine/Content/EngineMaterials/Substrate/Glints2/dict_0003_0169.uasset" 8184
"../../../Engine/Content/EngineMaterials/Substrate/Glints2/dict_0003_0170.uasset" 8185
"../../../Engine/Content/EngineMaterials/Substrate/Glints2/dict_0003_0173.uasset" 8186
"../../../Engine/Content/EngineMaterials/Substrate/Glints2/dict_0003_0178.uasset" 8187
"../../../Engine/Content/EngineMaterials/Substrate/Glints2/dict_0003_0177.uasset" 8188
"../../../Engine/Content/EngineMaterials/Substrate/Glints2/dict_0003_0172.uasset" 8189
"/Engine/EngineMaterials/Substrate/Glints2/dict_0003_0163" 8190
"../../../Engine/Content/EngineMaterials/Substrate/Glints2/dict_0003_0168.uasset" 8191
"../../../Engine/Content/EngineMaterials/Substrate/Glints2/dict_0003_0176.uasset" 8192
"../../../Engine/Content/EngineMaterials/Substrate/Glints2/dict_0003_0174.uasset" 8193
"../../../Engine/Content/EngineMaterials/Substrate/Glints2/dict_0003_0166.uasset" 8194
"../../../Engine/Content/EngineMaterials/Substrate/Glints2/dict_0003_0175.uasset" 8195
"../../../Engine/Content/EngineMaterials/Substrate/Glints2/dict_0003_0171.uasset" 8196
"../../../Engine/Content/EngineMaterials/Substrate/Glints2/dict_0003_0179.uasset" 8197
"../../../Engine/Content/EngineMaterials/Substrate/Glints2/dict_0003_0181.uasset" 8198
"../../../Engine/Content/EngineMaterials/Substrate/Glints2/dict_0003_0180.uasset" 8199
"/Engine/EngineMaterials/Substrate/Glints2/dict_0003_0162" 8200
"/Engine/EngineMaterials/Substrate/Glints2/dict_0003_0161" 8201
"/Engine/EngineMaterials/Substrate/Glints2/dict_0003_0160" 8202
"/Engine/EngineMaterials/Substrate/Glints2/dict_0003_0159" 8203
"/Engine/EngineMaterials/Substrate/Glints2/dict_0003_0158" 8204
"/Engine/EngineMaterials/Substrate/Glints2/dict_0003_0157" 8205
"/Engine/EngineMaterials/Substrate/Glints2/dict_0003_0156" 8206
"/Engine/EngineMaterials/Substrate/Glints2/dict_0003_0155" 8207
"/Engine/EngineMaterials/Substrate/Glints2/dict_0003_0154" 8208
"/Engine/EngineMaterials/Substrate/Glints2/dict_0003_0153" 8209
"/Engine/EngineMaterials/Substrate/Glints2/dict_0003_0152" 8210
"/Engine/EngineMaterials/Substrate/Glints2/dict_0003_0151" 8211
"/Engine/EngineMaterials/Substrate/Glints2/dict_0003_0150" 8212
"/Engine/EngineMaterials/Substrate/Glints2/dict_0003_0181" 8213
"../../../Engine/Content/EngineMaterials/Substrate/Glints2/dict_0003_0182.uasset" 8214
"../../../Engine/Content/EngineMaterials/Substrate/Glints2/dict_0003_0184.uasset" 8215
"../../../Engine/Content/EngineMaterials/Substrate/Glints2/dict_0003_0186.uasset" 8216
"../../../Engine/Content/EngineMaterials/Substrate/Glints2/dict_0003_0185.uasset" 8217
"../../../Engine/Content/EngineMaterials/Substrate/Glints2/dict_0003_0183.uasset" 8218
"../../../Engine/Content/EngineMaterials/Substrate/Glints2/dict_0003_0189.uasset" 8219
"../../../Engine/Content/EngineMaterials/Substrate/Glints2/dict_0003_0190.uasset" 8220
"../../../Engine/Content/EngineMaterials/Substrate/Glints2/dict_0003_0193.uasset" 8221
"../../../Engine/Content/EngineMaterials/Substrate/Glints2/dict_0003_0188.uasset" 8222
"../../../Engine/Content/EngineMaterials/Substrate/Glints2/dict_0003_0192.uasset" 8223
"../../../Engine/Content/EngineMaterials/Substrate/Glints2/dict_0003_0191.uasset" 8224
"../../../Engine/Content/EngineMaterials/Substrate/Glints2/dict_0003_0195.uasset" 8225
"/Engine/EngineMaterials/Substrate/Glints2/dict_0003_0180" 8226
"../../../Engine/Content/EngineMaterials/Substrate/Glints2/dict_0003_0194.uasset" 8227
"../../../Engine/Content/EngineMaterials/Substrate/Glints2/dict_0003_0196.uasset" 8228
"../../../Engine/Content/EngineMaterials/Substrate/Glints2/dict_0003_0187.uasset" 8229
"/Engine/EngineMaterials/Substrate/Glints2/dict_0003_0179" 8230
"/Engine/EngineMaterials/Substrate/Glints2/dict_0003_0178" 8231
"/Engine/EngineMaterials/Substrate/Glints2/dict_0003_0177" 8232
"/Engine/EngineMaterials/Substrate/Glints2/dict_0003_0176" 8233
"/Engine/EngineMaterials/Substrate/Glints2/dict_0003_0175" 8234
"/Engine/EngineMaterials/Substrate/Glints2/dict_0003_0174" 8235
"/Engine/EngineMaterials/Substrate/Glints2/dict_0003_0173" 8236
"/Engine/EngineMaterials/Substrate/Glints2/dict_0003_0172" 8237
"/Engine/EngineMaterials/Substrate/Glints2/dict_0003_0171" 8238
"/Engine/EngineMaterials/Substrate/Glints2/dict_0003_0170" 8239
"/Engine/EngineMaterials/Substrate/Glints2/dict_0003_0169" 8240
"/Engine/EngineMaterials/Substrate/Glints2/dict_0003_0168" 8241
"/Engine/EngineMaterials/Substrate/Glints2/dict_0003_0167" 8242
"/Engine/EngineMaterials/Substrate/Glints2/dict_0003_0166" 8243
"/Engine/EngineMaterials/Substrate/Glints2/dict_0003_0165" 8244
"/Engine/EngineMaterials/Substrate/Glints2/dict_0003_0196" 8245
"../../../Engine/Content/EngineMaterials/Substrate/Glints2/dict_0003_0197.uasset" 8246
"../../../Engine/Content/EngineMaterials/Substrate/Glints2/dict_0003_0198.uasset" 8247
"../../../Engine/Content/EngineMaterials/Substrate/Glints2/dict_0003_0199.uasset" 8248
"../../../Engine/Content/EngineMaterials/Substrate/Glints2/dict_0003_0202.uasset" 8249
"../../../Engine/Content/EngineMaterials/Substrate/Glints2/dict_0003_0200.uasset" 8250
"../../../Engine/Content/EngineMaterials/Substrate/Glints2/dict_0003_0206.uasset" 8251
"../../../Engine/Content/EngineMaterials/Substrate/Glints2/dict_0003_0208.uasset" 8252
"../../../Engine/Content/EngineMaterials/Substrate/Glints2/dict_0003_0205.uasset" 8253
"../../../Engine/Content/EngineMaterials/Substrate/Glints2/dict_0003_0210.uasset" 8254
"/Engine/EngineMaterials/Substrate/Glints2/dict_0003_0195" 8255
"../../../Engine/Content/EngineMaterials/Substrate/Glints2/dict_0003_0204.uasset" 8256
"../../../Engine/Content/EngineMaterials/Substrate/Glints2/dict_0003_0209.uasset" 8257
"../../../Engine/Content/EngineMaterials/Substrate/Glints2/dict_0003_0212.uasset" 8258
"../../../Engine/Content/EngineMaterials/Substrate/Glints2/dict_0003_0201.uasset" 8259
"../../../Engine/Content/EngineMaterials/Substrate/Glints2/dict_0003_0211.uasset" 8260
"../../../Engine/Content/EngineMaterials/Substrate/Glints2/dict_0003_0203.uasset" 8261
"../../../Engine/Content/EngineMaterials/Substrate/Glints2/dict_0003_0207.uasset" 8262
"../../../Engine/Content/EngineMaterials/Substrate/Glints2/dict_0003_0213.uasset" 8263
"/Engine/EngineMaterials/Substrate/Glints2/dict_0003_0194" 8264
"/Engine/EngineMaterials/Substrate/Glints2/dict_0003_0193" 8265
"/Engine/EngineMaterials/Substrate/Glints2/dict_0003_0192" 8266
"/Engine/EngineMaterials/Substrate/Glints2/dict_0003_0191" 8267
"/Engine/EngineMaterials/Substrate/Glints2/dict_0003_0190" 8268
"/Engine/EngineMaterials/Substrate/Glints2/dict_0003_0189" 8269
"/Engine/EngineMaterials/Substrate/Glints2/dict_0003_0188" 8270
"/Engine/EngineMaterials/Substrate/Glints2/dict_0003_0187" 8271
"/Engine/EngineMaterials/Substrate/Glints2/dict_0003_0186" 8272
"/Engine/EngineMaterials/Substrate/Glints2/dict_0003_0185" 8273
"/Engine/EngineMaterials/Substrate/Glints2/dict_0003_0184" 8274
"/Engine/EngineMaterials/Substrate/Glints2/dict_0003_0183" 8275
"/Engine/EngineMaterials/Substrate/Glints2/dict_0003_0182" 8276
"/Engine/EngineMaterials/Substrate/Glints2/dict_0003_0213" 8277
"../../../Engine/Content/EngineMaterials/Substrate/Glints2/dict_0003_0216.uasset" 8278
"../../../Engine/Content/EngineMaterials/Substrate/Glints2/dict_0003_0215.uasset" 8279
"../../../Engine/Content/EngineMaterials/Substrate/Glints2/dict_0003_0220.uasset" 8280
"../../../Engine/Content/EngineMaterials/Substrate/Glints2/dict_0003_0218.uasset" 8281
"../../../Engine/Content/EngineMaterials/Substrate/Glints2/dict_0003_0223.uasset" 8282
"../../../Engine/Content/EngineMaterials/Substrate/Glints2/dict_0003_0221.uasset" 8283
"../../../Engine/Content/EngineMaterials/Substrate/Glints2/dict_0003_0225.uasset" 8284
"/Engine/EngineMaterials/Substrate/Glints2/dict_0003_0212" 8285
"../../../Engine/Content/EngineMaterials/Substrate/Glints2/dict_0003_0226.uasset" 8286
"../../../Engine/Content/EngineMaterials/Substrate/Glints2/dict_0003_0217.uasset" 8287
"../../../Engine/Content/EngineMaterials/Substrate/Glints2/dict_0003_0214.uasset" 8288
"../../../Engine/Content/EngineMaterials/Substrate/Glints2/dict_0003_0219.uasset" 8289
"../../../Engine/Content/EngineMaterials/Substrate/Glints2/dict_0003_0222.uasset" 8290
"../../../Engine/Content/EngineMaterials/Substrate/Glints2/dict_0003_0227.uasset" 8291
"../../../Engine/Content/EngineMaterials/Substrate/Glints2/dict_0003_0224.uasset" 8292
"../../../Engine/Content/EngineMaterials/Substrate/Glints2/dict_0003_0228.uasset" 8293
"/Engine/EngineMaterials/Substrate/Glints2/dict_0003_0211" 8294
"/Engine/EngineMaterials/Substrate/Glints2/dict_0003_0210" 8295
"/Engine/EngineMaterials/Substrate/Glints2/dict_0003_0209" 8296
"/Engine/EngineMaterials/Substrate/Glints2/dict_0003_0208" 8297
"/Engine/EngineMaterials/Substrate/Glints2/dict_0003_0207" 8298
"/Engine/EngineMaterials/Substrate/Glints2/dict_0003_0206" 8299
"/Engine/EngineMaterials/Substrate/Glints2/dict_0003_0205" 8300
"/Engine/EngineMaterials/Substrate/Glints2/dict_0003_0204" 8301
"/Engine/EngineMaterials/Substrate/Glints2/dict_0003_0203" 8302
"/Engine/EngineMaterials/Substrate/Glints2/dict_0003_0202" 8303
"/Engine/EngineMaterials/Substrate/Glints2/dict_0003_0201" 8304
"/Engine/EngineMaterials/Substrate/Glints2/dict_0003_0200" 8305
"/Engine/EngineMaterials/Substrate/Glints2/dict_0003_0199" 8306
"/Engine/EngineMaterials/Substrate/Glints2/dict_0003_0198" 8307
"/Engine/EngineMaterials/Substrate/Glints2/dict_0003_0197" 8308
"/Engine/EngineMaterials/Substrate/Glints2/dict_0003_0228" 8309
"../../../Engine/Content/EngineMaterials/Substrate/Glints2/dict_0003_0231.uasset" 8310
"../../../Engine/Content/EngineMaterials/Substrate/Glints2/dict_0003_0229.uasset" 8311
"../../../Engine/Content/EngineMaterials/Substrate/Glints2/dict_0003_0232.uasset" 8312
"../../../Engine/Content/EngineMaterials/Substrate/Glints2/dict_0003_0230.uasset" 8313
"../../../Engine/Content/EngineMaterials/Substrate/Glints2/dict_0003_0233.uasset" 8314
"../../../Engine/Content/EngineMaterials/Substrate/Glints2/dict_0003_0234.uasset" 8315
"/Engine/EngineMaterials/Substrate/Glints2/dict_0003_0227" 8316
"../../../Engine/Content/EngineMaterials/Substrate/Glints2/dict_0003_0238.uasset" 8317
"../../../Engine/Content/EngineMaterials/Substrate/Glints2/dict_0003_0235.uasset" 8318
"../../../Engine/Content/EngineMaterials/Substrate/Glints2/dict_0003_0242.uasset" 8319
"../../../Engine/Content/EngineMaterials/Substrate/Glints2/dict_0003_0237.uasset" 8320
"../../../Engine/Content/EngineMaterials/Substrate/Glints2/dict_0003_0239.uasset" 8321
"../../../Engine/Content/EngineMaterials/Substrate/Glints2/dict_0003_0236.uasset" 8322
"../../../Engine/Content/EngineMaterials/Substrate/Glints2/dict_0003_0240.uasset" 8323
"../../../Engine/Content/EngineMaterials/Substrate/Glints2/dict_0003_0241.uasset" 8324
"../../../Engine/Content/EngineMaterials/Substrate/Glints2/dict_0003_0244.uasset" 8325
"../../../Engine/Content/EngineMaterials/Substrate/Glints2/dict_0003_0243.uasset" 8326
"../../../Engine/Content/EngineMaterials/Substrate/Glints2/dict_0003_0245.uasset" 8327
"/Engine/EngineMaterials/Substrate/Glints2/dict_0003_0226" 8328
"/Engine/EngineMaterials/Substrate/Glints2/dict_0003_0225" 8329
"/Engine/EngineMaterials/Substrate/Glints2/dict_0003_0224" 8330
"/Engine/EngineMaterials/Substrate/Glints2/dict_0003_0223" 8331
"/Engine/EngineMaterials/Substrate/Glints2/dict_0003_0222" 8332
"/Engine/EngineMaterials/Substrate/Glints2/dict_0003_0221" 8333
"/Engine/EngineMaterials/Substrate/Glints2/dict_0003_0220" 8334
"/Engine/EngineMaterials/Substrate/Glints2/dict_0003_0219" 8335
"/Engine/EngineMaterials/Substrate/Glints2/dict_0003_0218" 8336
"/Engine/EngineMaterials/Substrate/Glints2/dict_0003_0217" 8337
"/Engine/EngineMaterials/Substrate/Glints2/dict_0003_0216" 8338
"/Engine/EngineMaterials/Substrate/Glints2/dict_0003_0215" 8339
"/Engine/EngineMaterials/Substrate/Glints2/dict_0003_0214" 8340
"/Engine/EngineMaterials/Substrate/Glints2/dict_0003_0245" 8341
"../../../Engine/Content/EngineMaterials/Substrate/Glints2/dict_0003_0246.uasset" 8342
"../../../Engine/Content/EngineMaterials/Substrate/Glints2/dict_0003_0249.uasset" 8343
"../../../Engine/Content/EngineMaterials/Substrate/Glints2/dict_0003_0250.uasset" 8344
"/Engine/EngineMaterials/Substrate/Glints2/dict_0003_0244" 8345
"../../../Engine/Content/EngineMaterials/Substrate/Glints2/dict_0003_0248.uasset" 8346
"../../../Engine/Content/EngineMaterials/Substrate/Glints2/dict_0004_0002.uasset" 8347
"../../../Engine/Content/EngineMaterials/Substrate/Glints2/dict_0004_0000.uasset" 8348
"../../../Engine/Content/EngineMaterials/Substrate/Glints2/dict_0004_0001.uasset" 8349
"../../../Engine/Content/EngineMaterials/Substrate/Glints2/dict_0004_0003.uasset" 8350
"../../../Engine/Content/EngineMaterials/Substrate/Glints2/dict_0003_0254.uasset" 8351
"../../../Engine/Content/EngineMaterials/Substrate/Glints2/dict_0003_0253.uasset" 8352
"../../../Engine/Content/EngineMaterials/Substrate/Glints2/dict_0003_0252.uasset" 8353
"../../../Engine/Content/EngineMaterials/Substrate/Glints2/dict_0003_0247.uasset" 8354
"../../../Engine/Content/EngineMaterials/Substrate/Glints2/dict_0004_0004.uasset" 8355
"../../../Engine/Content/EngineMaterials/Substrate/Glints2/dict_0003_0251.uasset" 8356
"../../../Engine/Content/EngineMaterials/Substrate/Glints2/dict_0003_0255.uasset" 8357
"/Engine/EngineMaterials/Substrate/Glints2/dict_0003_0243" 8358
"/Engine/EngineMaterials/Substrate/Glints2/dict_0003_0242" 8359
"/Engine/EngineMaterials/Substrate/Glints2/dict_0003_0241" 8360
"/Engine/EngineMaterials/Substrate/Glints2/dict_0003_0240" 8361
"/Engine/EngineMaterials/Substrate/Glints2/dict_0003_0239" 8362
"/Engine/EngineMaterials/Substrate/Glints2/dict_0003_0238" 8363
"/Engine/EngineMaterials/Substrate/Glints2/dict_0003_0237" 8364
"/Engine/EngineMaterials/Substrate/Glints2/dict_0003_0236" 8365
"/Engine/EngineMaterials/Substrate/Glints2/dict_0003_0235" 8366
"/Engine/EngineMaterials/Substrate/Glints2/dict_0003_0234" 8367
"/Engine/EngineMaterials/Substrate/Glints2/dict_0003_0233" 8368
"/Engine/EngineMaterials/Substrate/Glints2/dict_0003_0232" 8369
"/Engine/EngineMaterials/Substrate/Glints2/dict_0003_0231" 8370
"/Engine/EngineMaterials/Substrate/Glints2/dict_0003_0230" 8371
"/Engine/EngineMaterials/Substrate/Glints2/dict_0003_0229" 8372
"/Engine/EngineMaterials/Substrate/Glints2/dict_0004_0004" 8373
"../../../Engine/Content/EngineMaterials/Substrate/Glints2/dict_0004_0006.uasset" 8374
"../../../Engine/Content/EngineMaterials/Substrate/Glints2/dict_0004_0008.uasset" 8375
"../../../Engine/Content/EngineMaterials/Substrate/Glints2/dict_0004_0010.uasset" 8376
"/Engine/EngineMaterials/Substrate/Glints2/dict_0004_0003" 8377
"../../../Engine/Content/EngineMaterials/Substrate/Glints2/dict_0004_0015.uasset" 8378
"../../../Engine/Content/EngineMaterials/Substrate/Glints2/dict_0004_0016.uasset" 8379
"../../../Engine/Content/EngineMaterials/Substrate/Glints2/dict_0004_0013.uasset" 8380
"../../../Engine/Content/EngineMaterials/Substrate/Glints2/dict_0004_0017.uasset" 8381
"../../../Engine/Content/EngineMaterials/Substrate/Glints2/dict_0004_0014.uasset" 8382
"../../../Engine/Content/EngineMaterials/Substrate/Glints2/dict_0004_0011.uasset" 8383
"../../../Engine/Content/EngineMaterials/Substrate/Glints2/dict_0004_0009.uasset" 8384
"../../../Engine/Content/EngineMaterials/Substrate/Glints2/dict_0004_0018.uasset" 8385
"../../../Engine/Content/EngineMaterials/Substrate/Glints2/dict_0004_0012.uasset" 8386
"../../../Engine/Content/EngineMaterials/Substrate/Glints2/dict_0004_0021.uasset" 8387
"../../../Engine/Content/EngineMaterials/Substrate/Glints2/dict_0004_0007.uasset" 8388
"../../../Engine/Content/EngineMaterials/Substrate/Glints2/dict_0004_0005.uasset" 8389
"../../../Engine/Content/EngineMaterials/Substrate/Glints2/dict_0004_0019.uasset" 8390
"../../../Engine/Content/EngineMaterials/Substrate/Glints2/dict_0004_0020.uasset" 8391
"/Engine/EngineMaterials/Substrate/Glints2/dict_0004_0002" 8392
"/Engine/EngineMaterials/Substrate/Glints2/dict_0004_0001" 8393
"/Engine/EngineMaterials/Substrate/Glints2/dict_0004_0000" 8394
"/Engine/EngineMaterials/Substrate/Glints2/dict_0003_0255" 8395
"/Engine/EngineMaterials/Substrate/Glints2/dict_0003_0254" 8396
"/Engine/EngineMaterials/Substrate/Glints2/dict_0003_0253" 8397
"/Engine/EngineMaterials/Substrate/Glints2/dict_0003_0252" 8398
"/Engine/EngineMaterials/Substrate/Glints2/dict_0003_0251" 8399
"/Engine/EngineMaterials/Substrate/Glints2/dict_0003_0250" 8400
"/Engine/EngineMaterials/Substrate/Glints2/dict_0003_0249" 8401
"/Engine/EngineMaterials/Substrate/Glints2/dict_0003_0248" 8402
"/Engine/EngineMaterials/Substrate/Glints2/dict_0003_0247" 8403
"/Engine/EngineMaterials/Substrate/Glints2/dict_0003_0246" 8404
"/Engine/EngineMaterials/Substrate/Glints2/dict_0004_0021" 8405
"../../../Engine/Content/EngineMaterials/Substrate/Glints2/dict_0004_0024.uasset" 8406
"../../../Engine/Content/EngineMaterials/Substrate/Glints2/dict_0004_0022.uasset" 8407
"../../../Engine/Content/EngineMaterials/Substrate/Glints2/dict_0004_0023.uasset" 8408
"../../../Engine/Content/EngineMaterials/Substrate/Glints2/dict_0004_0025.uasset" 8409
"../../../Engine/Content/EngineMaterials/Substrate/Glints2/dict_0004_0026.uasset" 8410
"../../../Engine/Content/EngineMaterials/Substrate/Glints2/dict_0004_0027.uasset" 8411
"../../../Engine/Content/EngineMaterials/Substrate/Glints2/dict_0004_0030.uasset" 8412
"../../../Engine/Content/EngineMaterials/Substrate/Glints2/dict_0004_0033.uasset" 8413
"../../../Engine/Content/EngineMaterials/Substrate/Glints2/dict_0004_0029.uasset" 8414
"../../../Engine/Content/EngineMaterials/Substrate/Glints2/dict_0004_0034.uasset" 8415
"../../../Engine/Content/EngineMaterials/Substrate/Glints2/dict_0004_0035.uasset" 8416
"../../../Engine/Content/EngineMaterials/Substrate/Glints2/dict_0004_0032.uasset" 8417
"../../../Engine/Content/EngineMaterials/Substrate/Glints2/dict_0004_0031.uasset" 8418
"/Engine/EngineMaterials/Substrate/Glints2/dict_0004_0020" 8419
"../../../Engine/Content/EngineMaterials/Substrate/Glints2/dict_0004_0036.uasset" 8420
"../../../Engine/Content/EngineMaterials/Substrate/Glints2/dict_0004_0028.uasset" 8421
"/Engine/EngineMaterials/Substrate/Glints2/dict_0004_0019" 8422
"/Engine/EngineMaterials/Substrate/Glints2/dict_0004_0018" 8423
"/Engine/EngineMaterials/Substrate/Glints2/dict_0004_0017" 8424
"/Engine/EngineMaterials/Substrate/Glints2/dict_0004_0016" 8425
"/Engine/EngineMaterials/Substrate/Glints2/dict_0004_0015" 8426
"/Engine/EngineMaterials/Substrate/Glints2/dict_0004_0014" 8427
"/Engine/EngineMaterials/Substrate/Glints2/dict_0004_0013" 8428
"/Engine/EngineMaterials/Substrate/Glints2/dict_0004_0012" 8429
"/Engine/EngineMaterials/Substrate/Glints2/dict_0004_0011" 8430
"/Engine/EngineMaterials/Substrate/Glints2/dict_0004_0010" 8431
"/Engine/EngineMaterials/Substrate/Glints2/dict_0004_0009" 8432
"/Engine/EngineMaterials/Substrate/Glints2/dict_0004_0008" 8433
"/Engine/EngineMaterials/Substrate/Glints2/dict_0004_0007" 8434
"/Engine/EngineMaterials/Substrate/Glints2/dict_0004_0006" 8435
"/Engine/EngineMaterials/Substrate/Glints2/dict_0004_0005" 8436
"/Engine/EngineMaterials/Substrate/Glints2/dict_0004_0036" 8437
"../../../Engine/Content/EngineMaterials/Substrate/Glints2/dict_0004_0040.uasset" 8438
"../../../Engine/Content/EngineMaterials/Substrate/Glints2/dict_0004_0039.uasset" 8439
"../../../Engine/Content/EngineMaterials/Substrate/Glints2/dict_0004_0038.uasset" 8440
"../../../Engine/Content/EngineMaterials/Substrate/Glints2/dict_0004_0042.uasset" 8441
"../../../Engine/Content/EngineMaterials/Substrate/Glints2/dict_0004_0037.uasset" 8442
"../../../Engine/Content/EngineMaterials/Substrate/Glints2/dict_0004_0044.uasset" 8443
"/Engine/EngineMaterials/Substrate/Glints2/dict_0004_0035" 8444
"../../../Engine/Content/EngineMaterials/Substrate/Glints2/dict_0004_0050.uasset" 8445
"../../../Engine/Content/EngineMaterials/Substrate/Glints2/dict_0004_0046.uasset" 8446
"../../../Engine/Content/EngineMaterials/Substrate/Glints2/dict_0004_0045.uasset" 8447
"../../../Engine/Content/EngineMaterials/Substrate/Glints2/dict_0004_0041.uasset" 8448
"../../../Engine/Content/EngineMaterials/Substrate/Glints2/dict_0004_0047.uasset" 8449
"../../../Engine/Content/EngineMaterials/Substrate/Glints2/dict_0004_0051.uasset" 8450
"../../../Engine/Content/EngineMaterials/Substrate/Glints2/dict_0004_0049.uasset" 8451
"../../../Engine/Content/EngineMaterials/Substrate/Glints2/dict_0004_0048.uasset" 8452
"../../../Engine/Content/EngineMaterials/Substrate/Glints2/dict_0004_0043.uasset" 8453
"../../../Engine/Content/EngineMaterials/Substrate/Glints2/dict_0004_0052.uasset" 8454
"../../../Engine/Content/EngineMaterials/Substrate/Glints2/dict_0004_0053.uasset" 8455
"/Engine/EngineMaterials/Substrate/Glints2/dict_0004_0034" 8456
"/Engine/EngineMaterials/Substrate/Glints2/dict_0004_0033" 8457
"/Engine/EngineMaterials/Substrate/Glints2/dict_0004_0032" 8458
"/Engine/EngineMaterials/Substrate/Glints2/dict_0004_0031" 8459
"/Engine/EngineMaterials/Substrate/Glints2/dict_0004_0030" 8460
"/Engine/EngineMaterials/Substrate/Glints2/dict_0004_0029" 8461
"/Engine/EngineMaterials/Substrate/Glints2/dict_0004_0028" 8462
"/Engine/EngineMaterials/Substrate/Glints2/dict_0004_0027" 8463
"/Engine/EngineMaterials/Substrate/Glints2/dict_0004_0026" 8464
"/Engine/EngineMaterials/Substrate/Glints2/dict_0004_0025" 8465
"/Engine/EngineMaterials/Substrate/Glints2/dict_0004_0024" 8466
"/Engine/EngineMaterials/Substrate/Glints2/dict_0004_0023" 8467
"/Engine/EngineMaterials/Substrate/Glints2/dict_0004_0022" 8468
"/Engine/EngineMaterials/Substrate/Glints2/dict_0004_0053" 8469
"../../../Engine/Content/EngineMaterials/Substrate/Glints2/dict_0004_0054.uasset" 8470
"../../../Engine/Content/EngineMaterials/Substrate/Glints2/dict_0004_0055.uasset" 8471
"../../../Engine/Content/EngineMaterials/Substrate/Glints2/dict_0004_0056.uasset" 8472
"../../../Engine/Content/EngineMaterials/Substrate/Glints2/dict_0004_0058.uasset" 8473
"../../../Engine/Content/EngineMaterials/Substrate/Glints2/dict_0004_0059.uasset" 8474
"../../../Engine/Content/EngineMaterials/Substrate/Glints2/dict_0004_0060.uasset" 8475
"/Engine/EngineMaterials/Substrate/Glints2/dict_0004_0052" 8476
"../../../Engine/Content/EngineMaterials/Substrate/Glints2/dict_0004_0057.uasset" 8477
"../../../Engine/Content/EngineMaterials/Substrate/Glints2/dict_0004_0062.uasset" 8478
"../../../Engine/Content/EngineMaterials/Substrate/Glints2/dict_0004_0065.uasset" 8479
"../../../Engine/Content/EngineMaterials/Substrate/Glints2/dict_0004_0064.uasset" 8480
"../../../Engine/Content/EngineMaterials/Substrate/Glints2/dict_0004_0063.uasset" 8481
"../../../Engine/Content/EngineMaterials/Substrate/Glints2/dict_0004_0068.uasset" 8482
"../../../Engine/Content/EngineMaterials/Substrate/Glints2/dict_0004_0067.uasset" 8483
"../../../Engine/Content/EngineMaterials/Substrate/Glints2/dict_0004_0061.uasset" 8484
"../../../Engine/Content/EngineMaterials/Substrate/Glints2/dict_0004_0066.uasset" 8485
"/Engine/EngineMaterials/Substrate/Glints2/dict_0004_0051" 8486
"/Engine/EngineMaterials/Substrate/Glints2/dict_0004_0050" 8487
"/Engine/EngineMaterials/Substrate/Glints2/dict_0004_0049" 8488
"/Engine/EngineMaterials/Substrate/Glints2/dict_0004_0048" 8489
"/Engine/EngineMaterials/Substrate/Glints2/dict_0004_0047" 8490
"/Engine/EngineMaterials/Substrate/Glints2/dict_0004_0046" 8491
"/Engine/EngineMaterials/Substrate/Glints2/dict_0004_0045" 8492
"/Engine/EngineMaterials/Substrate/Glints2/dict_0004_0044" 8493
"/Engine/EngineMaterials/Substrate/Glints2/dict_0004_0043" 8494
"/Engine/EngineMaterials/Substrate/Glints2/dict_0004_0042" 8495
"/Engine/EngineMaterials/Substrate/Glints2/dict_0004_0041" 8496
"/Engine/EngineMaterials/Substrate/Glints2/dict_0004_0040" 8497
"/Engine/EngineMaterials/Substrate/Glints2/dict_0004_0039" 8498
"/Engine/EngineMaterials/Substrate/Glints2/dict_0004_0038" 8499
"/Engine/EngineMaterials/Substrate/Glints2/dict_0004_0037" 8500
"/Engine/EngineMaterials/Substrate/Glints2/dict_0004_0068" 8501
"../../../Engine/Content/EngineMaterials/Substrate/Glints2/dict_0004_0070.uasset" 8502
"../../../Engine/Content/EngineMaterials/Substrate/Glints2/dict_0004_0069.uasset" 8503
"../../../Engine/Content/EngineMaterials/Substrate/Glints2/dict_0004_0073.uasset" 8504
"../../../Engine/Content/EngineMaterials/Substrate/Glints2/dict_0004_0072.uasset" 8505
"../../../Engine/Content/EngineMaterials/Substrate/Glints2/dict_0004_0074.uasset" 8506
"../../../Engine/Content/EngineMaterials/Substrate/Glints2/dict_0004_0078.uasset" 8507
"../../../Engine/Content/EngineMaterials/Substrate/Glints2/dict_0004_0081.uasset" 8508
"../../../Engine/Content/EngineMaterials/Substrate/Glints2/dict_0004_0071.uasset" 8509
"../../../Engine/Content/EngineMaterials/Substrate/Glints2/dict_0004_0075.uasset" 8510
"../../../Engine/Content/EngineMaterials/Substrate/Glints2/dict_0004_0080.uasset" 8511
"../../../Engine/Content/EngineMaterials/Substrate/Glints2/dict_0004_0077.uasset" 8512
"../../../Engine/Content/EngineMaterials/Substrate/Glints2/dict_0004_0079.uasset" 8513
"../../../Engine/Content/EngineMaterials/Substrate/Glints2/dict_0004_0082.uasset" 8514
"/Engine/EngineMaterials/Substrate/Glints2/dict_0004_0067" 8515
"../../../Engine/Content/EngineMaterials/Substrate/Glints2/dict_0004_0076.uasset" 8516
"../../../Engine/Content/EngineMaterials/Substrate/Glints2/dict_0004_0083.uasset" 8517
"../../../Engine/Content/EngineMaterials/Substrate/Glints2/dict_0004_0084.uasset" 8518
"../../../Engine/Content/EngineMaterials/Substrate/Glints2/dict_0004_0085.uasset" 8519
"/Engine/EngineMaterials/Substrate/Glints2/dict_0004_0066" 8520
"/Engine/EngineMaterials/Substrate/Glints2/dict_0004_0065" 8521
"/Engine/EngineMaterials/Substrate/Glints2/dict_0004_0064" 8522
"/Engine/EngineMaterials/Substrate/Glints2/dict_0004_0063" 8523
"/Engine/EngineMaterials/Substrate/Glints2/dict_0004_0062" 8524
"/Engine/EngineMaterials/Substrate/Glints2/dict_0004_0061" 8525
"/Engine/EngineMaterials/Substrate/Glints2/dict_0004_0060" 8526
"/Engine/EngineMaterials/Substrate/Glints2/dict_0004_0059" 8527
"/Engine/EngineMaterials/Substrate/Glints2/dict_0004_0058" 8528
"/Engine/EngineMaterials/Substrate/Glints2/dict_0004_0057" 8529
"/Engine/EngineMaterials/Substrate/Glints2/dict_0004_0056" 8530
"/Engine/EngineMaterials/Substrate/Glints2/dict_0004_0055" 8531
"/Engine/EngineMaterials/Substrate/Glints2/dict_0004_0054" 8532
"/Engine/EngineMaterials/Substrate/Glints2/dict_0004_0085" 8533
"../../../Engine/Content/EngineMaterials/Substrate/Glints2/dict_0004_0086.uasset" 8534
"../../../Engine/Content/EngineMaterials/Substrate/Glints2/dict_0004_0087.uasset" 8535
"../../../Engine/Content/EngineMaterials/Substrate/Glints2/dict_0004_0089.uasset" 8536
"../../../Engine/Content/EngineMaterials/Substrate/Glints2/dict_0004_0098.uasset" 8537
"../../../Engine/Content/EngineMaterials/Substrate/Glints2/dict_0004_0099.uasset" 8538
"../../../Engine/Content/EngineMaterials/Substrate/Glints2/dict_0004_0095.uasset" 8539
"../../../Engine/Content/EngineMaterials/Substrate/Glints2/dict_0004_0100.uasset" 8540
"../../../Engine/Content/EngineMaterials/Substrate/Glints2/dict_0004_0097.uasset" 8541
"../../../Engine/Content/EngineMaterials/Substrate/Glints2/dict_0004_0094.uasset" 8542
"../../../Engine/Content/EngineMaterials/Substrate/Glints2/dict_0004_0090.uasset" 8543
"../../../Engine/Content/EngineMaterials/Substrate/Glints2/dict_0004_0092.uasset" 8544
"../../../Engine/Content/EngineMaterials/Substrate/Glints2/dict_0004_0091.uasset" 8545
"/Engine/EngineMaterials/Substrate/Glints2/dict_0004_0084" 8546
"../../../Engine/Content/EngineMaterials/Substrate/Glints2/dict_0004_0088.uasset" 8547
"../../../Engine/Content/EngineMaterials/Substrate/Glints2/dict_0004_0096.uasset" 8548
"../../../Engine/Content/EngineMaterials/Substrate/Glints2/dict_0004_0093.uasset" 8549
"/Engine/EngineMaterials/Substrate/Glints2/dict_0004_0083" 8550
"/Engine/EngineMaterials/Substrate/Glints2/dict_0004_0082" 8551
"/Engine/EngineMaterials/Substrate/Glints2/dict_0004_0081" 8552
"/Engine/EngineMaterials/Substrate/Glints2/dict_0004_0080" 8553
"/Engine/EngineMaterials/Substrate/Glints2/dict_0004_0079" 8554
"/Engine/EngineMaterials/Substrate/Glints2/dict_0004_0078" 8555
"/Engine/EngineMaterials/Substrate/Glints2/dict_0004_0077" 8556
"/Engine/EngineMaterials/Substrate/Glints2/dict_0004_0076" 8557
"/Engine/EngineMaterials/Substrate/Glints2/dict_0004_0075" 8558
"/Engine/EngineMaterials/Substrate/Glints2/dict_0004_0074" 8559
"/Engine/EngineMaterials/Substrate/Glints2/dict_0004_0073" 8560
"/Engine/EngineMaterials/Substrate/Glints2/dict_0004_0072" 8561
"/Engine/EngineMaterials/Substrate/Glints2/dict_0004_0071" 8562
"/Engine/EngineMaterials/Substrate/Glints2/dict_0004_0070" 8563
"/Engine/EngineMaterials/Substrate/Glints2/dict_0004_0069" 8564
"/Engine/EngineMaterials/Substrate/Glints2/dict_0004_0100" 8565
"../../../Engine/Content/EngineMaterials/Substrate/Glints2/dict_0004_0101.uasset" 8566
"../../../Engine/Content/EngineMaterials/Substrate/Glints2/dict_0004_0102.uasset" 8567
"../../../Engine/Content/EngineMaterials/Substrate/Glints2/dict_0004_0103.uasset" 8568
"../../../Engine/Content/EngineMaterials/Substrate/Glints2/dict_0004_0104.uasset" 8569
"../../../Engine/Content/EngineMaterials/Substrate/Glints2/dict_0004_0105.uasset" 8570
"../../../Engine/Content/EngineMaterials/Substrate/Glints2/dict_0004_0107.uasset" 8571
"../../../Engine/Content/EngineMaterials/Substrate/Glints2/dict_0004_0110.uasset" 8572
"../../../Engine/Content/EngineMaterials/Substrate/Glints2/dict_0004_0108.uasset" 8573
"/Engine/EngineMaterials/Substrate/Glints2/dict_0004_0099" 8574
"../../../Engine/Content/EngineMaterials/Substrate/Glints2/dict_0004_0114.uasset" 8575
"../../../Engine/Content/EngineMaterials/Substrate/Glints2/dict_0004_0106.uasset" 8576
"../../../Engine/Content/EngineMaterials/Substrate/Glints2/dict_0004_0111.uasset" 8577
"../../../Engine/Content/EngineMaterials/Substrate/Glints2/dict_0004_0112.uasset" 8578
"../../../Engine/Content/EngineMaterials/Substrate/Glints2/dict_0004_0113.uasset" 8579
"../../../Engine/Content/EngineMaterials/Substrate/Glints2/dict_0004_0116.uasset" 8580
"../../../Engine/Content/EngineMaterials/Substrate/Glints2/dict_0004_0109.uasset" 8581
"../../../Engine/Content/EngineMaterials/Substrate/Glints2/dict_0004_0117.uasset" 8582
"../../../Engine/Content/EngineMaterials/Substrate/Glints2/dict_0004_0115.uasset" 8583
"/Engine/EngineMaterials/Substrate/Glints2/dict_0004_0098" 8584
"/Engine/EngineMaterials/Substrate/Glints2/dict_0004_0097" 8585
"/Engine/EngineMaterials/Substrate/Glints2/dict_0004_0096" 8586
"/Engine/EngineMaterials/Substrate/Glints2/dict_0004_0095" 8587
"/Engine/EngineMaterials/Substrate/Glints2/dict_0004_0094" 8588
"/Engine/EngineMaterials/Substrate/Glints2/dict_0004_0093" 8589
"/Engine/EngineMaterials/Substrate/Glints2/dict_0004_0092" 8590
"/Engine/EngineMaterials/Substrate/Glints2/dict_0004_0091" 8591
"/Engine/EngineMaterials/Substrate/Glints2/dict_0004_0090" 8592
"/Engine/EngineMaterials/Substrate/Glints2/dict_0004_0089" 8593
"/Engine/EngineMaterials/Substrate/Glints2/dict_0004_0088" 8594
"/Engine/EngineMaterials/Substrate/Glints2/dict_0004_0087" 8595
"/Engine/EngineMaterials/Substrate/Glints2/dict_0004_0086" 8596
"/Engine/EngineMaterials/Substrate/Glints2/dict_0004_0117" 8597
"../../../Engine/Content/EngineMaterials/Substrate/Glints2/dict_0004_0118.uasset" 8598
"../../../Engine/Content/EngineMaterials/Substrate/Glints2/dict_0004_0119.uasset" 8599
"../../../Engine/Content/EngineMaterials/Substrate/Glints2/dict_0004_0120.uasset" 8600
"../../../Engine/Content/EngineMaterials/Substrate/Glints2/dict_0004_0121.uasset" 8601
"../../../Engine/Content/EngineMaterials/Substrate/Glints2/dict_0004_0124.uasset" 8602
"../../../Engine/Content/EngineMaterials/Substrate/Glints2/dict_0004_0122.uasset" 8603
"../../../Engine/Content/EngineMaterials/Substrate/Glints2/dict_0004_0127.uasset" 8604
"../../../Engine/Content/EngineMaterials/Substrate/Glints2/dict_0004_0128.uasset" 8605
"../../../Engine/Content/EngineMaterials/Substrate/Glints2/dict_0004_0126.uasset" 8606
"../../../Engine/Content/EngineMaterials/Substrate/Glints2/dict_0004_0129.uasset" 8607
"../../../Engine/Content/EngineMaterials/Substrate/Glints2/dict_0004_0131.uasset" 8608
"/Engine/EngineMaterials/Substrate/Glints2/dict_0004_0116" 8609
"../../../Engine/Content/EngineMaterials/Substrate/Glints2/dict_0004_0130.uasset" 8610
"../../../Engine/Content/EngineMaterials/Substrate/Glints2/dict_0004_0125.uasset" 8611
"../../../Engine/Content/EngineMaterials/Substrate/Glints2/dict_0004_0132.uasset" 8612
"../../../Engine/Content/EngineMaterials/Substrate/Glints2/dict_0004_0123.uasset" 8613
"/Engine/EngineMaterials/Substrate/Glints2/dict_0004_0115" 8614
"/Engine/EngineMaterials/Substrate/Glints2/dict_0004_0114" 8615
"/Engine/EngineMaterials/Substrate/Glints2/dict_0004_0113" 8616
"/Engine/EngineMaterials/Substrate/Glints2/dict_0004_0112" 8617
"/Engine/EngineMaterials/Substrate/Glints2/dict_0004_0111" 8618
"/Engine/EngineMaterials/Substrate/Glints2/dict_0004_0110" 8619
"/Engine/EngineMaterials/Substrate/Glints2/dict_0004_0109" 8620
"/Engine/EngineMaterials/Substrate/Glints2/dict_0004_0108" 8621
"/Engine/EngineMaterials/Substrate/Glints2/dict_0004_0107" 8622
"/Engine/EngineMaterials/Substrate/Glints2/dict_0004_0106" 8623
"/Engine/EngineMaterials/Substrate/Glints2/dict_0004_0105" 8624
"/Engine/EngineMaterials/Substrate/Glints2/dict_0004_0104" 8625
"/Engine/EngineMaterials/Substrate/Glints2/dict_0004_0103" 8626
"/Engine/EngineMaterials/Substrate/Glints2/dict_0004_0102" 8627
"/Engine/EngineMaterials/Substrate/Glints2/dict_0004_0101" 8628
"/Engine/EngineMaterials/Substrate/Glints2/dict_0004_0132" 8629
"/Engine/EngineMaterials/Substrate/Glints2/dict_0004_0131" 8630
"../../../Engine/Content/EngineMaterials/Substrate/Glints2/dict_0004_0133.uasset" 8631
"../../../Engine/Content/EngineMaterials/Substrate/Glints2/dict_0004_0134.uasset" 8632
"../../../Engine/Content/EngineMaterials/Substrate/Glints2/dict_0004_0138.uasset" 8633
"../../../Engine/Content/EngineMaterials/Substrate/Glints2/dict_0004_0141.uasset" 8634
"../../../Engine/Content/EngineMaterials/Substrate/Glints2/dict_0004_0142.uasset" 8635
"../../../Engine/Content/EngineMaterials/Substrate/Glints2/dict_0004_0143.uasset" 8636
"../../../Engine/Content/EngineMaterials/Substrate/Glints2/dict_0004_0137.uasset" 8637
"../../../Engine/Content/EngineMaterials/Substrate/Glints2/dict_0004_0144.uasset" 8638
"../../../Engine/Content/EngineMaterials/Substrate/Glints2/dict_0004_0146.uasset" 8639
"../../../Engine/Content/EngineMaterials/Substrate/Glints2/dict_0004_0147.uasset" 8640
"../../../Engine/Content/EngineMaterials/Substrate/Glints2/dict_0004_0136.uasset" 8641
"../../../Engine/Content/EngineMaterials/Substrate/Glints2/dict_0004_0135.uasset" 8642
"../../../Engine/Content/EngineMaterials/Substrate/Glints2/dict_0004_0148.uasset" 8643
"../../../Engine/Content/EngineMaterials/Substrate/Glints2/dict_0004_0140.uasset" 8644
"../../../Engine/Content/EngineMaterials/Substrate/Glints2/dict_0004_0149.uasset" 8645
"/Engine/EngineMaterials/Substrate/Glints2/dict_0004_0130" 8646
"../../../Engine/Content/EngineMaterials/Substrate/Glints2/dict_0004_0145.uasset" 8647
"../../../Engine/Content/EngineMaterials/Substrate/Glints2/dict_0004_0139.uasset" 8648
"/Engine/EngineMaterials/Substrate/Glints2/dict_0004_0129" 8649
"/Engine/EngineMaterials/Substrate/Glints2/dict_0004_0128" 8650
"/Engine/EngineMaterials/Substrate/Glints2/dict_0004_0127" 8651
"/Engine/EngineMaterials/Substrate/Glints2/dict_0004_0126" 8652
"/Engine/EngineMaterials/Substrate/Glints2/dict_0004_0125" 8653
"/Engine/EngineMaterials/Substrate/Glints2/dict_0004_0124" 8654
"/Engine/EngineMaterials/Substrate/Glints2/dict_0004_0123" 8655
"/Engine/EngineMaterials/Substrate/Glints2/dict_0004_0122" 8656
"/Engine/EngineMaterials/Substrate/Glints2/dict_0004_0121" 8657
"/Engine/EngineMaterials/Substrate/Glints2/dict_0004_0120" 8658
"/Engine/EngineMaterials/Substrate/Glints2/dict_0004_0119" 8659
"/Engine/EngineMaterials/Substrate/Glints2/dict_0004_0118" 8660
"/Engine/EngineMaterials/Substrate/Glints2/dict_0004_0149" 8661
"../../../Engine/Content/EngineMaterials/Substrate/Glints2/dict_0004_0150.uasset" 8662
"../../../Engine/Content/EngineMaterials/Substrate/Glints2/dict_0004_0154.uasset" 8663
"../../../Engine/Content/EngineMaterials/Substrate/Glints2/dict_0004_0152.uasset" 8664
"../../../Engine/Content/EngineMaterials/Substrate/Glints2/dict_0004_0156.uasset" 8665
"../../../Engine/Content/EngineMaterials/Substrate/Glints2/dict_0004_0151.uasset" 8666
"../../../Engine/Content/EngineMaterials/Substrate/Glints2/dict_0004_0157.uasset" 8667
"../../../Engine/Content/EngineMaterials/Substrate/Glints2/dict_0004_0162.uasset" 8668
"../../../Engine/Content/EngineMaterials/Substrate/Glints2/dict_0004_0158.uasset" 8669
"../../../Engine/Content/EngineMaterials/Substrate/Glints2/dict_0004_0159.uasset" 8670
"/Engine/EngineMaterials/Substrate/Glints2/dict_0004_0148" 8671
"../../../Engine/Content/EngineMaterials/Substrate/Glints2/dict_0004_0155.uasset" 8672
"../../../Engine/Content/EngineMaterials/Substrate/Glints2/dict_0004_0153.uasset" 8673
"../../../Engine/Content/EngineMaterials/Substrate/Glints2/dict_0004_0160.uasset" 8674
"../../../Engine/Content/EngineMaterials/Substrate/Glints2/dict_0004_0164.uasset" 8675
"../../../Engine/Content/EngineMaterials/Substrate/Glints2/dict_0004_0161.uasset" 8676
"../../../Engine/Content/EngineMaterials/Substrate/Glints2/dict_0004_0163.uasset" 8677
"/Engine/EngineMaterials/Substrate/Glints2/dict_0004_0147" 8678
"/Engine/EngineMaterials/Substrate/Glints2/dict_0004_0146" 8679
"/Engine/EngineMaterials/Substrate/Glints2/dict_0004_0145" 8680
"/Engine/EngineMaterials/Substrate/Glints2/dict_0004_0144" 8681
"/Engine/EngineMaterials/Substrate/Glints2/dict_0004_0143" 8682
"/Engine/EngineMaterials/Substrate/Glints2/dict_0004_0142" 8683
"/Engine/EngineMaterials/Substrate/Glints2/dict_0004_0141" 8684
"/Engine/EngineMaterials/Substrate/Glints2/dict_0004_0140" 8685
"/Engine/EngineMaterials/Substrate/Glints2/dict_0004_0139" 8686
"/Engine/EngineMaterials/Substrate/Glints2/dict_0004_0138" 8687
"/Engine/EngineMaterials/Substrate/Glints2/dict_0004_0137" 8688
"/Engine/EngineMaterials/Substrate/Glints2/dict_0004_0136" 8689
"/Engine/EngineMaterials/Substrate/Glints2/dict_0004_0135" 8690
"/Engine/EngineMaterials/Substrate/Glints2/dict_0004_0134" 8691
"/Engine/EngineMaterials/Substrate/Glints2/dict_0004_0133" 8692
"/Engine/EngineMaterials/Substrate/Glints2/dict_0004_0164" 8693
"/Engine/EngineMaterials/Substrate/Glints2/dict_0004_0163" 8694
"../../../Engine/Content/EngineMaterials/Substrate/Glints2/dict_0004_0167.uasset" 8695
"../../../Engine/Content/EngineMaterials/Substrate/Glints2/dict_0004_0165.uasset" 8696
"../../../Engine/Content/EngineMaterials/Substrate/Glints2/dict_0004_0168.uasset" 8697
"../../../Engine/Content/EngineMaterials/Substrate/Glints2/dict_0004_0174.uasset" 8698
"../../../Engine/Content/EngineMaterials/Substrate/Glints2/dict_0004_0170.uasset" 8699
"../../../Engine/Content/EngineMaterials/Substrate/Glints2/dict_0004_0178.uasset" 8700
"../../../Engine/Content/EngineMaterials/Substrate/Glints2/dict_0004_0171.uasset" 8701
"/Engine/EngineMaterials/Substrate/Glints2/dict_0004_0162" 8702
"../../../Engine/Content/EngineMaterials/Substrate/Glints2/dict_0004_0172.uasset" 8703
"../../../Engine/Content/EngineMaterials/Substrate/Glints2/dict_0004_0173.uasset" 8704
"../../../Engine/Content/EngineMaterials/Substrate/Glints2/dict_0004_0179.uasset" 8705
"../../../Engine/Content/EngineMaterials/Substrate/Glints2/dict_0004_0177.uasset" 8706
"../../../Engine/Content/EngineMaterials/Substrate/Glints2/dict_0004_0166.uasset" 8707
"../../../Engine/Content/EngineMaterials/Substrate/Glints2/dict_0004_0169.uasset" 8708
"../../../Engine/Content/EngineMaterials/Substrate/Glints2/dict_0004_0181.uasset" 8709
"../../../Engine/Content/EngineMaterials/Substrate/Glints2/dict_0004_0175.uasset" 8710
"../../../Engine/Content/EngineMaterials/Substrate/Glints2/dict_0004_0180.uasset" 8711
"../../../Engine/Content/EngineMaterials/Substrate/Glints2/dict_0004_0176.uasset" 8712
"/Engine/EngineMaterials/Substrate/Glints2/dict_0004_0161" 8713
"/Engine/EngineMaterials/Substrate/Glints2/dict_0004_0160" 8714
"/Engine/EngineMaterials/Substrate/Glints2/dict_0004_0159" 8715
"/Engine/EngineMaterials/Substrate/Glints2/dict_0004_0158" 8716
"/Engine/EngineMaterials/Substrate/Glints2/dict_0004_0157" 8717
"/Engine/EngineMaterials/Substrate/Glints2/dict_0004_0156" 8718
"/Engine/EngineMaterials/Substrate/Glints2/dict_0004_0155" 8719
"/Engine/EngineMaterials/Substrate/Glints2/dict_0004_0154" 8720
"/Engine/EngineMaterials/Substrate/Glints2/dict_0004_0153" 8721
"/Engine/EngineMaterials/Substrate/Glints2/dict_0004_0152" 8722
"/Engine/EngineMaterials/Substrate/Glints2/dict_0004_0151" 8723
"/Engine/EngineMaterials/Substrate/Glints2/dict_0004_0150" 8724
"/Engine/EngineMaterials/Substrate/Glints2/dict_0004_0181" 8725
"../../../Engine/Content/EngineMaterials/Substrate/Glints2/dict_0004_0184.uasset" 8726
"../../../Engine/Content/EngineMaterials/Substrate/Glints2/dict_0004_0182.uasset" 8727
"../../../Engine/Content/EngineMaterials/Substrate/Glints2/dict_0004_0183.uasset" 8728
"../../../Engine/Content/EngineMaterials/Substrate/Glints2/dict_0004_0185.uasset" 8729
"../../../Engine/Content/EngineMaterials/Substrate/Glints2/dict_0004_0186.uasset" 8730
"../../../Engine/Content/EngineMaterials/Substrate/Glints2/dict_0004_0188.uasset" 8731
"../../../Engine/Content/EngineMaterials/Substrate/Glints2/dict_0004_0187.uasset" 8732
"../../../Engine/Content/EngineMaterials/Substrate/Glints2/dict_0004_0190.uasset" 8733
"../../../Engine/Content/EngineMaterials/Substrate/Glints2/dict_0004_0193.uasset" 8734
"../../../Engine/Content/EngineMaterials/Substrate/Glints2/dict_0004_0194.uasset" 8735
"../../../Engine/Content/EngineMaterials/Substrate/Glints2/dict_0004_0195.uasset" 8736
"/Engine/EngineMaterials/Substrate/Glints2/dict_0004_0180" 8737
"../../../Engine/Content/EngineMaterials/Substrate/Glints2/dict_0004_0196.uasset" 8738
"../../../Engine/Content/EngineMaterials/Substrate/Glints2/dict_0004_0191.uasset" 8739
"../../../Engine/Content/EngineMaterials/Substrate/Glints2/dict_0004_0189.uasset" 8740
"../../../Engine/Content/EngineMaterials/Substrate/Glints2/dict_0004_0192.uasset" 8741
"/Engine/EngineMaterials/Substrate/Glints2/dict_0004_0179" 8742
"/Engine/EngineMaterials/Substrate/Glints2/dict_0004_0178" 8743
"/Engine/EngineMaterials/Substrate/Glints2/dict_0004_0177" 8744
"/Engine/EngineMaterials/Substrate/Glints2/dict_0004_0176" 8745
"/Engine/EngineMaterials/Substrate/Glints2/dict_0004_0175" 8746
"/Engine/EngineMaterials/Substrate/Glints2/dict_0004_0174" 8747
"/Engine/EngineMaterials/Substrate/Glints2/dict_0004_0173" 8748
"/Engine/EngineMaterials/Substrate/Glints2/dict_0004_0172" 8749
"/Engine/EngineMaterials/Substrate/Glints2/dict_0004_0171" 8750
"/Engine/EngineMaterials/Substrate/Glints2/dict_0004_0170" 8751
"/Engine/EngineMaterials/Substrate/Glints2/dict_0004_0169" 8752
"/Engine/EngineMaterials/Substrate/Glints2/dict_0004_0168" 8753
"/Engine/EngineMaterials/Substrate/Glints2/dict_0004_0167" 8754
"/Engine/EngineMaterials/Substrate/Glints2/dict_0004_0166" 8755
"/Engine/EngineMaterials/Substrate/Glints2/dict_0004_0165" 8756
"/Engine/EngineMaterials/Substrate/Glints2/dict_0004_0196" 8757
"../../../Engine/Content/EngineMaterials/Substrate/Glints2/dict_0004_0197.uasset" 8758
"../../../Engine/Content/EngineMaterials/Substrate/Glints2/dict_0004_0201.uasset" 8759
"../../../Engine/Content/EngineMaterials/Substrate/Glints2/dict_0004_0204.uasset" 8760
"../../../Engine/Content/EngineMaterials/Substrate/Glints2/dict_0004_0198.uasset" 8761
"../../../Engine/Content/EngineMaterials/Substrate/Glints2/dict_0004_0203.uasset" 8762
"../../../Engine/Content/EngineMaterials/Substrate/Glints2/dict_0004_0205.uasset" 8763
"../../../Engine/Content/EngineMaterials/Substrate/Glints2/dict_0004_0199.uasset" 8764
"../../../Engine/Content/EngineMaterials/Substrate/Glints2/dict_0004_0210.uasset" 8765
"/Engine/EngineMaterials/Substrate/Glints2/dict_0004_0195" 8766
"../../../Engine/Content/EngineMaterials/Substrate/Glints2/dict_0004_0200.uasset" 8767
"../../../Engine/Content/EngineMaterials/Substrate/Glints2/dict_0004_0208.uasset" 8768
"../../../Engine/Content/EngineMaterials/Substrate/Glints2/dict_0004_0202.uasset" 8769
"../../../Engine/Content/EngineMaterials/Substrate/Glints2/dict_0004_0207.uasset" 8770
"../../../Engine/Content/EngineMaterials/Substrate/Glints2/dict_0004_0206.uasset" 8771
"../../../Engine/Content/EngineMaterials/Substrate/Glints2/dict_0004_0209.uasset" 8772
"../../../Engine/Content/EngineMaterials/Substrate/Glints2/dict_0004_0212.uasset" 8773
"../../../Engine/Content/EngineMaterials/Substrate/Glints2/dict_0004_0213.uasset" 8774
"../../../Engine/Content/EngineMaterials/Substrate/Glints2/dict_0004_0211.uasset" 8775
"/Engine/EngineMaterials/Substrate/Glints2/dict_0004_0194" 8776
"/Engine/EngineMaterials/Substrate/Glints2/dict_0004_0193" 8777
"/Engine/EngineMaterials/Substrate/Glints2/dict_0004_0192" 8778
"/Engine/EngineMaterials/Substrate/Glints2/dict_0004_0191" 8779
"/Engine/EngineMaterials/Substrate/Glints2/dict_0004_0190" 8780
"/Engine/EngineMaterials/Substrate/Glints2/dict_0004_0189" 8781
"/Engine/EngineMaterials/Substrate/Glints2/dict_0004_0188" 8782
"/Engine/EngineMaterials/Substrate/Glints2/dict_0004_0187" 8783
"/Engine/EngineMaterials/Substrate/Glints2/dict_0004_0186" 8784
"/Engine/EngineMaterials/Substrate/Glints2/dict_0004_0185" 8785
"/Engine/EngineMaterials/Substrate/Glints2/dict_0004_0184" 8786
"/Engine/EngineMaterials/Substrate/Glints2/dict_0004_0183" 8787
"/Engine/EngineMaterials/Substrate/Glints2/dict_0004_0182" 8788
"/Engine/EngineMaterials/Substrate/Glints2/dict_0004_0213" 8789
"../../../Engine/Content/EngineMaterials/Substrate/Glints2/dict_0004_0215.uasset" 8790
"../../../Engine/Content/EngineMaterials/Substrate/Glints2/dict_0004_0214.uasset" 8791
"../../../Engine/Content/EngineMaterials/Substrate/Glints2/dict_0004_0216.uasset" 8792
"../../../Engine/Content/EngineMaterials/Substrate/Glints2/dict_0004_0217.uasset" 8793
"../../../Engine/Content/EngineMaterials/Substrate/Glints2/dict_0004_0218.uasset" 8794
"../../../Engine/Content/EngineMaterials/Substrate/Glints2/dict_0004_0219.uasset" 8795
"../../../Engine/Content/EngineMaterials/Substrate/Glints2/dict_0004_0222.uasset" 8796
"../../../Engine/Content/EngineMaterials/Substrate/Glints2/dict_0004_0225.uasset" 8797
"../../../Engine/Content/EngineMaterials/Substrate/Glints2/dict_0004_0224.uasset" 8798
"/Engine/EngineMaterials/Substrate/Glints2/dict_0004_0212" 8799
"../../../Engine/Content/EngineMaterials/Substrate/Glints2/dict_0004_0228.uasset" 8800
"../../../Engine/Content/EngineMaterials/Substrate/Glints2/dict_0004_0220.uasset" 8801
"../../../Engine/Content/EngineMaterials/Substrate/Glints2/dict_0004_0227.uasset" 8802
"../../../Engine/Content/EngineMaterials/Substrate/Glints2/dict_0004_0223.uasset" 8803
"../../../Engine/Content/EngineMaterials/Substrate/Glints2/dict_0004_0221.uasset" 8804
"../../../Engine/Content/EngineMaterials/Substrate/Glints2/dict_0004_0226.uasset" 8805
"/Engine/EngineMaterials/Substrate/Glints2/dict_0004_0211" 8806
"/Engine/EngineMaterials/Substrate/Glints2/dict_0004_0210" 8807
"/Engine/EngineMaterials/Substrate/Glints2/dict_0004_0209" 8808
"/Engine/EngineMaterials/Substrate/Glints2/dict_0004_0208" 8809
"/Engine/EngineMaterials/Substrate/Glints2/dict_0004_0207" 8810
"/Engine/EngineMaterials/Substrate/Glints2/dict_0004_0206" 8811
"/Engine/EngineMaterials/Substrate/Glints2/dict_0004_0205" 8812
"/Engine/EngineMaterials/Substrate/Glints2/dict_0004_0204" 8813
"/Engine/EngineMaterials/Substrate/Glints2/dict_0004_0203" 8814
"/Engine/EngineMaterials/Substrate/Glints2/dict_0004_0202" 8815
"/Engine/EngineMaterials/Substrate/Glints2/dict_0004_0201" 8816
"/Engine/EngineMaterials/Substrate/Glints2/dict_0004_0200" 8817
"/Engine/EngineMaterials/Substrate/Glints2/dict_0004_0199" 8818
"/Engine/EngineMaterials/Substrate/Glints2/dict_0004_0198" 8819
"/Engine/EngineMaterials/Substrate/Glints2/dict_0004_0197" 8820
"/Engine/EngineMaterials/Substrate/Glints2/dict_0004_0228" 8821
"../../../Engine/Content/EngineMaterials/Substrate/Glints2/dict_0004_0230.uasset" 8822
"../../../Engine/Content/EngineMaterials/Substrate/Glints2/dict_0004_0232.uasset" 8823
"../../../Engine/Content/EngineMaterials/Substrate/Glints2/dict_0004_0231.uasset" 8824
"../../../Engine/Content/EngineMaterials/Substrate/Glints2/dict_0004_0238.uasset" 8825
"/Engine/EngineMaterials/Substrate/Glints2/dict_0004_0227" 8826
"../../../Engine/Content/EngineMaterials/Substrate/Glints2/dict_0004_0236.uasset" 8827
"../../../Engine/Content/EngineMaterials/Substrate/Glints2/dict_0004_0241.uasset" 8828
"../../../Engine/Content/EngineMaterials/Substrate/Glints2/dict_0004_0233.uasset" 8829
"../../../Engine/Content/EngineMaterials/Substrate/Glints2/dict_0004_0242.uasset" 8830
"../../../Engine/Content/EngineMaterials/Substrate/Glints2/dict_0004_0239.uasset" 8831
"../../../Engine/Content/EngineMaterials/Substrate/Glints2/dict_0004_0240.uasset" 8832
"../../../Engine/Content/EngineMaterials/Substrate/Glints2/dict_0004_0244.uasset" 8833
"../../../Engine/Content/EngineMaterials/Substrate/Glints2/dict_0004_0243.uasset" 8834
"../../../Engine/Content/EngineMaterials/Substrate/Glints2/dict_0004_0237.uasset" 8835
"../../../Engine/Content/EngineMaterials/Substrate/Glints2/dict_0004_0235.uasset" 8836
"../../../Engine/Content/EngineMaterials/Substrate/Glints2/dict_0004_0234.uasset" 8837
"../../../Engine/Content/EngineMaterials/Substrate/Glints2/dict_0004_0245.uasset" 8838
"../../../Engine/Content/EngineMaterials/Substrate/Glints2/dict_0004_0229.uasset" 8839
"/Engine/EngineMaterials/Substrate/Glints2/dict_0004_0226" 8840
"/Engine/EngineMaterials/Substrate/Glints2/dict_0004_0225" 8841
"/Engine/EngineMaterials/Substrate/Glints2/dict_0004_0224" 8842
"/Engine/EngineMaterials/Substrate/Glints2/dict_0004_0223" 8843
"/Engine/EngineMaterials/Substrate/Glints2/dict_0004_0222" 8844
"/Engine/EngineMaterials/Substrate/Glints2/dict_0004_0221" 8845
"/Engine/EngineMaterials/Substrate/Glints2/dict_0004_0220" 8846
"/Engine/EngineMaterials/Substrate/Glints2/dict_0004_0219" 8847
"/Engine/EngineMaterials/Substrate/Glints2/dict_0004_0218" 8848
"/Engine/EngineMaterials/Substrate/Glints2/dict_0004_0217" 8849
"/Engine/EngineMaterials/Substrate/Glints2/dict_0004_0216" 8850
"/Engine/EngineMaterials/Substrate/Glints2/dict_0004_0215" 8851
"/Engine/EngineMaterials/Substrate/Glints2/dict_0004_0214" 8852
"/Engine/EngineMaterials/Substrate/Glints2/dict_0004_0245" 8853
"../../../Engine/Content/EngineMaterials/Substrate/Glints2/dict_0004_0248.uasset" 8854
"../../../Engine/Content/EngineMaterials/Substrate/Glints2/dict_0004_0247.uasset" 8855
"../../../Engine/Content/EngineMaterials/Substrate/Glints2/dict_0004_0246.uasset" 8856
"../../../Engine/Content/EngineMaterials/Substrate/Glints2/dict_0004_0249.uasset" 8857
"../../../Engine/Content/EngineMaterials/Substrate/Glints2/dict_0004_0250.uasset" 8858
"/Engine/EngineMaterials/Substrate/Glints2/dict_0004_0244" 8859
"../../../Engine/Content/EngineMaterials/Substrate/Glints2/dict_0004_0252.uasset" 8860
"../../../Engine/Content/EngineMaterials/Substrate/Glints2/dict_0004_0251.uasset" 8861
"../../../Engine/Content/EngineMaterials/Substrate/Glints2/dict_0005_0001.uasset" 8862
"../../../Engine/Content/EngineMaterials/Substrate/Glints2/dict_0005_0000.uasset" 8863
"../../../Engine/Content/EngineMaterials/Substrate/Glints2/dict_0005_0002.uasset" 8864
"../../../Engine/Content/EngineMaterials/Substrate/Glints2/dict_0005_0003.uasset" 8865
"../../../Engine/Content/EngineMaterials/Substrate/Glints2/dict_0004_0254.uasset" 8866
"../../../Engine/Content/EngineMaterials/Substrate/Glints2/dict_0004_0253.uasset" 8867
"../../../Engine/Content/EngineMaterials/Substrate/Glints2/dict_0005_0004.uasset" 8868
"../../../Engine/Content/EngineMaterials/Substrate/Glints2/dict_0004_0255.uasset" 8869
"/Engine/EngineMaterials/Substrate/Glints2/dict_0004_0243" 8870
"/Engine/EngineMaterials/Substrate/Glints2/dict_0004_0242" 8871
"/Engine/EngineMaterials/Substrate/Glints2/dict_0004_0241" 8872
"/Engine/EngineMaterials/Substrate/Glints2/dict_0004_0240" 8873
"/Engine/EngineMaterials/Substrate/Glints2/dict_0004_0239" 8874
"/Engine/EngineMaterials/Substrate/Glints2/dict_0004_0238" 8875
"/Engine/EngineMaterials/Substrate/Glints2/dict_0004_0237" 8876
"/Engine/EngineMaterials/Substrate/Glints2/dict_0004_0236" 8877
"/Engine/EngineMaterials/Substrate/Glints2/dict_0004_0235" 8878
"/Engine/EngineMaterials/Substrate/Glints2/dict_0004_0234" 8879
"/Engine/EngineMaterials/Substrate/Glints2/dict_0004_0233" 8880
"/Engine/EngineMaterials/Substrate/Glints2/dict_0004_0232" 8881
"/Engine/EngineMaterials/Substrate/Glints2/dict_0004_0231" 8882
"/Engine/EngineMaterials/Substrate/Glints2/dict_0004_0230" 8883
"/Engine/EngineMaterials/Substrate/Glints2/dict_0004_0229" 8884
"/Engine/EngineMaterials/Substrate/Glints2/dict_0005_0004" 8885
"../../../Engine/Content/EngineMaterials/Substrate/Glints2/dict_0005_0005.uasset" 8886
"../../../Engine/Content/EngineMaterials/Substrate/Glints2/dict_0005_0007.uasset" 8887
"../../../Engine/Content/EngineMaterials/Substrate/Glints2/dict_0005_0006.uasset" 8888
"../../../Engine/Content/EngineMaterials/Substrate/Glints2/dict_0005_0008.uasset" 8889
"../../../Engine/Content/EngineMaterials/Substrate/Glints2/dict_0005_0011.uasset" 8890
"../../../Engine/Content/EngineMaterials/Substrate/Glints2/dict_0005_0015.uasset" 8891
"../../../Engine/Content/EngineMaterials/Substrate/Glints2/dict_0005_0010.uasset" 8892
"../../../Engine/Content/EngineMaterials/Substrate/Glints2/dict_0005_0017.uasset" 8893
"../../../Engine/Content/EngineMaterials/Substrate/Glints2/dict_0005_0018.uasset" 8894
"../../../Engine/Content/EngineMaterials/Substrate/Glints2/dict_0005_0019.uasset" 8895
"../../../Engine/Content/EngineMaterials/Substrate/Glints2/dict_0005_0013.uasset" 8896
"../../../Engine/Content/EngineMaterials/Substrate/Glints2/dict_0005_0009.uasset" 8897
"../../../Engine/Content/EngineMaterials/Substrate/Glints2/dict_0005_0016.uasset" 8898
"../../../Engine/Content/EngineMaterials/Substrate/Glints2/dict_0005_0020.uasset" 8899
"../../../Engine/Content/EngineMaterials/Substrate/Glints2/dict_0005_0012.uasset" 8900
"../../../Engine/Content/EngineMaterials/Substrate/Glints2/dict_0005_0021.uasset" 8901
"/Engine/EngineMaterials/Substrate/Glints2/dict_0005_0003" 8902
"../../../Engine/Content/EngineMaterials/Substrate/Glints2/dict_0005_0014.uasset" 8903
"/Engine/EngineMaterials/Substrate/Glints2/dict_0005_0002" 8904
"/Engine/EngineMaterials/Substrate/Glints2/dict_0005_0001" 8905
"/Engine/EngineMaterials/Substrate/Glints2/dict_0005_0000" 8906
"/Engine/EngineMaterials/Substrate/Glints2/dict_0004_0255" 8907
"/Engine/EngineMaterials/Substrate/Glints2/dict_0004_0254" 8908
"/Engine/EngineMaterials/Substrate/Glints2/dict_0004_0253" 8909
"/Engine/EngineMaterials/Substrate/Glints2/dict_0004_0252" 8910
"/Engine/EngineMaterials/Substrate/Glints2/dict_0004_0251" 8911
"/Engine/EngineMaterials/Substrate/Glints2/dict_0004_0250" 8912
"/Engine/EngineMaterials/Substrate/Glints2/dict_0004_0249" 8913
"/Engine/EngineMaterials/Substrate/Glints2/dict_0004_0248" 8914
"/Engine/EngineMaterials/Substrate/Glints2/dict_0004_0247" 8915
"/Engine/EngineMaterials/Substrate/Glints2/dict_0004_0246" 8916
"/Engine/EngineMaterials/Substrate/Glints2/dict_0005_0021" 8917
"../../../Engine/Content/EngineMaterials/Substrate/Glints2/dict_0005_0022.uasset" 8918
"../../../Engine/Content/EngineMaterials/Substrate/Glints2/dict_0005_0024.uasset" 8919
"../../../Engine/Content/EngineMaterials/Substrate/Glints2/dict_0005_0025.uasset" 8920
"../../../Engine/Content/EngineMaterials/Substrate/Glints2/dict_0005_0023.uasset" 8921
"../../../Engine/Content/EngineMaterials/Substrate/Glints2/dict_0005_0026.uasset" 8922
"../../../Engine/Content/EngineMaterials/Substrate/Glints2/dict_0005_0027.uasset" 8923
"../../../Engine/Content/EngineMaterials/Substrate/Glints2/dict_0005_0028.uasset" 8924
"../../../Engine/Content/EngineMaterials/Substrate/Glints2/dict_0005_0030.uasset" 8925
"../../../Engine/Content/EngineMaterials/Substrate/Glints2/dict_0005_0029.uasset" 8926
"../../../Engine/Content/EngineMaterials/Substrate/Glints2/dict_0005_0035.uasset" 8927
"/Engine/EngineMaterials/Substrate/Glints2/dict_0005_0020" 8928
"../../../Engine/Content/EngineMaterials/Substrate/Glints2/dict_0005_0031.uasset" 8929
"../../../Engine/Content/EngineMaterials/Substrate/Glints2/dict_0005_0033.uasset" 8930
"../../../Engine/Content/EngineMaterials/Substrate/Glints2/dict_0005_0034.uasset" 8931
"../../../Engine/Content/EngineMaterials/Substrate/Glints2/dict_0005_0036.uasset" 8932
"../../../Engine/Content/EngineMaterials/Substrate/Glints2/dict_0005_0032.uasset" 8933
"/Engine/EngineMaterials/Substrate/Glints2/dict_0005_0019" 8934
"/Engine/EngineMaterials/Substrate/Glints2/dict_0005_0018" 8935
"/Engine/EngineMaterials/Substrate/Glints2/dict_0005_0017" 8936
"/Engine/EngineMaterials/Substrate/Glints2/dict_0005_0016" 8937
"/Engine/EngineMaterials/Substrate/Glints2/dict_0005_0015" 8938
"/Engine/EngineMaterials/Substrate/Glints2/dict_0005_0014" 8939
"/Engine/EngineMaterials/Substrate/Glints2/dict_0005_0013" 8940
"/Engine/EngineMaterials/Substrate/Glints2/dict_0005_0012" 8941
"/Engine/EngineMaterials/Substrate/Glints2/dict_0005_0011" 8942
"/Engine/EngineMaterials/Substrate/Glints2/dict_0005_0010" 8943
"/Engine/EngineMaterials/Substrate/Glints2/dict_0005_0009" 8944
"/Engine/EngineMaterials/Substrate/Glints2/dict_0005_0008" 8945
"/Engine/EngineMaterials/Substrate/Glints2/dict_0005_0007" 8946
"/Engine/EngineMaterials/Substrate/Glints2/dict_0005_0006" 8947
"/Engine/EngineMaterials/Substrate/Glints2/dict_0005_0005" 8948
"/Engine/EngineMaterials/Substrate/Glints2/dict_0005_0036" 8949
"../../../Engine/Content/EngineMaterials/Substrate/Glints2/dict_0005_0037.uasset" 8950
"../../../Engine/Content/EngineMaterials/Substrate/Glints2/dict_0005_0038.uasset" 8951
"/Engine/EngineMaterials/Substrate/Glints2/dict_0005_0035" 8952
"../../../Engine/Content/EngineMaterials/Substrate/Glints2/dict_0005_0040.uasset" 8953
"../../../Engine/Content/EngineMaterials/Substrate/Glints2/dict_0005_0039.uasset" 8954
"../../../Engine/Content/EngineMaterials/Substrate/Glints2/dict_0005_0041.uasset" 8955
"../../../Engine/Content/EngineMaterials/Substrate/Glints2/dict_0005_0042.uasset" 8956
"../../../Engine/Content/EngineMaterials/Substrate/Glints2/dict_0005_0047.uasset" 8957
"../../../Engine/Content/EngineMaterials/Substrate/Glints2/dict_0005_0045.uasset" 8958
"../../../Engine/Content/EngineMaterials/Substrate/Glints2/dict_0005_0044.uasset" 8959
"../../../Engine/Content/EngineMaterials/Substrate/Glints2/dict_0005_0043.uasset" 8960
"../../../Engine/Content/EngineMaterials/Substrate/Glints2/dict_0005_0052.uasset" 8961
"../../../Engine/Content/EngineMaterials/Substrate/Glints2/dict_0005_0049.uasset" 8962
"../../../Engine/Content/EngineMaterials/Substrate/Glints2/dict_0005_0053.uasset" 8963
"../../../Engine/Content/EngineMaterials/Substrate/Glints2/dict_0005_0050.uasset" 8964
"../../../Engine/Content/EngineMaterials/Substrate/Glints2/dict_0005_0048.uasset" 8965
"../../../Engine/Content/EngineMaterials/Substrate/Glints2/dict_0005_0046.uasset" 8966
"../../../Engine/Content/EngineMaterials/Substrate/Glints2/dict_0005_0051.uasset" 8967
"/Engine/EngineMaterials/Substrate/Glints2/dict_0005_0034" 8968
"/Engine/EngineMaterials/Substrate/Glints2/dict_0005_0033" 8969
"/Engine/EngineMaterials/Substrate/Glints2/dict_0005_0032" 8970
"/Engine/EngineMaterials/Substrate/Glints2/dict_0005_0031" 8971
"/Engine/EngineMaterials/Substrate/Glints2/dict_0005_0030" 8972
"/Engine/EngineMaterials/Substrate/Glints2/dict_0005_0029" 8973
"/Engine/EngineMaterials/Substrate/Glints2/dict_0005_0028" 8974
"/Engine/EngineMaterials/Substrate/Glints2/dict_0005_0027" 8975
"/Engine/EngineMaterials/Substrate/Glints2/dict_0005_0026" 8976
"/Engine/EngineMaterials/Substrate/Glints2/dict_0005_0025" 8977
"/Engine/EngineMaterials/Substrate/Glints2/dict_0005_0024" 8978
"/Engine/EngineMaterials/Substrate/Glints2/dict_0005_0023" 8979
"/Engine/EngineMaterials/Substrate/Glints2/dict_0005_0022" 8980
"/Engine/EngineMaterials/Substrate/Glints2/dict_0005_0053" 8981
"../../../Engine/Content/EngineMaterials/Substrate/Glints2/dict_0005_0054.uasset" 8982
"../../../Engine/Content/EngineMaterials/Substrate/Glints2/dict_0005_0055.uasset" 8983
"../../../Engine/Content/EngineMaterials/Substrate/Glints2/dict_0005_0056.uasset" 8984
"../../../Engine/Content/EngineMaterials/Substrate/Glints2/dict_0005_0057.uasset" 8985
"../../../Engine/Content/EngineMaterials/Substrate/Glints2/dict_0005_0065.uasset" 8986
"../../../Engine/Content/EngineMaterials/Substrate/Glints2/dict_0005_0058.uasset" 8987
"../../../Engine/Content/EngineMaterials/Substrate/Glints2/dict_0005_0061.uasset" 8988
"../../../Engine/Content/EngineMaterials/Substrate/Glints2/dict_0005_0067.uasset" 8989
"/Engine/EngineMaterials/Substrate/Glints2/dict_0005_0052" 8990
"../../../Engine/Content/EngineMaterials/Substrate/Glints2/dict_0005_0062.uasset" 8991
"../../../Engine/Content/EngineMaterials/Substrate/Glints2/dict_0005_0068.uasset" 8992
"../../../Engine/Content/EngineMaterials/Substrate/Glints2/dict_0005_0064.uasset" 8993
"../../../Engine/Content/EngineMaterials/Substrate/Glints2/dict_0005_0060.uasset" 8994
"../../../Engine/Content/EngineMaterials/Substrate/Glints2/dict_0005_0063.uasset" 8995
"../../../Engine/Content/EngineMaterials/Substrate/Glints2/dict_0005_0066.uasset" 8996
"../../../Engine/Content/EngineMaterials/Substrate/Glints2/dict_0005_0059.uasset" 8997
"/Engine/EngineMaterials/Substrate/Glints2/dict_0005_0051" 8998
"/Engine/EngineMaterials/Substrate/Glints2/dict_0005_0050" 8999
"/Engine/EngineMaterials/Substrate/Glints2/dict_0005_0049" 9000
"/Engine/EngineMaterials/Substrate/Glints2/dict_0005_0048" 9001
"/Engine/EngineMaterials/Substrate/Glints2/dict_0005_0047" 9002
"/Engine/EngineMaterials/Substrate/Glints2/dict_0005_0046" 9003
"/Engine/EngineMaterials/Substrate/Glints2/dict_0005_0045" 9004
"/Engine/EngineMaterials/Substrate/Glints2/dict_0005_0044" 9005
"/Engine/EngineMaterials/Substrate/Glints2/dict_0005_0043" 9006
"/Engine/EngineMaterials/Substrate/Glints2/dict_0005_0042" 9007
"/Engine/EngineMaterials/Substrate/Glints2/dict_0005_0041" 9008
"/Engine/EngineMaterials/Substrate/Glints2/dict_0005_0040" 9009
"/Engine/EngineMaterials/Substrate/Glints2/dict_0005_0039" 9010
"/Engine/EngineMaterials/Substrate/Glints2/dict_0005_0038" 9011
"/Engine/EngineMaterials/Substrate/Glints2/dict_0005_0037" 9012
"/Engine/EngineMaterials/Substrate/Glints2/dict_0005_0068" 9013
"../../../Engine/Content/EngineMaterials/Substrate/Glints2/dict_0005_0071.uasset" 9014
"../../../Engine/Content/EngineMaterials/Substrate/Glints2/dict_0005_0070.uasset" 9015
"../../../Engine/Content/EngineMaterials/Substrate/Glints2/dict_0005_0069.uasset" 9016
"../../../Engine/Content/EngineMaterials/Substrate/Glints2/dict_0005_0072.uasset" 9017
"../../../Engine/Content/EngineMaterials/Substrate/Glints2/dict_0005_0076.uasset" 9018
"../../../Engine/Content/EngineMaterials/Substrate/Glints2/dict_0005_0080.uasset" 9019
"../../../Engine/Content/EngineMaterials/Substrate/Glints2/dict_0005_0079.uasset" 9020
"../../../Engine/Content/EngineMaterials/Substrate/Glints2/dict_0005_0081.uasset" 9021
"/Engine/EngineMaterials/Substrate/Glints2/dict_0005_0067" 9022
"../../../Engine/Content/EngineMaterials/Substrate/Glints2/dict_0005_0077.uasset" 9023
"../../../Engine/Content/EngineMaterials/Substrate/Glints2/dict_0005_0082.uasset" 9024
"../../../Engine/Content/EngineMaterials/Substrate/Glints2/dict_0005_0073.uasset" 9025
"../../../Engine/Content/EngineMaterials/Substrate/Glints2/dict_0005_0078.uasset" 9026
"../../../Engine/Content/EngineMaterials/Substrate/Glints2/dict_0005_0075.uasset" 9027
"../../../Engine/Content/EngineMaterials/Substrate/Glints2/dict_0005_0074.uasset" 9028
"../../../Engine/Content/EngineMaterials/Substrate/Glints2/dict_0005_0083.uasset" 9029
"../../../Engine/Content/EngineMaterials/Substrate/Glints2/dict_0005_0084.uasset" 9030
"../../../Engine/Content/EngineMaterials/Substrate/Glints2/dict_0005_0085.uasset" 9031
"/Engine/EngineMaterials/Substrate/Glints2/dict_0005_0066" 9032
"/Engine/EngineMaterials/Substrate/Glints2/dict_0005_0065" 9033
"/Engine/EngineMaterials/Substrate/Glints2/dict_0005_0064" 9034
"/Engine/EngineMaterials/Substrate/Glints2/dict_0005_0063" 9035
"/Engine/EngineMaterials/Substrate/Glints2/dict_0005_0062" 9036
"/Engine/EngineMaterials/Substrate/Glints2/dict_0005_0061" 9037
"/Engine/EngineMaterials/Substrate/Glints2/dict_0005_0060" 9038
"/Engine/EngineMaterials/Substrate/Glints2/dict_0005_0059" 9039
"/Engine/EngineMaterials/Substrate/Glints2/dict_0005_0058" 9040
"/Engine/EngineMaterials/Substrate/Glints2/dict_0005_0057" 9041
"/Engine/EngineMaterials/Substrate/Glints2/dict_0005_0056" 9042
"/Engine/EngineMaterials/Substrate/Glints2/dict_0005_0055" 9043
"/Engine/EngineMaterials/Substrate/Glints2/dict_0005_0054" 9044
"/Engine/EngineMaterials/Substrate/Glints2/dict_0005_0085" 9045
"../../../Engine/Content/EngineMaterials/Substrate/Glints2/dict_0005_0087.uasset" 9046
"../../../Engine/Content/EngineMaterials/Substrate/Glints2/dict_0005_0088.uasset" 9047
"../../../Engine/Content/EngineMaterials/Substrate/Glints2/dict_0005_0086.uasset" 9048
"../../../Engine/Content/EngineMaterials/Substrate/Glints2/dict_0005_0091.uasset" 9049
"/Engine/EngineMaterials/Substrate/Glints2/dict_0005_0084" 9050
"../../../Engine/Content/EngineMaterials/Substrate/Glints2/dict_0005_0089.uasset" 9051
"../../../Engine/Content/EngineMaterials/Substrate/Glints2/dict_0005_0090.uasset" 9052
"../../../Engine/Content/EngineMaterials/Substrate/Glints2/dict_0005_0092.uasset" 9053
"/Engine/EngineMaterials/Substrate/Glints2/dict_0005_0083" 9054
"../../../Engine/Content/EngineMaterials/Substrate/Glints2/dict_0005_0097.uasset" 9055
"../../../Engine/Content/EngineMaterials/Substrate/Glints2/dict_0005_0093.uasset" 9056
"../../../Engine/Content/EngineMaterials/Substrate/Glints2/dict_0005_0099.uasset" 9057
"../../../Engine/Content/EngineMaterials/Substrate/Glints2/dict_0005_0100.uasset" 9058
"../../../Engine/Content/EngineMaterials/Substrate/Glints2/dict_0005_0094.uasset" 9059
"../../../Engine/Content/EngineMaterials/Substrate/Glints2/dict_0005_0095.uasset" 9060
"../../../Engine/Content/EngineMaterials/Substrate/Glints2/dict_0005_0098.uasset" 9061
"../../../Engine/Content/EngineMaterials/Substrate/Glints2/dict_0005_0096.uasset" 9062
"/Engine/EngineMaterials/Substrate/Glints2/dict_0005_0082" 9063
"/Engine/EngineMaterials/Substrate/Glints2/dict_0005_0081" 9064
"/Engine/EngineMaterials/Substrate/Glints2/dict_0005_0080" 9065
"/Engine/EngineMaterials/Substrate/Glints2/dict_0005_0079" 9066
"/Engine/EngineMaterials/Substrate/Glints2/dict_0005_0078" 9067
"/Engine/EngineMaterials/Substrate/Glints2/dict_0005_0077" 9068
"/Engine/EngineMaterials/Substrate/Glints2/dict_0005_0076" 9069
"/Engine/EngineMaterials/Substrate/Glints2/dict_0005_0075" 9070
"/Engine/EngineMaterials/Substrate/Glints2/dict_0005_0074" 9071
"/Engine/EngineMaterials/Substrate/Glints2/dict_0005_0073" 9072
"/Engine/EngineMaterials/Substrate/Glints2/dict_0005_0072" 9073
"/Engine/EngineMaterials/Substrate/Glints2/dict_0005_0071" 9074
"/Engine/EngineMaterials/Substrate/Glints2/dict_0005_0070" 9075
"/Engine/EngineMaterials/Substrate/Glints2/dict_0005_0069" 9076
"/Engine/EngineMaterials/Substrate/Glints2/dict_0005_0100" 9077
"../../../Engine/Content/EngineMaterials/Substrate/Glints2/dict_0005_0103.uasset" 9078
"../../../Engine/Content/EngineMaterials/Substrate/Glints2/dict_0005_0104.uasset" 9079
"../../../Engine/Content/EngineMaterials/Substrate/Glints2/dict_0005_0106.uasset" 9080
"../../../Engine/Content/EngineMaterials/Substrate/Glints2/dict_0005_0102.uasset" 9081
"/Engine/EngineMaterials/Substrate/Glints2/dict_0005_0099" 9082
"../../../Engine/Content/EngineMaterials/Substrate/Glints2/dict_0005_0107.uasset" 9083
"../../../Engine/Content/EngineMaterials/Substrate/Glints2/dict_0005_0101.uasset" 9084
"../../../Engine/Content/EngineMaterials/Substrate/Glints2/dict_0005_0112.uasset" 9085
"../../../Engine/Content/EngineMaterials/Substrate/Glints2/dict_0005_0109.uasset" 9086
"../../../Engine/Content/EngineMaterials/Substrate/Glints2/dict_0005_0105.uasset" 9087
"../../../Engine/Content/EngineMaterials/Substrate/Glints2/dict_0005_0114.uasset" 9088
"../../../Engine/Content/EngineMaterials/Substrate/Glints2/dict_0005_0111.uasset" 9089
"../../../Engine/Content/EngineMaterials/Substrate/Glints2/dict_0005_0108.uasset" 9090
"../../../Engine/Content/EngineMaterials/Substrate/Glints2/dict_0005_0116.uasset" 9091
"../../../Engine/Content/EngineMaterials/Substrate/Glints2/dict_0005_0117.uasset" 9092
"../../../Engine/Content/EngineMaterials/Substrate/Glints2/dict_0005_0113.uasset" 9093
"../../../Engine/Content/EngineMaterials/Substrate/Glints2/dict_0005_0115.uasset" 9094
"../../../Engine/Content/EngineMaterials/Substrate/Glints2/dict_0005_0110.uasset" 9095
"/Engine/EngineMaterials/Substrate/Glints2/dict_0005_0098" 9096
"/Engine/EngineMaterials/Substrate/Glints2/dict_0005_0097" 9097
"/Engine/EngineMaterials/Substrate/Glints2/dict_0005_0096" 9098
"/Engine/EngineMaterials/Substrate/Glints2/dict_0005_0095" 9099
"/Engine/EngineMaterials/Substrate/Glints2/dict_0005_0094" 9100
"/Engine/EngineMaterials/Substrate/Glints2/dict_0005_0093" 9101
"/Engine/EngineMaterials/Substrate/Glints2/dict_0005_0092" 9102
"/Engine/EngineMaterials/Substrate/Glints2/dict_0005_0091" 9103
"/Engine/EngineMaterials/Substrate/Glints2/dict_0005_0090" 9104
"/Engine/EngineMaterials/Substrate/Glints2/dict_0005_0089" 9105
"/Engine/EngineMaterials/Substrate/Glints2/dict_0005_0088" 9106
"/Engine/EngineMaterials/Substrate/Glints2/dict_0005_0087" 9107
"/Engine/EngineMaterials/Substrate/Glints2/dict_0005_0086" 9108
"/Engine/EngineMaterials/Substrate/Glints2/dict_0005_0117" 9109
"../../../Engine/Content/EngineMaterials/Substrate/Glints2/dict_0005_0120.uasset" 9110
"../../../Engine/Content/EngineMaterials/Substrate/Glints2/dict_0005_0119.uasset" 9111
"../../../Engine/Content/EngineMaterials/Substrate/Glints2/dict_0005_0126.uasset" 9112
"../../../Engine/Content/EngineMaterials/Substrate/Glints2/dict_0005_0124.uasset" 9113
"../../../Engine/Content/EngineMaterials/Substrate/Glints2/dict_0005_0127.uasset" 9114
"../../../Engine/Content/EngineMaterials/Substrate/Glints2/dict_0005_0118.uasset" 9115
"../../../Engine/Content/EngineMaterials/Substrate/Glints2/dict_0005_0125.uasset" 9116
"../../../Engine/Content/EngineMaterials/Substrate/Glints2/dict_0005_0122.uasset" 9117
"/Engine/EngineMaterials/Substrate/Glints2/dict_0005_0116" 9118
"../../../Engine/Content/EngineMaterials/Substrate/Glints2/dict_0005_0121.uasset" 9119
"../../../Engine/Content/EngineMaterials/Substrate/Glints2/dict_0005_0123.uasset" 9120
"../../../Engine/Content/EngineMaterials/Substrate/Glints2/dict_0005_0130.uasset" 9121
"../../../Engine/Content/EngineMaterials/Substrate/Glints2/dict_0005_0129.uasset" 9122
"../../../Engine/Content/EngineMaterials/Substrate/Glints2/dict_0005_0132.uasset" 9123
"../../../Engine/Content/EngineMaterials/Substrate/Glints2/dict_0005_0131.uasset" 9124
"../../../Engine/Content/EngineMaterials/Substrate/Glints2/dict_0005_0128.uasset" 9125
"/Engine/EngineMaterials/Substrate/Glints2/dict_0005_0115" 9126
"/Engine/EngineMaterials/Substrate/Glints2/dict_0005_0114" 9127
"/Engine/EngineMaterials/Substrate/Glints2/dict_0005_0113" 9128
"/Engine/EngineMaterials/Substrate/Glints2/dict_0005_0112" 9129
"/Engine/EngineMaterials/Substrate/Glints2/dict_0005_0111" 9130
"/Engine/EngineMaterials/Substrate/Glints2/dict_0005_0110" 9131
"/Engine/EngineMaterials/Substrate/Glints2/dict_0005_0109" 9132
"/Engine/EngineMaterials/Substrate/Glints2/dict_0005_0108" 9133
"/Engine/EngineMaterials/Substrate/Glints2/dict_0005_0107" 9134
"/Engine/EngineMaterials/Substrate/Glints2/dict_0005_0106" 9135
"/Engine/EngineMaterials/Substrate/Glints2/dict_0005_0105" 9136
"/Engine/EngineMaterials/Substrate/Glints2/dict_0005_0104" 9137
"/Engine/EngineMaterials/Substrate/Glints2/dict_0005_0103" 9138
"/Engine/EngineMaterials/Substrate/Glints2/dict_0005_0102" 9139
"/Engine/EngineMaterials/Substrate/Glints2/dict_0005_0101" 9140
"/Engine/EngineMaterials/Substrate/Glints2/dict_0005_0132" 9141
"../../../Engine/Content/EngineMaterials/Substrate/Glints2/dict_0005_0133.uasset" 9142
"../../../Engine/Content/EngineMaterials/Substrate/Glints2/dict_0005_0135.uasset" 9143
"../../../Engine/Content/EngineMaterials/Substrate/Glints2/dict_0005_0146.uasset" 9144
"../../../Engine/Content/EngineMaterials/Substrate/Glints2/dict_0005_0142.uasset" 9145
"../../../Engine/Content/EngineMaterials/Substrate/Glints2/dict_0005_0137.uasset" 9146
"../../../Engine/Content/EngineMaterials/Substrate/Glints2/dict_0005_0141.uasset" 9147
"../../../Engine/Content/EngineMaterials/Substrate/Glints2/dict_0005_0140.uasset" 9148
"../../../Engine/Content/EngineMaterials/Substrate/Glints2/dict_0005_0136.uasset" 9149
"../../../Engine/Content/EngineMaterials/Substrate/Glints2/dict_0005_0147.uasset" 9150
"../../../Engine/Content/EngineMaterials/Substrate/Glints2/dict_0005_0145.uasset" 9151
"../../../Engine/Content/EngineMaterials/Substrate/Glints2/dict_0005_0138.uasset" 9152
"../../../Engine/Content/EngineMaterials/Substrate/Glints2/dict_0005_0144.uasset" 9153
"../../../Engine/Content/EngineMaterials/Substrate/Glints2/dict_0005_0139.uasset" 9154
"../../../Engine/Content/EngineMaterials/Substrate/Glints2/dict_0005_0148.uasset" 9155
"../../../Engine/Content/EngineMaterials/Substrate/Glints2/dict_0005_0143.uasset" 9156
"/Engine/EngineMaterials/Substrate/Glints2/dict_0005_0131" 9157
"../../../Engine/Content/EngineMaterials/Substrate/Glints2/dict_0005_0149.uasset" 9158
"../../../Engine/Content/EngineMaterials/Substrate/Glints2/dict_0005_0134.uasset" 9159
"/Engine/EngineMaterials/Substrate/Glints2/dict_0005_0130" 9160
"/Engine/EngineMaterials/Substrate/Glints2/dict_0005_0129" 9161
"/Engine/EngineMaterials/Substrate/Glints2/dict_0005_0128" 9162
"/Engine/EngineMaterials/Substrate/Glints2/dict_0005_0127" 9163
"/Engine/EngineMaterials/Substrate/Glints2/dict_0005_0126" 9164
"/Engine/EngineMaterials/Substrate/Glints2/dict_0005_0125" 9165
"/Engine/EngineMaterials/Substrate/Glints2/dict_0005_0124" 9166
"/Engine/EngineMaterials/Substrate/Glints2/dict_0005_0123" 9167
"/Engine/EngineMaterials/Substrate/Glints2/dict_0005_0122" 9168
"/Engine/EngineMaterials/Substrate/Glints2/dict_0005_0121" 9169
"/Engine/EngineMaterials/Substrate/Glints2/dict_0005_0120" 9170
"/Engine/EngineMaterials/Substrate/Glints2/dict_0005_0119" 9171
"/Engine/EngineMaterials/Substrate/Glints2/dict_0005_0118" 9172
"/Engine/EngineMaterials/Substrate/Glints2/dict_0005_0149" 9173
"../../../Engine/Content/EngineMaterials/Substrate/Glints2/dict_0005_0150.uasset" 9174
"../../../Engine/Content/EngineMaterials/Substrate/Glints2/dict_0005_0151.uasset" 9175
"../../../Engine/Content/EngineMaterials/Substrate/Glints2/dict_0005_0153.uasset" 9176
"../../../Engine/Content/EngineMaterials/Substrate/Glints2/dict_0005_0154.uasset" 9177
"../../../Engine/Content/EngineMaterials/Substrate/Glints2/dict_0005_0155.uasset" 9178
"../../../Engine/Content/EngineMaterials/Substrate/Glints2/dict_0005_0157.uasset" 9179
"../../../Engine/Content/EngineMaterials/Substrate/Glints2/dict_0005_0152.uasset" 9180
"/Engine/EngineMaterials/Substrate/Glints2/dict_0005_0148" 9181
"../../../Engine/Content/EngineMaterials/Substrate/Glints2/dict_0005_0156.uasset" 9182
"../../../Engine/Content/EngineMaterials/Substrate/Glints2/dict_0005_0158.uasset" 9183
"../../../Engine/Content/EngineMaterials/Substrate/Glints2/dict_0005_0162.uasset" 9184
"../../../Engine/Content/EngineMaterials/Substrate/Glints2/dict_0005_0161.uasset" 9185
"../../../Engine/Content/EngineMaterials/Substrate/Glints2/dict_0005_0159.uasset" 9186
"../../../Engine/Content/EngineMaterials/Substrate/Glints2/dict_0005_0160.uasset" 9187
"../../../Engine/Content/EngineMaterials/Substrate/Glints2/dict_0005_0163.uasset" 9188
"../../../Engine/Content/EngineMaterials/Substrate/Glints2/dict_0005_0164.uasset" 9189
"/Engine/EngineMaterials/Substrate/Glints2/dict_0005_0147" 9190
"/Engine/EngineMaterials/Substrate/Glints2/dict_0005_0146" 9191
"/Engine/EngineMaterials/Substrate/Glints2/dict_0005_0145" 9192
"/Engine/EngineMaterials/Substrate/Glints2/dict_0005_0144" 9193
"/Engine/EngineMaterials/Substrate/Glints2/dict_0005_0143" 9194
"/Engine/EngineMaterials/Substrate/Glints2/dict_0005_0142" 9195
"/Engine/EngineMaterials/Substrate/Glints2/dict_0005_0141" 9196
"/Engine/EngineMaterials/Substrate/Glints2/dict_0005_0140" 9197
"/Engine/EngineMaterials/Substrate/Glints2/dict_0005_0139" 9198
"/Engine/EngineMaterials/Substrate/Glints2/dict_0005_0138" 9199
"/Engine/EngineMaterials/Substrate/Glints2/dict_0005_0137" 9200
"/Engine/EngineMaterials/Substrate/Glints2/dict_0005_0136" 9201
"/Engine/EngineMaterials/Substrate/Glints2/dict_0005_0135" 9202
"/Engine/EngineMaterials/Substrate/Glints2/dict_0005_0134" 9203
"/Engine/EngineMaterials/Substrate/Glints2/dict_0005_0133" 9204
"/Engine/EngineMaterials/Substrate/Glints2/dict_0005_0164" 9205
"../../../Engine/Content/EngineMaterials/Substrate/Glints2/dict_0005_0166.uasset" 9206
"../../../Engine/Content/EngineMaterials/Substrate/Glints2/dict_0005_0165.uasset" 9207
"../../../Engine/Content/EngineMaterials/Substrate/Glints2/dict_0005_0167.uasset" 9208
"../../../Engine/Content/EngineMaterials/Substrate/Glints2/dict_0005_0168.uasset" 9209
"../../../Engine/Content/EngineMaterials/Substrate/Glints2/dict_0005_0169.uasset" 9210
"../../../Engine/Content/EngineMaterials/Substrate/Glints2/dict_0005_0174.uasset" 9211
"../../../Engine/Content/EngineMaterials/Substrate/Glints2/dict_0005_0175.uasset" 9212
"../../../Engine/Content/EngineMaterials/Substrate/Glints2/dict_0005_0177.uasset" 9213
"../../../Engine/Content/EngineMaterials/Substrate/Glints2/dict_0005_0178.uasset" 9214
"../../../Engine/Content/EngineMaterials/Substrate/Glints2/dict_0005_0170.uasset" 9215
"../../../Engine/Content/EngineMaterials/Substrate/Glints2/dict_0005_0171.uasset" 9216
"../../../Engine/Content/EngineMaterials/Substrate/Glints2/dict_0005_0172.uasset" 9217
"../../../Engine/Content/EngineMaterials/Substrate/Glints2/dict_0005_0176.uasset" 9218
"../../../Engine/Content/EngineMaterials/Substrate/Glints2/dict_0005_0179.uasset" 9219
"../../../Engine/Content/EngineMaterials/Substrate/Glints2/dict_0005_0173.uasset" 9220
"/Engine/EngineMaterials/Substrate/Glints2/dict_0005_0163" 9221
"../../../Engine/Content/EngineMaterials/Substrate/Glints2/dict_0005_0180.uasset" 9222
"../../../Engine/Content/EngineMaterials/Substrate/Glints2/dict_0005_0181.uasset" 9223
"/Engine/EngineMaterials/Substrate/Glints2/dict_0005_0162" 9224
"/Engine/EngineMaterials/Substrate/Glints2/dict_0005_0161" 9225
"/Engine/EngineMaterials/Substrate/Glints2/dict_0005_0160" 9226
"/Engine/EngineMaterials/Substrate/Glints2/dict_0005_0159" 9227
"/Engine/EngineMaterials/Substrate/Glints2/dict_0005_0158" 9228
"/Engine/EngineMaterials/Substrate/Glints2/dict_0005_0157" 9229
"/Engine/EngineMaterials/Substrate/Glints2/dict_0005_0156" 9230
"/Engine/EngineMaterials/Substrate/Glints2/dict_0005_0155" 9231
"/Engine/EngineMaterials/Substrate/Glints2/dict_0005_0154" 9232
"/Engine/EngineMaterials/Substrate/Glints2/dict_0005_0153" 9233
"/Engine/EngineMaterials/Substrate/Glints2/dict_0005_0152" 9234
"/Engine/EngineMaterials/Substrate/Glints2/dict_0005_0151" 9235
"/Engine/EngineMaterials/Substrate/Glints2/dict_0005_0150" 9236
"/Engine/EngineMaterials/Substrate/Glints2/dict_0005_0181" 9237
"../../../Engine/Content/EngineMaterials/Substrate/Glints2/dict_0005_0183.uasset" 9238
"../../../Engine/Content/EngineMaterials/Substrate/Glints2/dict_0005_0185.uasset" 9239
"../../../Engine/Content/EngineMaterials/Substrate/Glints2/dict_0005_0182.uasset" 9240
"../../../Engine/Content/EngineMaterials/Substrate/Glints2/dict_0005_0184.uasset" 9241
"../../../Engine/Content/EngineMaterials/Substrate/Glints2/dict_0005_0187.uasset" 9242
"../../../Engine/Content/EngineMaterials/Substrate/Glints2/dict_0005_0186.uasset" 9243
"../../../Engine/Content/EngineMaterials/Substrate/Glints2/dict_0005_0190.uasset" 9244
"../../../Engine/Content/EngineMaterials/Substrate/Glints2/dict_0005_0189.uasset" 9245
"../../../Engine/Content/EngineMaterials/Substrate/Glints2/dict_0005_0192.uasset" 9246
"/Engine/EngineMaterials/Substrate/Glints2/dict_0005_0180" 9247
"../../../Engine/Content/EngineMaterials/Substrate/Glints2/dict_0005_0195.uasset" 9248
"../../../Engine/Content/EngineMaterials/Substrate/Glints2/dict_0005_0193.uasset" 9249
"../../../Engine/Content/EngineMaterials/Substrate/Glints2/dict_0005_0194.uasset" 9250
"../../../Engine/Content/EngineMaterials/Substrate/Glints2/dict_0005_0188.uasset" 9251
"../../../Engine/Content/EngineMaterials/Substrate/Glints2/dict_0005_0191.uasset" 9252
"../../../Engine/Content/EngineMaterials/Substrate/Glints2/dict_0005_0196.uasset" 9253
"/Engine/EngineMaterials/Substrate/Glints2/dict_0005_0179" 9254
"/Engine/EngineMaterials/Substrate/Glints2/dict_0005_0178" 9255
"/Engine/EngineMaterials/Substrate/Glints2/dict_0005_0177" 9256
"/Engine/EngineMaterials/Substrate/Glints2/dict_0005_0176" 9257
"/Engine/EngineMaterials/Substrate/Glints2/dict_0005_0175" 9258
"/Engine/EngineMaterials/Substrate/Glints2/dict_0005_0174" 9259
"/Engine/EngineMaterials/Substrate/Glints2/dict_0005_0173" 9260
"/Engine/EngineMaterials/Substrate/Glints2/dict_0005_0172" 9261
"/Engine/EngineMaterials/Substrate/Glints2/dict_0005_0171" 9262
"/Engine/EngineMaterials/Substrate/Glints2/dict_0005_0170" 9263
"/Engine/EngineMaterials/Substrate/Glints2/dict_0005_0169" 9264
"/Engine/EngineMaterials/Substrate/Glints2/dict_0005_0168" 9265
"/Engine/EngineMaterials/Substrate/Glints2/dict_0005_0167" 9266
"/Engine/EngineMaterials/Substrate/Glints2/dict_0005_0166" 9267
"/Engine/EngineMaterials/Substrate/Glints2/dict_0005_0165" 9268
"/Engine/EngineMaterials/Substrate/Glints2/dict_0005_0196" 9269
"../../../Engine/Content/EngineMaterials/Substrate/Glints2/dict_0005_0198.uasset" 9270
"../../../Engine/Content/EngineMaterials/Substrate/Glints2/dict_0005_0197.uasset" 9271
"../../../Engine/Content/EngineMaterials/Substrate/Glints2/dict_0005_0202.uasset" 9272
"../../../Engine/Content/EngineMaterials/Substrate/Glints2/dict_0005_0200.uasset" 9273
"/Engine/EngineMaterials/Substrate/Glints2/dict_0005_0195" 9274
"../../../Engine/Content/EngineMaterials/Substrate/Glints2/dict_0005_0204.uasset" 9275
"../../../Engine/Content/EngineMaterials/Substrate/Glints2/dict_0005_0203.uasset" 9276
"../../../Engine/Content/EngineMaterials/Substrate/Glints2/dict_0005_0208.uasset" 9277
"../../../Engine/Content/EngineMaterials/Substrate/Glints2/dict_0005_0207.uasset" 9278
"../../../Engine/Content/EngineMaterials/Substrate/Glints2/dict_0005_0206.uasset" 9279
"../../../Engine/Content/EngineMaterials/Substrate/Glints2/dict_0005_0199.uasset" 9280
"../../../Engine/Content/EngineMaterials/Substrate/Glints2/dict_0005_0210.uasset" 9281
"../../../Engine/Content/EngineMaterials/Substrate/Glints2/dict_0005_0209.uasset" 9282
"../../../Engine/Content/EngineMaterials/Substrate/Glints2/dict_0005_0205.uasset" 9283
"../../../Engine/Content/EngineMaterials/Substrate/Glints2/dict_0005_0201.uasset" 9284
"../../../Engine/Content/EngineMaterials/Substrate/Glints2/dict_0005_0211.uasset" 9285
"../../../Engine/Content/EngineMaterials/Substrate/Glints2/dict_0005_0213.uasset" 9286
"../../../Engine/Content/EngineMaterials/Substrate/Glints2/dict_0005_0212.uasset" 9287
"/Engine/EngineMaterials/Substrate/Glints2/dict_0005_0194" 9288
"/Engine/EngineMaterials/Substrate/Glints2/dict_0005_0193" 9289
"/Engine/EngineMaterials/Substrate/Glints2/dict_0005_0192" 9290
"/Engine/EngineMaterials/Substrate/Glints2/dict_0005_0191" 9291
"/Engine/EngineMaterials/Substrate/Glints2/dict_0005_0190" 9292
"/Engine/EngineMaterials/Substrate/Glints2/dict_0005_0189" 9293
"/Engine/EngineMaterials/Substrate/Glints2/dict_0005_0188" 9294
"/Engine/EngineMaterials/Substrate/Glints2/dict_0005_0187" 9295
"/Engine/EngineMaterials/Substrate/Glints2/dict_0005_0186" 9296
"/Engine/EngineMaterials/Substrate/Glints2/dict_0005_0185" 9297
"/Engine/EngineMaterials/Substrate/Glints2/dict_0005_0184" 9298
"/Engine/EngineMaterials/Substrate/Glints2/dict_0005_0183" 9299
"/Engine/EngineMaterials/Substrate/Glints2/dict_0005_0182" 9300
"/Engine/EngineMaterials/Substrate/Glints2/dict_0005_0213" 9301
"../../../Engine/Content/EngineMaterials/Substrate/Glints2/dict_0005_0215.uasset" 9302
"../../../Engine/Content/EngineMaterials/Substrate/Glints2/dict_0005_0214.uasset" 9303
"../../../Engine/Content/EngineMaterials/Substrate/Glints2/dict_0005_0216.uasset" 9304
"../../../Engine/Content/EngineMaterials/Substrate/Glints2/dict_0005_0217.uasset" 9305
"../../../Engine/Content/EngineMaterials/Substrate/Glints2/dict_0005_0218.uasset" 9306
"../../../Engine/Content/EngineMaterials/Substrate/Glints2/dict_0005_0219.uasset" 9307
"../../../Engine/Content/EngineMaterials/Substrate/Glints2/dict_0005_0220.uasset" 9308
"../../../Engine/Content/EngineMaterials/Substrate/Glints2/dict_0005_0221.uasset" 9309
"/Engine/EngineMaterials/Substrate/Glints2/dict_0005_0212" 9310
"../../../Engine/Content/EngineMaterials/Substrate/Glints2/dict_0005_0225.uasset" 9311
"../../../Engine/Content/EngineMaterials/Substrate/Glints2/dict_0005_0226.uasset" 9312
"../../../Engine/Content/EngineMaterials/Substrate/Glints2/dict_0005_0223.uasset" 9313
"../../../Engine/Content/EngineMaterials/Substrate/Glints2/dict_0005_0224.uasset" 9314
"../../../Engine/Content/EngineMaterials/Substrate/Glints2/dict_0005_0227.uasset" 9315
"../../../Engine/Content/EngineMaterials/Substrate/Glints2/dict_0005_0222.uasset" 9316
"../../../Engine/Content/EngineMaterials/Substrate/Glints2/dict_0005_0228.uasset" 9317
"/Engine/EngineMaterials/Substrate/Glints2/dict_0005_0211" 9318
"/Engine/EngineMaterials/Substrate/Glints2/dict_0005_0210" 9319
"/Engine/EngineMaterials/Substrate/Glints2/dict_0005_0209" 9320
"/Engine/EngineMaterials/Substrate/Glints2/dict_0005_0208" 9321
"/Engine/EngineMaterials/Substrate/Glints2/dict_0005_0207" 9322
"/Engine/EngineMaterials/Substrate/Glints2/dict_0005_0206" 9323
"/Engine/EngineMaterials/Substrate/Glints2/dict_0005_0205" 9324
"/Engine/EngineMaterials/Substrate/Glints2/dict_0005_0204" 9325
"/Engine/EngineMaterials/Substrate/Glints2/dict_0005_0203" 9326
"/Engine/EngineMaterials/Substrate/Glints2/dict_0005_0202" 9327
"/Engine/EngineMaterials/Substrate/Glints2/dict_0005_0201" 9328
"/Engine/EngineMaterials/Substrate/Glints2/dict_0005_0200" 9329
"/Engine/EngineMaterials/Substrate/Glints2/dict_0005_0199" 9330
"/Engine/EngineMaterials/Substrate/Glints2/dict_0005_0198" 9331
"/Engine/EngineMaterials/Substrate/Glints2/dict_0005_0197" 9332
"/Engine/EngineMaterials/Substrate/Glints2/dict_0005_0228" 9333
"../../../Engine/Content/EngineMaterials/Substrate/Glints2/dict_0005_0231.uasset" 9334
"../../../Engine/Content/EngineMaterials/Substrate/Glints2/dict_0005_0230.uasset" 9335
"../../../Engine/Content/EngineMaterials/Substrate/Glints2/dict_0005_0233.uasset" 9336
"../../../Engine/Content/EngineMaterials/Substrate/Glints2/dict_0005_0232.uasset" 9337
"../../../Engine/Content/EngineMaterials/Substrate/Glints2/dict_0005_0240.uasset" 9338
"../../../Engine/Content/EngineMaterials/Substrate/Glints2/dict_0005_0236.uasset" 9339
"../../../Engine/Content/EngineMaterials/Substrate/Glints2/dict_0005_0238.uasset" 9340
"../../../Engine/Content/EngineMaterials/Substrate/Glints2/dict_0005_0234.uasset" 9341
"../../../Engine/Content/EngineMaterials/Substrate/Glints2/dict_0005_0229.uasset" 9342
"../../../Engine/Content/EngineMaterials/Substrate/Glints2/dict_0005_0235.uasset" 9343
"../../../Engine/Content/EngineMaterials/Substrate/Glints2/dict_0005_0239.uasset" 9344
"../../../Engine/Content/EngineMaterials/Substrate/Glints2/dict_0005_0241.uasset" 9345
"../../../Engine/Content/EngineMaterials/Substrate/Glints2/dict_0005_0237.uasset" 9346
"../../../Engine/Content/EngineMaterials/Substrate/Glints2/dict_0005_0242.uasset" 9347
"/Engine/EngineMaterials/Substrate/Glints2/dict_0005_0227" 9348
"../../../Engine/Content/EngineMaterials/Substrate/Glints2/dict_0005_0243.uasset" 9349
"../../../Engine/Content/EngineMaterials/Substrate/Glints2/dict_0005_0244.uasset" 9350
"../../../Engine/Content/EngineMaterials/Substrate/Glints2/dict_0005_0245.uasset" 9351
"/Engine/EngineMaterials/Substrate/Glints2/dict_0005_0226" 9352
"/Engine/EngineMaterials/Substrate/Glints2/dict_0005_0225" 9353
"/Engine/EngineMaterials/Substrate/Glints2/dict_0005_0224" 9354
"/Engine/EngineMaterials/Substrate/Glints2/dict_0005_0223" 9355
"/Engine/EngineMaterials/Substrate/Glints2/dict_0005_0222" 9356
"/Engine/EngineMaterials/Substrate/Glints2/dict_0005_0221" 9357
"/Engine/EngineMaterials/Substrate/Glints2/dict_0005_0220" 9358
"/Engine/EngineMaterials/Substrate/Glints2/dict_0005_0219" 9359
"/Engine/EngineMaterials/Substrate/Glints2/dict_0005_0218" 9360
"/Engine/EngineMaterials/Substrate/Glints2/dict_0005_0217" 9361
"/Engine/EngineMaterials/Substrate/Glints2/dict_0005_0216" 9362
"/Engine/EngineMaterials/Substrate/Glints2/dict_0005_0215" 9363
"/Engine/EngineMaterials/Substrate/Glints2/dict_0005_0214" 9364
"/Engine/EngineMaterials/Substrate/Glints2/dict_0005_0245" 9365
"../../../Engine/Content/EngineMaterials/Substrate/Glints2/dict_0005_0246.uasset" 9366
"../../../Engine/Content/EngineMaterials/Substrate/Glints2/dict_0005_0248.uasset" 9367
"../../../Engine/Content/EngineMaterials/Substrate/Glints2/dict_0005_0247.uasset" 9368
"../../../Engine/Content/EngineMaterials/Substrate/Glints2/dict_0005_0249.uasset" 9369
"/Engine/EngineMaterials/Substrate/Glints2/dict_0005_0244" 9370
"../../../Engine/Content/EngineMaterials/Substrate/Glints2/dict_0005_0253.uasset" 9371
"../../../Engine/Content/EngineMaterials/Substrate/Glints2/dict_0005_0255.uasset" 9372
"../../../Engine/Content/EngineMaterials/Substrate/Glints2/dict_0006_0003.uasset" 9373
"../../../Engine/Content/EngineMaterials/Substrate/Glints2/dict_0005_0252.uasset" 9374
"../../../Engine/Content/EngineMaterials/Substrate/Glints2/dict_0005_0254.uasset" 9375
"../../../Engine/Content/EngineMaterials/Substrate/Glints2/dict_0006_0002.uasset" 9376
"../../../Engine/Content/EngineMaterials/Substrate/Glints2/dict_0006_0004.uasset" 9377
"../../../Engine/Content/EngineMaterials/Substrate/Glints2/dict_0005_0251.uasset" 9378
"../../../Engine/Content/EngineMaterials/Substrate/Glints2/dict_0006_0001.uasset" 9379
"../../../Engine/Content/EngineMaterials/Substrate/Glints2/dict_0005_0250.uasset" 9380
"../../../Engine/Content/EngineMaterials/Substrate/Glints2/dict_0006_0000.uasset" 9381
"/Engine/EngineMaterials/Substrate/Glints2/dict_0005_0243" 9382
"/Engine/EngineMaterials/Substrate/Glints2/dict_0005_0242" 9383
"/Engine/EngineMaterials/Substrate/Glints2/dict_0005_0241" 9384
"/Engine/EngineMaterials/Substrate/Glints2/dict_0005_0240" 9385
"/Engine/EngineMaterials/Substrate/Glints2/dict_0005_0239" 9386
"/Engine/EngineMaterials/Substrate/Glints2/dict_0005_0238" 9387
"/Engine/EngineMaterials/Substrate/Glints2/dict_0005_0237" 9388
"/Engine/EngineMaterials/Substrate/Glints2/dict_0005_0236" 9389
"/Engine/EngineMaterials/Substrate/Glints2/dict_0005_0235" 9390
"/Engine/EngineMaterials/Substrate/Glints2/dict_0005_0234" 9391
"/Engine/EngineMaterials/Substrate/Glints2/dict_0005_0233" 9392
"/Engine/EngineMaterials/Substrate/Glints2/dict_0005_0232" 9393
"/Engine/EngineMaterials/Substrate/Glints2/dict_0005_0231" 9394
"/Engine/EngineMaterials/Substrate/Glints2/dict_0005_0230" 9395
"/Engine/EngineMaterials/Substrate/Glints2/dict_0005_0229" 9396
"/Engine/EngineMaterials/Substrate/Glints2/dict_0006_0004" 9397
"../../../Engine/Content/EngineMaterials/Substrate/Glints2/dict_0006_0006.uasset" 9398
"../../../Engine/Content/EngineMaterials/Substrate/Glints2/dict_0006_0007.uasset" 9399
"../../../Engine/Content/EngineMaterials/Substrate/Glints2/dict_0006_0009.uasset" 9400
"../../../Engine/Content/EngineMaterials/Substrate/Glints2/dict_0006_0008.uasset" 9401
"../../../Engine/Content/EngineMaterials/Substrate/Glints2/dict_0006_0011.uasset" 9402
"../../../Engine/Content/EngineMaterials/Substrate/Glints2/dict_0006_0010.uasset" 9403
"../../../Engine/Content/EngineMaterials/Substrate/Glints2/dict_0006_0013.uasset" 9404
"../../../Engine/Content/EngineMaterials/Substrate/Glints2/dict_0006_0015.uasset" 9405
"../../../Engine/Content/EngineMaterials/Substrate/Glints2/dict_0006_0018.uasset" 9406
"../../../Engine/Content/EngineMaterials/Substrate/Glints2/dict_0006_0012.uasset" 9407
"../../../Engine/Content/EngineMaterials/Substrate/Glints2/dict_0006_0014.uasset" 9408
"../../../Engine/Content/EngineMaterials/Substrate/Glints2/dict_0006_0005.uasset" 9409
"../../../Engine/Content/EngineMaterials/Substrate/Glints2/dict_0006_0016.uasset" 9410
"/Engine/EngineMaterials/Substrate/Glints2/dict_0006_0003" 9411
"../../../Engine/Content/EngineMaterials/Substrate/Glints2/dict_0006_0017.uasset" 9412
"../../../Engine/Content/EngineMaterials/Substrate/Glints2/dict_0006_0020.uasset" 9413
"../../../Engine/Content/EngineMaterials/Substrate/Glints2/dict_0006_0021.uasset" 9414
"../../../Engine/Content/EngineMaterials/Substrate/Glints2/dict_0006_0019.uasset" 9415
"/Engine/EngineMaterials/Substrate/Glints2/dict_0006_0002" 9416
"/Engine/EngineMaterials/Substrate/Glints2/dict_0006_0001" 9417
"/Engine/EngineMaterials/Substrate/Glints2/dict_0006_0000" 9418
"/Engine/EngineMaterials/Substrate/Glints2/dict_0005_0255" 9419
"/Engine/EngineMaterials/Substrate/Glints2/dict_0005_0254" 9420
"/Engine/EngineMaterials/Substrate/Glints2/dict_0005_0253" 9421
"/Engine/EngineMaterials/Substrate/Glints2/dict_0005_0252" 9422
"/Engine/EngineMaterials/Substrate/Glints2/dict_0005_0251" 9423
"/Engine/EngineMaterials/Substrate/Glints2/dict_0005_0250" 9424
"/Engine/EngineMaterials/Substrate/Glints2/dict_0005_0249" 9425
"/Engine/EngineMaterials/Substrate/Glints2/dict_0005_0248" 9426
"/Engine/EngineMaterials/Substrate/Glints2/dict_0005_0247" 9427
"/Engine/EngineMaterials/Substrate/Glints2/dict_0005_0246" 9428
"/Engine/EngineMaterials/Substrate/Glints2/dict_0006_0021" 9429
"../../../Engine/Content/EngineMaterials/Substrate/Glints2/dict_0006_0024.uasset" 9430
"../../../Engine/Content/EngineMaterials/Substrate/Glints2/dict_0006_0022.uasset" 9431
"../../../Engine/Content/EngineMaterials/Substrate/Glints2/dict_0006_0023.uasset" 9432
"../../../Engine/Content/EngineMaterials/Substrate/Glints2/dict_0006_0027.uasset" 9433
"../../../Engine/Content/EngineMaterials/Substrate/Glints2/dict_0006_0028.uasset" 9434
"../../../Engine/Content/EngineMaterials/Substrate/Glints2/dict_0006_0029.uasset" 9435
"../../../Engine/Content/EngineMaterials/Substrate/Glints2/dict_0006_0034.uasset" 9436
"/Engine/EngineMaterials/Substrate/Glints2/dict_0006_0020" 9437
"../../../Engine/Content/EngineMaterials/Substrate/Glints2/dict_0006_0033.uasset" 9438
"../../../Engine/Content/EngineMaterials/Substrate/Glints2/dict_0006_0030.uasset" 9439
"../../../Engine/Content/EngineMaterials/Substrate/Glints2/dict_0006_0026.uasset" 9440
"../../../Engine/Content/EngineMaterials/Substrate/Glints2/dict_0006_0025.uasset" 9441
"../../../Engine/Content/EngineMaterials/Substrate/Glints2/dict_0006_0035.uasset" 9442
"../../../Engine/Content/EngineMaterials/Substrate/Glints2/dict_0006_0031.uasset" 9443
"../../../Engine/Content/EngineMaterials/Substrate/Glints2/dict_0006_0036.uasset" 9444
"../../../Engine/Content/EngineMaterials/Substrate/Glints2/dict_0006_0032.uasset" 9445
"/Engine/EngineMaterials/Substrate/Glints2/dict_0006_0019" 9446
"/Engine/EngineMaterials/Substrate/Glints2/dict_0006_0018" 9447
"/Engine/EngineMaterials/Substrate/Glints2/dict_0006_0017" 9448
"/Engine/EngineMaterials/Substrate/Glints2/dict_0006_0016" 9449
"/Engine/EngineMaterials/Substrate/Glints2/dict_0006_0015" 9450
"/Engine/EngineMaterials/Substrate/Glints2/dict_0006_0014" 9451
"/Engine/EngineMaterials/Substrate/Glints2/dict_0006_0013" 9452
"/Engine/EngineMaterials/Substrate/Glints2/dict_0006_0012" 9453
"/Engine/EngineMaterials/Substrate/Glints2/dict_0006_0011" 9454
"/Engine/EngineMaterials/Substrate/Glints2/dict_0006_0010" 9455
"/Engine/EngineMaterials/Substrate/Glints2/dict_0006_0009" 9456
"/Engine/EngineMaterials/Substrate/Glints2/dict_0006_0008" 9457
"/Engine/EngineMaterials/Substrate/Glints2/dict_0006_0007" 9458
"/Engine/EngineMaterials/Substrate/Glints2/dict_0006_0006" 9459
"/Engine/EngineMaterials/Substrate/Glints2/dict_0006_0005" 9460
"/Engine/EngineMaterials/Substrate/Glints2/dict_0006_0036" 9461
"../../../Engine/Content/EngineMaterials/Substrate/Glints2/dict_0006_0037.uasset" 9462
"../../../Engine/Content/EngineMaterials/Substrate/Glints2/dict_0006_0038.uasset" 9463
"../../../Engine/Content/EngineMaterials/Substrate/Glints2/dict_0006_0040.uasset" 9464
"../../../Engine/Content/EngineMaterials/Substrate/Glints2/dict_0006_0041.uasset" 9465
"../../../Engine/Content/EngineMaterials/Substrate/Glints2/dict_0006_0043.uasset" 9466
"../../../Engine/Content/EngineMaterials/Substrate/Glints2/dict_0006_0046.uasset" 9467
"../../../Engine/Content/EngineMaterials/Substrate/Glints2/dict_0006_0044.uasset" 9468
"../../../Engine/Content/EngineMaterials/Substrate/Glints2/dict_0006_0039.uasset" 9469
"../../../Engine/Content/EngineMaterials/Substrate/Glints2/dict_0006_0042.uasset" 9470
"../../../Engine/Content/EngineMaterials/Substrate/Glints2/dict_0006_0048.uasset" 9471
"../../../Engine/Content/EngineMaterials/Substrate/Glints2/dict_0006_0049.uasset" 9472
"../../../Engine/Content/EngineMaterials/Substrate/Glints2/dict_0006_0050.uasset" 9473
"/Engine/EngineMaterials/Substrate/Glints2/dict_0006_0035" 9474
"../../../Engine/Content/EngineMaterials/Substrate/Glints2/dict_0006_0045.uasset" 9475
"../../../Engine/Content/EngineMaterials/Substrate/Glints2/dict_0006_0047.uasset" 9476
"../../../Engine/Content/EngineMaterials/Substrate/Glints2/dict_0006_0051.uasset" 9477
"../../../Engine/Content/EngineMaterials/Substrate/Glints2/dict_0006_0052.uasset" 9478
"../../../Engine/Content/EngineMaterials/Substrate/Glints2/dict_0006_0053.uasset" 9479
"/Engine/EngineMaterials/Substrate/Glints2/dict_0006_0034" 9480
"/Engine/EngineMaterials/Substrate/Glints2/dict_0006_0033" 9481
"/Engine/EngineMaterials/Substrate/Glints2/dict_0006_0032" 9482
"/Engine/EngineMaterials/Substrate/Glints2/dict_0006_0031" 9483
"/Engine/EngineMaterials/Substrate/Glints2/dict_0006_0030" 9484
"/Engine/EngineMaterials/Substrate/Glints2/dict_0006_0029" 9485
"/Engine/EngineMaterials/Substrate/Glints2/dict_0006_0028" 9486
"/Engine/EngineMaterials/Substrate/Glints2/dict_0006_0027" 9487
"/Engine/EngineMaterials/Substrate/Glints2/dict_0006_0026" 9488
"/Engine/EngineMaterials/Substrate/Glints2/dict_0006_0025" 9489
"/Engine/EngineMaterials/Substrate/Glints2/dict_0006_0024" 9490
"/Engine/EngineMaterials/Substrate/Glints2/dict_0006_0023" 9491
"/Engine/EngineMaterials/Substrate/Glints2/dict_0006_0022" 9492
"/Engine/EngineMaterials/Substrate/Glints2/dict_0006_0053" 9493
"../../../Engine/Content/EngineMaterials/Substrate/Glints2/dict_0006_0055.uasset" 9494
"../../../Engine/Content/EngineMaterials/Substrate/Glints2/dict_0006_0056.uasset" 9495
"/Engine/EngineMaterials/Substrate/Glints2/dict_0006_0052" 9496
"../../../Engine/Content/EngineMaterials/Substrate/Glints2/dict_0006_0054.uasset" 9497
"../../../Engine/Content/EngineMaterials/Substrate/Glints2/dict_0006_0057.uasset" 9498
"../../../Engine/Content/EngineMaterials/Substrate/Glints2/dict_0006_0058.uasset" 9499
"../../../Engine/Content/EngineMaterials/Substrate/Glints2/dict_0006_0059.uasset" 9500
"../../../Engine/Content/EngineMaterials/Substrate/Glints2/dict_0006_0062.uasset" 9501
"../../../Engine/Content/EngineMaterials/Substrate/Glints2/dict_0006_0061.uasset" 9502
"../../../Engine/Content/EngineMaterials/Substrate/Glints2/dict_0006_0060.uasset" 9503
"../../../Engine/Content/EngineMaterials/Substrate/Glints2/dict_0006_0067.uasset" 9504
"../../../Engine/Content/EngineMaterials/Substrate/Glints2/dict_0006_0066.uasset" 9505
"../../../Engine/Content/EngineMaterials/Substrate/Glints2/dict_0006_0065.uasset" 9506
"../../../Engine/Content/EngineMaterials/Substrate/Glints2/dict_0006_0063.uasset" 9507
"../../../Engine/Content/EngineMaterials/Substrate/Glints2/dict_0006_0064.uasset" 9508
"../../../Engine/Content/EngineMaterials/Substrate/Glints2/dict_0006_0068.uasset" 9509
"/Engine/EngineMaterials/Substrate/Glints2/dict_0006_0051" 9510
"/Engine/EngineMaterials/Substrate/Glints2/dict_0006_0050" 9511
"/Engine/EngineMaterials/Substrate/Glints2/dict_0006_0049" 9512
"/Engine/EngineMaterials/Substrate/Glints2/dict_0006_0048" 9513
"/Engine/EngineMaterials/Substrate/Glints2/dict_0006_0047" 9514
"/Engine/EngineMaterials/Substrate/Glints2/dict_0006_0046" 9515
"/Engine/EngineMaterials/Substrate/Glints2/dict_0006_0045" 9516
"/Engine/EngineMaterials/Substrate/Glints2/dict_0006_0044" 9517
"/Engine/EngineMaterials/Substrate/Glints2/dict_0006_0043" 9518
"/Engine/EngineMaterials/Substrate/Glints2/dict_0006_0042" 9519
"/Engine/EngineMaterials/Substrate/Glints2/dict_0006_0041" 9520
"/Engine/EngineMaterials/Substrate/Glints2/dict_0006_0040" 9521
"/Engine/EngineMaterials/Substrate/Glints2/dict_0006_0039" 9522
"/Engine/EngineMaterials/Substrate/Glints2/dict_0006_0038" 9523
"/Engine/EngineMaterials/Substrate/Glints2/dict_0006_0037" 9524
"/Engine/EngineMaterials/Substrate/Glints2/dict_0006_0068" 9525
"../../../Engine/Content/EngineMaterials/Substrate/Glints2/dict_0006_0071.uasset" 9526
"../../../Engine/Content/EngineMaterials/Substrate/Glints2/dict_0006_0069.uasset" 9527
"../../../Engine/Content/EngineMaterials/Substrate/Glints2/dict_0006_0070.uasset" 9528
"/Engine/EngineMaterials/Substrate/Glints2/dict_0006_0067" 9529
"../../../Engine/Content/EngineMaterials/Substrate/Glints2/dict_0006_0074.uasset" 9530
"../../../Engine/Content/EngineMaterials/Substrate/Glints2/dict_0006_0076.uasset" 9531
"../../../Engine/Content/EngineMaterials/Substrate/Glints2/dict_0006_0077.uasset" 9532
"../../../Engine/Content/EngineMaterials/Substrate/Glints2/dict_0006_0078.uasset" 9533
"../../../Engine/Content/EngineMaterials/Substrate/Glints2/dict_0006_0073.uasset" 9534
"../../../Engine/Content/EngineMaterials/Substrate/Glints2/dict_0006_0081.uasset" 9535
"../../../Engine/Content/EngineMaterials/Substrate/Glints2/dict_0006_0079.uasset" 9536
"../../../Engine/Content/EngineMaterials/Substrate/Glints2/dict_0006_0072.uasset" 9537
"../../../Engine/Content/EngineMaterials/Substrate/Glints2/dict_0006_0075.uasset" 9538
"../../../Engine/Content/EngineMaterials/Substrate/Glints2/dict_0006_0080.uasset" 9539
"../../../Engine/Content/EngineMaterials/Substrate/Glints2/dict_0006_0082.uasset" 9540
"../../../Engine/Content/EngineMaterials/Substrate/Glints2/dict_0006_0084.uasset" 9541
"../../../Engine/Content/EngineMaterials/Substrate/Glints2/dict_0006_0083.uasset" 9542
"../../../Engine/Content/EngineMaterials/Substrate/Glints2/dict_0006_0085.uasset" 9543
"/Engine/EngineMaterials/Substrate/Glints2/dict_0006_0066" 9544
"/Engine/EngineMaterials/Substrate/Glints2/dict_0006_0065" 9545
"/Engine/EngineMaterials/Substrate/Glints2/dict_0006_0064" 9546
"/Engine/EngineMaterials/Substrate/Glints2/dict_0006_0063" 9547
"/Engine/EngineMaterials/Substrate/Glints2/dict_0006_0062" 9548
"/Engine/EngineMaterials/Substrate/Glints2/dict_0006_0061" 9549
"/Engine/EngineMaterials/Substrate/Glints2/dict_0006_0060" 9550
"/Engine/EngineMaterials/Substrate/Glints2/dict_0006_0059" 9551
"/Engine/EngineMaterials/Substrate/Glints2/dict_0006_0058" 9552
"/Engine/EngineMaterials/Substrate/Glints2/dict_0006_0057" 9553
"/Engine/EngineMaterials/Substrate/Glints2/dict_0006_0056" 9554
"/Engine/EngineMaterials/Substrate/Glints2/dict_0006_0055" 9555
"/Engine/EngineMaterials/Substrate/Glints2/dict_0006_0054" 9556
"/Engine/EngineMaterials/Substrate/Glints2/dict_0006_0085" 9557
"../../../Engine/Content/EngineMaterials/Substrate/Glints2/dict_0006_0086.uasset" 9558
"../../../Engine/Content/EngineMaterials/Substrate/Glints2/dict_0006_0090.uasset" 9559
"/Engine/EngineMaterials/Substrate/Glints2/dict_0006_0084" 9560
"../../../Engine/Content/EngineMaterials/Substrate/Glints2/dict_0006_0092.uasset" 9561
"../../../Engine/Content/EngineMaterials/Substrate/Glints2/dict_0006_0089.uasset" 9562
"../../../Engine/Content/EngineMaterials/Substrate/Glints2/dict_0006_0096.uasset" 9563
"../../../Engine/Content/EngineMaterials/Substrate/Glints2/dict_0006_0094.uasset" 9564
"../../../Engine/Content/EngineMaterials/Substrate/Glints2/dict_0006_0095.uasset" 9565
"../../../Engine/Content/EngineMaterials/Substrate/Glints2/dict_0006_0097.uasset" 9566
"../../../Engine/Content/EngineMaterials/Substrate/Glints2/dict_0006_0091.uasset" 9567
"../../../Engine/Content/EngineMaterials/Substrate/Glints2/dict_0006_0098.uasset" 9568
"../../../Engine/Content/EngineMaterials/Substrate/Glints2/dict_0006_0099.uasset" 9569
"../../../Engine/Content/EngineMaterials/Substrate/Glints2/dict_0006_0088.uasset" 9570
"../../../Engine/Content/EngineMaterials/Substrate/Glints2/dict_0006_0100.uasset" 9571
"../../../Engine/Content/EngineMaterials/Substrate/Glints2/dict_0006_0093.uasset" 9572
"../../../Engine/Content/EngineMaterials/Substrate/Glints2/dict_0006_0087.uasset" 9573
"/Engine/EngineMaterials/Substrate/Glints2/dict_0006_0083" 9574
"/Engine/EngineMaterials/Substrate/Glints2/dict_0006_0082" 9575
"/Engine/EngineMaterials/Substrate/Glints2/dict_0006_0081" 9576
"/Engine/EngineMaterials/Substrate/Glints2/dict_0006_0080" 9577
"/Engine/EngineMaterials/Substrate/Glints2/dict_0006_0079" 9578
"/Engine/EngineMaterials/Substrate/Glints2/dict_0006_0078" 9579
"/Engine/EngineMaterials/Substrate/Glints2/dict_0006_0077" 9580
"/Engine/EngineMaterials/Substrate/Glints2/dict_0006_0076" 9581
"/Engine/EngineMaterials/Substrate/Glints2/dict_0006_0075" 9582
"/Engine/EngineMaterials/Substrate/Glints2/dict_0006_0074" 9583
"/Engine/EngineMaterials/Substrate/Glints2/dict_0006_0073" 9584
"/Engine/EngineMaterials/Substrate/Glints2/dict_0006_0072" 9585
"/Engine/EngineMaterials/Substrate/Glints2/dict_0006_0071" 9586
"/Engine/EngineMaterials/Substrate/Glints2/dict_0006_0070" 9587
"/Engine/EngineMaterials/Substrate/Glints2/dict_0006_0069" 9588
"/Engine/EngineMaterials/Substrate/Glints2/dict_0006_0100" 9589
"../../../Engine/Content/EngineMaterials/Substrate/Glints2/dict_0006_0103.uasset" 9590
"../../../Engine/Content/EngineMaterials/Substrate/Glints2/dict_0006_0102.uasset" 9591
"../../../Engine/Content/EngineMaterials/Substrate/Glints2/dict_0006_0104.uasset" 9592
"../../../Engine/Content/EngineMaterials/Substrate/Glints2/dict_0006_0101.uasset" 9593
"../../../Engine/Content/EngineMaterials/Substrate/Glints2/dict_0006_0105.uasset" 9594
"../../../Engine/Content/EngineMaterials/Substrate/Glints2/dict_0006_0106.uasset" 9595
"../../../Engine/Content/EngineMaterials/Substrate/Glints2/dict_0006_0109.uasset" 9596
"../../../Engine/Content/EngineMaterials/Substrate/Glints2/dict_0006_0108.uasset" 9597
"../../../Engine/Content/EngineMaterials/Substrate/Glints2/dict_0006_0114.uasset" 9598
"../../../Engine/Content/EngineMaterials/Substrate/Glints2/dict_0006_0112.uasset" 9599
"../../../Engine/Content/EngineMaterials/Substrate/Glints2/dict_0006_0110.uasset" 9600
"../../../Engine/Content/EngineMaterials/Substrate/Glints2/dict_0006_0111.uasset" 9601
"../../../Engine/Content/EngineMaterials/Substrate/Glints2/dict_0006_0107.uasset" 9602
"../../../Engine/Content/EngineMaterials/Substrate/Glints2/dict_0006_0113.uasset" 9603
"../../../Engine/Content/EngineMaterials/Substrate/Glints2/dict_0006_0115.uasset" 9604
"../../../Engine/Content/EngineMaterials/Substrate/Glints2/dict_0006_0116.uasset" 9605
"../../../Engine/Content/EngineMaterials/Substrate/Glints2/dict_0006_0117.uasset" 9606
"/Engine/EngineMaterials/Substrate/Glints2/dict_0006_0099" 9607
"/Engine/EngineMaterials/Substrate/Glints2/dict_0006_0098" 9608
"/Engine/EngineMaterials/Substrate/Glints2/dict_0006_0097" 9609
"/Engine/EngineMaterials/Substrate/Glints2/dict_0006_0096" 9610
"/Engine/EngineMaterials/Substrate/Glints2/dict_0006_0095" 9611
"/Engine/EngineMaterials/Substrate/Glints2/dict_0006_0094" 9612
"/Engine/EngineMaterials/Substrate/Glints2/dict_0006_0093" 9613
"/Engine/EngineMaterials/Substrate/Glints2/dict_0006_0092" 9614
"/Engine/EngineMaterials/Substrate/Glints2/dict_0006_0091" 9615
"/Engine/EngineMaterials/Substrate/Glints2/dict_0006_0090" 9616
"/Engine/EngineMaterials/Substrate/Glints2/dict_0006_0089" 9617
"/Engine/EngineMaterials/Substrate/Glints2/dict_0006_0088" 9618
"/Engine/EngineMaterials/Substrate/Glints2/dict_0006_0087" 9619
"/Engine/EngineMaterials/Substrate/Glints2/dict_0006_0086" 9620
"/Engine/EngineMaterials/Substrate/Glints2/dict_0006_0117" 9621
"../../../Engine/Content/EngineMaterials/Substrate/Glints2/dict_0006_0120.uasset" 9622
"../../../Engine/Content/EngineMaterials/Substrate/Glints2/dict_0006_0118.uasset" 9623
"../../../Engine/Content/EngineMaterials/Substrate/Glints2/dict_0006_0119.uasset" 9624
"../../../Engine/Content/EngineMaterials/Substrate/Glints2/dict_0006_0124.uasset" 9625
"../../../Engine/Content/EngineMaterials/Substrate/Glints2/dict_0006_0122.uasset" 9626
"../../../Engine/Content/EngineMaterials/Substrate/Glints2/dict_0006_0127.uasset" 9627
"../../../Engine/Content/EngineMaterials/Substrate/Glints2/dict_0006_0123.uasset" 9628
"/Engine/EngineMaterials/Substrate/Glints2/dict_0006_0116" 9629
"../../../Engine/Content/EngineMaterials/Substrate/Glints2/dict_0006_0132.uasset" 9630
"../../../Engine/Content/EngineMaterials/Substrate/Glints2/dict_0006_0131.uasset" 9631
"../../../Engine/Content/EngineMaterials/Substrate/Glints2/dict_0006_0126.uasset" 9632
"../../../Engine/Content/EngineMaterials/Substrate/Glints2/dict_0006_0130.uasset" 9633
"../../../Engine/Content/EngineMaterials/Substrate/Glints2/dict_0006_0129.uasset" 9634
"../../../Engine/Content/EngineMaterials/Substrate/Glints2/dict_0006_0125.uasset" 9635
"../../../Engine/Content/EngineMaterials/Substrate/Glints2/dict_0006_0128.uasset" 9636
"../../../Engine/Content/EngineMaterials/Substrate/Glints2/dict_0006_0121.uasset" 9637
"/Engine/EngineMaterials/Substrate/Glints2/dict_0006_0115" 9638
"/Engine/EngineMaterials/Substrate/Glints2/dict_0006_0114" 9639
"/Engine/EngineMaterials/Substrate/Glints2/dict_0006_0113" 9640
"/Engine/EngineMaterials/Substrate/Glints2/dict_0006_0112" 9641
"/Engine/EngineMaterials/Substrate/Glints2/dict_0006_0111" 9642
"/Engine/EngineMaterials/Substrate/Glints2/dict_0006_0110" 9643
"/Engine/EngineMaterials/Substrate/Glints2/dict_0006_0109" 9644
"/Engine/EngineMaterials/Substrate/Glints2/dict_0006_0108" 9645
"/Engine/EngineMaterials/Substrate/Glints2/dict_0006_0107" 9646
"/Engine/EngineMaterials/Substrate/Glints2/dict_0006_0106" 9647
"/Engine/EngineMaterials/Substrate/Glints2/dict_0006_0105" 9648
"/Engine/EngineMaterials/Substrate/Glints2/dict_0006_0104" 9649
"/Engine/EngineMaterials/Substrate/Glints2/dict_0006_0103" 9650
"/Engine/EngineMaterials/Substrate/Glints2/dict_0006_0102" 9651
"/Engine/EngineMaterials/Substrate/Glints2/dict_0006_0101" 9652
"/Engine/EngineMaterials/Substrate/Glints2/dict_0006_0132" 9653
"../../../Engine/Content/EngineMaterials/Substrate/Glints2/dict_0006_0133.uasset" 9654
"../../../Engine/Content/EngineMaterials/Substrate/Glints2/dict_0006_0134.uasset" 9655
"../../../Engine/Content/EngineMaterials/Substrate/Glints2/dict_0006_0135.uasset" 9656
"../../../Engine/Content/EngineMaterials/Substrate/Glints2/dict_0006_0136.uasset" 9657
"../../../Engine/Content/EngineMaterials/Substrate/Glints2/dict_0006_0137.uasset" 9658
"../../../Engine/Content/EngineMaterials/Substrate/Glints2/dict_0006_0138.uasset" 9659
"../../../Engine/Content/EngineMaterials/Substrate/Glints2/dict_0006_0141.uasset" 9660
"../../../Engine/Content/EngineMaterials/Substrate/Glints2/dict_0006_0140.uasset" 9661
"../../../Engine/Content/EngineMaterials/Substrate/Glints2/dict_0006_0145.uasset" 9662
"../../../Engine/Content/EngineMaterials/Substrate/Glints2/dict_0006_0139.uasset" 9663
"../../../Engine/Content/EngineMaterials/Substrate/Glints2/dict_0006_0142.uasset" 9664
"../../../Engine/Content/EngineMaterials/Substrate/Glints2/dict_0006_0144.uasset" 9665
"../../../Engine/Content/EngineMaterials/Substrate/Glints2/dict_0006_0143.uasset" 9666
"/Engine/EngineMaterials/Substrate/Glints2/dict_0006_0131" 9667
"../../../Engine/Content/EngineMaterials/Substrate/Glints2/dict_0006_0146.uasset" 9668
"../../../Engine/Content/EngineMaterials/Substrate/Glints2/dict_0006_0147.uasset" 9669
"../../../Engine/Content/EngineMaterials/Substrate/Glints2/dict_0006_0149.uasset" 9670
"../../../Engine/Content/EngineMaterials/Substrate/Glints2/dict_0006_0148.uasset" 9671
"/Engine/EngineMaterials/Substrate/Glints2/dict_0006_0130" 9672
"/Engine/EngineMaterials/Substrate/Glints2/dict_0006_0129" 9673
"/Engine/EngineMaterials/Substrate/Glints2/dict_0006_0128" 9674
"/Engine/EngineMaterials/Substrate/Glints2/dict_0006_0127" 9675
"/Engine/EngineMaterials/Substrate/Glints2/dict_0006_0126" 9676
"/Engine/EngineMaterials/Substrate/Glints2/dict_0006_0125" 9677
"/Engine/EngineMaterials/Substrate/Glints2/dict_0006_0124" 9678
"/Engine/EngineMaterials/Substrate/Glints2/dict_0006_0123" 9679
"/Engine/EngineMaterials/Substrate/Glints2/dict_0006_0122" 9680
"/Engine/EngineMaterials/Substrate/Glints2/dict_0006_0121" 9681
"/Engine/EngineMaterials/Substrate/Glints2/dict_0006_0120" 9682
"/Engine/EngineMaterials/Substrate/Glints2/dict_0006_0119" 9683
"/Engine/EngineMaterials/Substrate/Glints2/dict_0006_0118" 9684
"/Engine/EngineMaterials/Substrate/Glints2/dict_0006_0149" 9685
"../../../Engine/Content/EngineMaterials/Substrate/Glints2/dict_0006_0151.uasset" 9686
"../../../Engine/Content/EngineMaterials/Substrate/Glints2/dict_0006_0153.uasset" 9687
"../../../Engine/Content/EngineMaterials/Substrate/Glints2/dict_0006_0150.uasset" 9688
"../../../Engine/Content/EngineMaterials/Substrate/Glints2/dict_0006_0156.uasset" 9689
"../../../Engine/Content/EngineMaterials/Substrate/Glints2/dict_0006_0157.uasset" 9690
"../../../Engine/Content/EngineMaterials/Substrate/Glints2/dict_0006_0154.uasset" 9691
"../../../Engine/Content/EngineMaterials/Substrate/Glints2/dict_0006_0159.uasset" 9692
"../../../Engine/Content/EngineMaterials/Substrate/Glints2/dict_0006_0158.uasset" 9693
"../../../Engine/Content/EngineMaterials/Substrate/Glints2/dict_0006_0162.uasset" 9694
"../../../Engine/Content/EngineMaterials/Substrate/Glints2/dict_0006_0160.uasset" 9695
"../../../Engine/Content/EngineMaterials/Substrate/Glints2/dict_0006_0155.uasset" 9696
"../../../Engine/Content/EngineMaterials/Substrate/Glints2/dict_0006_0161.uasset" 9697
"/Engine/EngineMaterials/Substrate/Glints2/dict_0006_0148" 9698
"../../../Engine/Content/EngineMaterials/Substrate/Glints2/dict_0006_0152.uasset" 9699
"../../../Engine/Content/EngineMaterials/Substrate/Glints2/dict_0006_0163.uasset" 9700
"../../../Engine/Content/EngineMaterials/Substrate/Glints2/dict_0006_0164.uasset" 9701
"/Engine/EngineMaterials/Substrate/Glints2/dict_0006_0147" 9702
"/Engine/EngineMaterials/Substrate/Glints2/dict_0006_0146" 9703
"/Engine/EngineMaterials/Substrate/Glints2/dict_0006_0145" 9704
"/Engine/EngineMaterials/Substrate/Glints2/dict_0006_0144" 9705
"/Engine/EngineMaterials/Substrate/Glints2/dict_0006_0143" 9706
"/Engine/EngineMaterials/Substrate/Glints2/dict_0006_0142" 9707
"/Engine/EngineMaterials/Substrate/Glints2/dict_0006_0141" 9708
"/Engine/EngineMaterials/Substrate/Glints2/dict_0006_0140" 9709
"/Engine/EngineMaterials/Substrate/Glints2/dict_0006_0139" 9710
"/Engine/EngineMaterials/Substrate/Glints2/dict_0006_0138" 9711
"/Engine/EngineMaterials/Substrate/Glints2/dict_0006_0137" 9712
"/Engine/EngineMaterials/Substrate/Glints2/dict_0006_0136" 9713
"/Engine/EngineMaterials/Substrate/Glints2/dict_0006_0135" 9714
"/Engine/EngineMaterials/Substrate/Glints2/dict_0006_0134" 9715
"/Engine/EngineMaterials/Substrate/Glints2/dict_0006_0133" 9716
"/Engine/EngineMaterials/Substrate/Glints2/dict_0006_0164" 9717
"../../../Engine/Content/EngineMaterials/Substrate/Glints2/dict_0006_0166.uasset" 9718
"../../../Engine/Content/EngineMaterials/Substrate/Glints2/dict_0006_0165.uasset" 9719
"../../../Engine/Content/EngineMaterials/Substrate/Glints2/dict_0006_0168.uasset" 9720
"../../../Engine/Content/EngineMaterials/Substrate/Glints2/dict_0006_0169.uasset" 9721
"../../../Engine/Content/EngineMaterials/Substrate/Glints2/dict_0006_0170.uasset" 9722
"../../../Engine/Content/EngineMaterials/Substrate/Glints2/dict_0006_0174.uasset" 9723
"../../../Engine/Content/EngineMaterials/Substrate/Glints2/dict_0006_0177.uasset" 9724
"../../../Engine/Content/EngineMaterials/Substrate/Glints2/dict_0006_0172.uasset" 9725
"../../../Engine/Content/EngineMaterials/Substrate/Glints2/dict_0006_0178.uasset" 9726
"../../../Engine/Content/EngineMaterials/Substrate/Glints2/dict_0006_0175.uasset" 9727
"../../../Engine/Content/EngineMaterials/Substrate/Glints2/dict_0006_0176.uasset" 9728
"../../../Engine/Content/EngineMaterials/Substrate/Glints2/dict_0006_0167.uasset" 9729
"../../../Engine/Content/EngineMaterials/Substrate/Glints2/dict_0006_0173.uasset" 9730
"/Engine/EngineMaterials/Substrate/Glints2/dict_0006_0163" 9731
"../../../Engine/Content/EngineMaterials/Substrate/Glints2/dict_0006_0171.uasset" 9732
"../../../Engine/Content/EngineMaterials/Substrate/Glints2/dict_0006_0179.uasset" 9733
"../../../Engine/Content/EngineMaterials/Substrate/Glints2/dict_0006_0181.uasset" 9734
"../../../Engine/Content/EngineMaterials/Substrate/Glints2/dict_0006_0180.uasset" 9735
"/Engine/EngineMaterials/Substrate/Glints2/dict_0006_0162" 9736
"/Engine/EngineMaterials/Substrate/Glints2/dict_0006_0161" 9737
"/Engine/EngineMaterials/Substrate/Glints2/dict_0006_0160" 9738
"/Engine/EngineMaterials/Substrate/Glints2/dict_0006_0159" 9739
"/Engine/EngineMaterials/Substrate/Glints2/dict_0006_0158" 9740
"/Engine/EngineMaterials/Substrate/Glints2/dict_0006_0157" 9741
"/Engine/EngineMaterials/Substrate/Glints2/dict_0006_0156" 9742
"/Engine/EngineMaterials/Substrate/Glints2/dict_0006_0155" 9743
"/Engine/EngineMaterials/Substrate/Glints2/dict_0006_0154" 9744
"/Engine/EngineMaterials/Substrate/Glints2/dict_0006_0153" 9745
"/Engine/EngineMaterials/Substrate/Glints2/dict_0006_0152" 9746
"/Engine/EngineMaterials/Substrate/Glints2/dict_0006_0151" 9747
"/Engine/EngineMaterials/Substrate/Glints2/dict_0006_0150" 9748
"/Engine/EngineMaterials/Substrate/Glints2/dict_0006_0181" 9749
"../../../Engine/Content/EngineMaterials/Substrate/Glints2/dict_0006_0182.uasset" 9750
"../../../Engine/Content/EngineMaterials/Substrate/Glints2/dict_0006_0183.uasset" 9751
"../../../Engine/Content/EngineMaterials/Substrate/Glints2/dict_0006_0185.uasset" 9752
"../../../Engine/Content/EngineMaterials/Substrate/Glints2/dict_0006_0188.uasset" 9753
"../../../Engine/Content/EngineMaterials/Substrate/Glints2/dict_0006_0184.uasset" 9754
"../../../Engine/Content/EngineMaterials/Substrate/Glints2/dict_0006_0192.uasset" 9755
"/Engine/EngineMaterials/Substrate/Glints2/dict_0006_0180" 9756
"../../../Engine/Content/EngineMaterials/Substrate/Glints2/dict_0006_0191.uasset" 9757
"../../../Engine/Content/EngineMaterials/Substrate/Glints2/dict_0006_0189.uasset" 9758
"../../../Engine/Content/EngineMaterials/Substrate/Glints2/dict_0006_0196.uasset" 9759
"../../../Engine/Content/EngineMaterials/Substrate/Glints2/dict_0006_0186.uasset" 9760
"../../../Engine/Content/EngineMaterials/Substrate/Glints2/dict_0006_0193.uasset" 9761
"../../../Engine/Content/EngineMaterials/Substrate/Glints2/dict_0006_0194.uasset" 9762
"../../../Engine/Content/EngineMaterials/Substrate/Glints2/dict_0006_0190.uasset" 9763
"../../../Engine/Content/EngineMaterials/Substrate/Glints2/dict_0006_0187.uasset" 9764
"../../../Engine/Content/EngineMaterials/Substrate/Glints2/dict_0006_0195.uasset" 9765
"/Engine/EngineMaterials/Substrate/Glints2/dict_0006_0179" 9766
"/Engine/EngineMaterials/Substrate/Glints2/dict_0006_0178" 9767
"/Engine/EngineMaterials/Substrate/Glints2/dict_0006_0177" 9768
"/Engine/EngineMaterials/Substrate/Glints2/dict_0006_0176" 9769
"/Engine/EngineMaterials/Substrate/Glints2/dict_0006_0175" 9770
"/Engine/EngineMaterials/Substrate/Glints2/dict_0006_0174" 9771
"/Engine/EngineMaterials/Substrate/Glints2/dict_0006_0173" 9772
"/Engine/EngineMaterials/Substrate/Glints2/dict_0006_0172" 9773
"/Engine/EngineMaterials/Substrate/Glints2/dict_0006_0171" 9774
"/Engine/EngineMaterials/Substrate/Glints2/dict_0006_0170" 9775
"/Engine/EngineMaterials/Substrate/Glints2/dict_0006_0169" 9776
"/Engine/EngineMaterials/Substrate/Glints2/dict_0006_0168" 9777
"/Engine/EngineMaterials/Substrate/Glints2/dict_0006_0167" 9778
"/Engine/EngineMaterials/Substrate/Glints2/dict_0006_0166" 9779
"/Engine/EngineMaterials/Substrate/Glints2/dict_0006_0165" 9780
"/Engine/EngineMaterials/Substrate/Glints2/dict_0006_0196" 9781
"../../../Engine/Content/EngineMaterials/Substrate/Glints2/dict_0006_0197.uasset" 9782
"../../../Engine/Content/EngineMaterials/Substrate/Glints2/dict_0006_0199.uasset" 9783
"../../../Engine/Content/EngineMaterials/Substrate/Glints2/dict_0006_0198.uasset" 9784
"../../../Engine/Content/EngineMaterials/Substrate/Glints2/dict_0006_0200.uasset" 9785
"../../../Engine/Content/EngineMaterials/Substrate/Glints2/dict_0006_0202.uasset" 9786
"../../../Engine/Content/EngineMaterials/Substrate/Glints2/dict_0006_0203.uasset" 9787
"../../../Engine/Content/EngineMaterials/Substrate/Glints2/dict_0006_0204.uasset" 9788
"../../../Engine/Content/EngineMaterials/Substrate/Glints2/dict_0006_0206.uasset" 9789
"../../../Engine/Content/EngineMaterials/Substrate/Glints2/dict_0006_0209.uasset" 9790
"../../../Engine/Content/EngineMaterials/Substrate/Glints2/dict_0006_0205.uasset" 9791
"../../../Engine/Content/EngineMaterials/Substrate/Glints2/dict_0006_0201.uasset" 9792
"/Engine/EngineMaterials/Substrate/Glints2/dict_0006_0195" 9793
"../../../Engine/Content/EngineMaterials/Substrate/Glints2/dict_0006_0208.uasset" 9794
"../../../Engine/Content/EngineMaterials/Substrate/Glints2/dict_0006_0207.uasset" 9795
"../../../Engine/Content/EngineMaterials/Substrate/Glints2/dict_0006_0211.uasset" 9796
"../../../Engine/Content/EngineMaterials/Substrate/Glints2/dict_0006_0212.uasset" 9797
"../../../Engine/Content/EngineMaterials/Substrate/Glints2/dict_0006_0210.uasset" 9798
"../../../Engine/Content/EngineMaterials/Substrate/Glints2/dict_0006_0213.uasset" 9799
"/Engine/EngineMaterials/Substrate/Glints2/dict_0006_0194" 9800
"/Engine/EngineMaterials/Substrate/Glints2/dict_0006_0193" 9801
"/Engine/EngineMaterials/Substrate/Glints2/dict_0006_0192" 9802
"/Engine/EngineMaterials/Substrate/Glints2/dict_0006_0191" 9803
"/Engine/EngineMaterials/Substrate/Glints2/dict_0006_0190" 9804
"/Engine/EngineMaterials/Substrate/Glints2/dict_0006_0189" 9805
"/Engine/EngineMaterials/Substrate/Glints2/dict_0006_0188" 9806
"/Engine/EngineMaterials/Substrate/Glints2/dict_0006_0187" 9807
"/Engine/EngineMaterials/Substrate/Glints2/dict_0006_0186" 9808
"/Engine/EngineMaterials/Substrate/Glints2/dict_0006_0185" 9809
"/Engine/EngineMaterials/Substrate/Glints2/dict_0006_0184" 9810
"/Engine/EngineMaterials/Substrate/Glints2/dict_0006_0183" 9811
"/Engine/EngineMaterials/Substrate/Glints2/dict_0006_0182" 9812
"/Engine/EngineMaterials/Substrate/Glints2/dict_0006_0213" 9813
"../../../Engine/Content/EngineMaterials/Substrate/Glints2/dict_0006_0216.uasset" 9814
"../../../Engine/Content/EngineMaterials/Substrate/Glints2/dict_0006_0214.uasset" 9815
"../../../Engine/Content/EngineMaterials/Substrate/Glints2/dict_0006_0217.uasset" 9816
"../../../Engine/Content/EngineMaterials/Substrate/Glints2/dict_0006_0215.uasset" 9817
"../../../Engine/Content/EngineMaterials/Substrate/Glints2/dict_0006_0218.uasset" 9818
"../../../Engine/Content/EngineMaterials/Substrate/Glints2/dict_0006_0222.uasset" 9819
"../../../Engine/Content/EngineMaterials/Substrate/Glints2/dict_0006_0219.uasset" 9820
"../../../Engine/Content/EngineMaterials/Substrate/Glints2/dict_0006_0224.uasset" 9821
"../../../Engine/Content/EngineMaterials/Substrate/Glints2/dict_0006_0221.uasset" 9822
"/Engine/EngineMaterials/Substrate/Glints2/dict_0006_0212" 9823
"../../../Engine/Content/EngineMaterials/Substrate/Glints2/dict_0006_0227.uasset" 9824
"../../../Engine/Content/EngineMaterials/Substrate/Glints2/dict_0006_0220.uasset" 9825
"../../../Engine/Content/EngineMaterials/Substrate/Glints2/dict_0006_0223.uasset" 9826
"../../../Engine/Content/EngineMaterials/Substrate/Glints2/dict_0006_0225.uasset" 9827
"../../../Engine/Content/EngineMaterials/Substrate/Glints2/dict_0006_0228.uasset" 9828
"../../../Engine/Content/EngineMaterials/Substrate/Glints2/dict_0006_0226.uasset" 9829
"/Engine/EngineMaterials/Substrate/Glints2/dict_0006_0211" 9830
"/Engine/EngineMaterials/Substrate/Glints2/dict_0006_0210" 9831
"/Engine/EngineMaterials/Substrate/Glints2/dict_0006_0209" 9832
"/Engine/EngineMaterials/Substrate/Glints2/dict_0006_0208" 9833
"/Engine/EngineMaterials/Substrate/Glints2/dict_0006_0207" 9834
"/Engine/EngineMaterials/Substrate/Glints2/dict_0006_0206" 9835
"/Engine/EngineMaterials/Substrate/Glints2/dict_0006_0205" 9836
"/Engine/EngineMaterials/Substrate/Glints2/dict_0006_0204" 9837
"/Engine/EngineMaterials/Substrate/Glints2/dict_0006_0203" 9838
"/Engine/EngineMaterials/Substrate/Glints2/dict_0006_0202" 9839
"/Engine/EngineMaterials/Substrate/Glints2/dict_0006_0201" 9840
"/Engine/EngineMaterials/Substrate/Glints2/dict_0006_0200" 9841
"/Engine/EngineMaterials/Substrate/Glints2/dict_0006_0199" 9842
"/Engine/EngineMaterials/Substrate/Glints2/dict_0006_0198" 9843
"/Engine/EngineMaterials/Substrate/Glints2/dict_0006_0197" 9844
"/Engine/EngineMaterials/Substrate/Glints2/dict_0006_0228" 9845
"../../../Engine/Content/EngineMaterials/Substrate/Glints2/dict_0006_0233.uasset" 9846
"/Engine/EngineMaterials/Substrate/Glints2/dict_0006_0227" 9847
"../../../Engine/Content/EngineMaterials/Substrate/Glints2/dict_0006_0229.uasset" 9848
"../../../Engine/Content/EngineMaterials/Substrate/Glints2/dict_0006_0238.uasset" 9849
"../../../Engine/Content/EngineMaterials/Substrate/Glints2/dict_0006_0241.uasset" 9850
"../../../Engine/Content/EngineMaterials/Substrate/Glints2/dict_0006_0240.uasset" 9851
"../../../Engine/Content/EngineMaterials/Substrate/Glints2/dict_0006_0235.uasset" 9852
"../../../Engine/Content/EngineMaterials/Substrate/Glints2/dict_0006_0242.uasset" 9853
"../../../Engine/Content/EngineMaterials/Substrate/Glints2/dict_0006_0239.uasset" 9854
"../../../Engine/Content/EngineMaterials/Substrate/Glints2/dict_0006_0231.uasset" 9855
"../../../Engine/Content/EngineMaterials/Substrate/Glints2/dict_0006_0237.uasset" 9856
"../../../Engine/Content/EngineMaterials/Substrate/Glints2/dict_0006_0230.uasset" 9857
"../../../Engine/Content/EngineMaterials/Substrate/Glints2/dict_0006_0232.uasset" 9858
"../../../Engine/Content/EngineMaterials/Substrate/Glints2/dict_0006_0234.uasset" 9859
"../../../Engine/Content/EngineMaterials/Substrate/Glints2/dict_0006_0236.uasset" 9860
"/Engine/EngineMaterials/Substrate/Glints2/dict_0006_0226" 9861
"../../../Engine/Content/EngineMaterials/Substrate/Glints2/dict_0006_0243.uasset" 9862
"../../../Engine/Content/EngineMaterials/Substrate/Glints2/dict_0006_0245.uasset" 9863
"../../../Engine/Content/EngineMaterials/Substrate/Glints2/dict_0006_0244.uasset" 9864
"/Engine/EngineMaterials/Substrate/Glints2/dict_0006_0225" 9865
"/Engine/EngineMaterials/Substrate/Glints2/dict_0006_0224" 9866
"/Engine/EngineMaterials/Substrate/Glints2/dict_0006_0223" 9867
"/Engine/EngineMaterials/Substrate/Glints2/dict_0006_0222" 9868
"/Engine/EngineMaterials/Substrate/Glints2/dict_0006_0221" 9869
"/Engine/EngineMaterials/Substrate/Glints2/dict_0006_0220" 9870
"/Engine/EngineMaterials/Substrate/Glints2/dict_0006_0219" 9871
"/Engine/EngineMaterials/Substrate/Glints2/dict_0006_0218" 9872
"/Engine/EngineMaterials/Substrate/Glints2/dict_0006_0217" 9873
"/Engine/EngineMaterials/Substrate/Glints2/dict_0006_0216" 9874
"/Engine/EngineMaterials/Substrate/Glints2/dict_0006_0215" 9875
"/Engine/EngineMaterials/Substrate/Glints2/dict_0006_0214" 9876
"/Engine/EngineMaterials/Substrate/Glints2/dict_0006_0245" 9877
"../../../Engine/Content/EngineMaterials/Substrate/Glints2/dict_0006_0246.uasset" 9878
"../../../Engine/Content/EngineMaterials/Substrate/Glints2/dict_0006_0247.uasset" 9879
"../../../Engine/Content/EngineMaterials/Substrate/Glints2/dict_0006_0250.uasset" 9880
"../../../Engine/Content/EngineMaterials/Substrate/Glints2/dict_0006_0249.uasset" 9881
"../../../Engine/Content/EngineMaterials/Substrate/Glints2/dict_0006_0251.uasset" 9882
"/Engine/EngineMaterials/Substrate/Glints2/dict_0006_0244" 9883
"../../../Engine/Content/EngineMaterials/Substrate/Glints2/dict_0006_0255.uasset" 9884
"../../../Engine/Content/EngineMaterials/Substrate/Glints2/dict_0007_0000.uasset" 9885
"../../../Engine/Content/EngineMaterials/Substrate/Glints2/dict_0006_0254.uasset" 9886
"../../../Engine/Content/EngineMaterials/Substrate/Glints2/dict_0006_0252.uasset" 9887
"../../../Engine/Content/EngineMaterials/Substrate/Glints2/dict_0007_0003.uasset" 9888
"../../../Engine/Content/EngineMaterials/Substrate/Glints2/dict_0007_0002.uasset" 9889
"../../../Engine/Content/EngineMaterials/Substrate/Glints2/dict_0006_0253.uasset" 9890
"../../../Engine/Content/EngineMaterials/Substrate/Glints2/dict_0007_0001.uasset" 9891
"../../../Engine/Content/EngineMaterials/Substrate/Glints2/dict_0006_0248.uasset" 9892
"../../../Engine/Content/EngineMaterials/Substrate/Glints2/dict_0007_0004.uasset" 9893
"/Engine/EngineMaterials/Substrate/Glints2/dict_0006_0243" 9894
"/Engine/EngineMaterials/Substrate/Glints2/dict_0006_0242" 9895
"/Engine/EngineMaterials/Substrate/Glints2/dict_0006_0241" 9896
"/Engine/EngineMaterials/Substrate/Glints2/dict_0006_0240" 9897
"/Engine/EngineMaterials/Substrate/Glints2/dict_0006_0239" 9898
"/Engine/EngineMaterials/Substrate/Glints2/dict_0006_0238" 9899
"/Engine/EngineMaterials/Substrate/Glints2/dict_0006_0237" 9900
"/Engine/EngineMaterials/Substrate/Glints2/dict_0006_0236" 9901
"/Engine/EngineMaterials/Substrate/Glints2/dict_0006_0235" 9902
"/Engine/EngineMaterials/Substrate/Glints2/dict_0006_0234" 9903
"/Engine/EngineMaterials/Substrate/Glints2/dict_0006_0233" 9904
"/Engine/EngineMaterials/Substrate/Glints2/dict_0006_0232" 9905
"/Engine/EngineMaterials/Substrate/Glints2/dict_0006_0231" 9906
"/Engine/EngineMaterials/Substrate/Glints2/dict_0006_0230" 9907
"/Engine/EngineMaterials/Substrate/Glints2/dict_0006_0229" 9908
"/Engine/EngineMaterials/Substrate/Glints2/dict_0007_0004" 9909
"../../../Engine/Content/EngineMaterials/Substrate/Glints2/dict_0007_0007.uasset" 9910
"../../../Engine/Content/EngineMaterials/Substrate/Glints2/dict_0007_0005.uasset" 9911
"../../../Engine/Content/EngineMaterials/Substrate/Glints2/dict_0007_0008.uasset" 9912
"../../../Engine/Content/EngineMaterials/Substrate/Glints2/dict_0007_0010.uasset" 9913
"../../../Engine/Content/EngineMaterials/Substrate/Glints2/dict_0007_0009.uasset" 9914
"../../../Engine/Content/EngineMaterials/Substrate/Glints2/dict_0007_0012.uasset" 9915
"../../../Engine/Content/EngineMaterials/Substrate/Glints2/dict_0007_0015.uasset" 9916
"../../../Engine/Content/EngineMaterials/Substrate/Glints2/dict_0007_0014.uasset" 9917
"../../../Engine/Content/EngineMaterials/Substrate/Glints2/dict_0007_0018.uasset" 9918
"../../../Engine/Content/EngineMaterials/Substrate/Glints2/dict_0007_0011.uasset" 9919
"../../../Engine/Content/EngineMaterials/Substrate/Glints2/dict_0007_0013.uasset" 9920
"../../../Engine/Content/EngineMaterials/Substrate/Glints2/dict_0007_0016.uasset" 9921
"../../../Engine/Content/EngineMaterials/Substrate/Glints2/dict_0007_0017.uasset" 9922
"../../../Engine/Content/EngineMaterials/Substrate/Glints2/dict_0007_0006.uasset" 9923
"/Engine/EngineMaterials/Substrate/Glints2/dict_0007_0003" 9924
"../../../Engine/Content/EngineMaterials/Substrate/Glints2/dict_0007_0019.uasset" 9925
"../../../Engine/Content/EngineMaterials/Substrate/Glints2/dict_0007_0021.uasset" 9926
"../../../Engine/Content/EngineMaterials/Substrate/Glints2/dict_0007_0020.uasset" 9927
"/Engine/EngineMaterials/Substrate/Glints2/dict_0007_0002" 9928
"/Engine/EngineMaterials/Substrate/Glints2/dict_0007_0001" 9929
"/Engine/EngineMaterials/Substrate/Glints2/dict_0007_0000" 9930
"/Engine/EngineMaterials/Substrate/Glints2/dict_0006_0255" 9931
"/Engine/EngineMaterials/Substrate/Glints2/dict_0006_0254" 9932
"/Engine/EngineMaterials/Substrate/Glints2/dict_0006_0253" 9933
"/Engine/EngineMaterials/Substrate/Glints2/dict_0006_0252" 9934
"/Engine/EngineMaterials/Substrate/Glints2/dict_0006_0251" 9935
"/Engine/EngineMaterials/Substrate/Glints2/dict_0006_0250" 9936
"/Engine/EngineMaterials/Substrate/Glints2/dict_0006_0249" 9937
"/Engine/EngineMaterials/Substrate/Glints2/dict_0006_0248" 9938
"/Engine/EngineMaterials/Substrate/Glints2/dict_0006_0247" 9939
"/Engine/EngineMaterials/Substrate/Glints2/dict_0006_0246" 9940
"/Engine/EngineMaterials/Substrate/Glints2/dict_0007_0021" 9941
"../../../Engine/Content/EngineMaterials/Substrate/Glints2/dict_0007_0022.uasset" 9942
"../../../Engine/Content/EngineMaterials/Substrate/Glints2/dict_0007_0024.uasset" 9943
"../../../Engine/Content/EngineMaterials/Substrate/Glints2/dict_0007_0023.uasset" 9944
"../../../Engine/Content/EngineMaterials/Substrate/Glints2/dict_0007_0027.uasset" 9945
"../../../Engine/Content/EngineMaterials/Substrate/Glints2/dict_0007_0026.uasset" 9946
"/Engine/EngineMaterials/Substrate/Glints2/dict_0007_0020" 9947
"../../../Engine/Content/EngineMaterials/Substrate/Glints2/dict_0007_0030.uasset" 9948
"../../../Engine/Content/EngineMaterials/Substrate/Glints2/dict_0007_0031.uasset" 9949
"../../../Engine/Content/EngineMaterials/Substrate/Glints2/dict_0007_0035.uasset" 9950
"../../../Engine/Content/EngineMaterials/Substrate/Glints2/dict_0007_0029.uasset" 9951
"../../../Engine/Content/EngineMaterials/Substrate/Glints2/dict_0007_0033.uasset" 9952
"../../../Engine/Content/EngineMaterials/Substrate/Glints2/dict_0007_0032.uasset" 9953
"../../../Engine/Content/EngineMaterials/Substrate/Glints2/dict_0007_0028.uasset" 9954
"../../../Engine/Content/EngineMaterials/Substrate/Glints2/dict_0007_0025.uasset" 9955
"../../../Engine/Content/EngineMaterials/Substrate/Glints2/dict_0007_0034.uasset" 9956
"../../../Engine/Content/EngineMaterials/Substrate/Glints2/dict_0007_0036.uasset" 9957
"/Engine/EngineMaterials/Substrate/Glints2/dict_0007_0019" 9958
"/Engine/EngineMaterials/Substrate/Glints2/dict_0007_0018" 9959
"/Engine/EngineMaterials/Substrate/Glints2/dict_0007_0017" 9960
"/Engine/EngineMaterials/Substrate/Glints2/dict_0007_0016" 9961
"/Engine/EngineMaterials/Substrate/Glints2/dict_0007_0015" 9962
"/Engine/EngineMaterials/Substrate/Glints2/dict_0007_0014" 9963
"/Engine/EngineMaterials/Substrate/Glints2/dict_0007_0013" 9964
"/Engine/EngineMaterials/Substrate/Glints2/dict_0007_0012" 9965
"/Engine/EngineMaterials/Substrate/Glints2/dict_0007_0011" 9966
"/Engine/EngineMaterials/Substrate/Glints2/dict_0007_0010" 9967
"/Engine/EngineMaterials/Substrate/Glints2/dict_0007_0009" 9968
"/Engine/EngineMaterials/Substrate/Glints2/dict_0007_0008" 9969
"/Engine/EngineMaterials/Substrate/Glints2/dict_0007_0007" 9970
"/Engine/EngineMaterials/Substrate/Glints2/dict_0007_0006" 9971
"/Engine/EngineMaterials/Substrate/Glints2/dict_0007_0005" 9972
"/Engine/EngineMaterials/Substrate/Glints2/dict_0007_0036" 9973
"../../../Engine/Content/EngineMaterials/Substrate/Glints2/dict_0007_0037.uasset" 9974
"../../../Engine/Content/EngineMaterials/Substrate/Glints2/dict_0007_0038.uasset" 9975
"../../../Engine/Content/EngineMaterials/Substrate/Glints2/dict_0007_0039.uasset" 9976
"../../../Engine/Content/EngineMaterials/Substrate/Glints2/dict_0007_0040.uasset" 9977
"../../../Engine/Content/EngineMaterials/Substrate/Glints2/dict_0007_0041.uasset" 9978
"../../../Engine/Content/EngineMaterials/Substrate/Glints2/dict_0007_0042.uasset" 9979
"../../../Engine/Content/EngineMaterials/Substrate/Glints2/dict_0007_0044.uasset" 9980
"../../../Engine/Content/EngineMaterials/Substrate/Glints2/dict_0007_0048.uasset" 9981
"../../../Engine/Content/EngineMaterials/Substrate/Glints2/dict_0007_0050.uasset" 9982
"../../../Engine/Content/EngineMaterials/Substrate/Glints2/dict_0007_0043.uasset" 9983
"../../../Engine/Content/EngineMaterials/Substrate/Glints2/dict_0007_0047.uasset" 9984
"../../../Engine/Content/EngineMaterials/Substrate/Glints2/dict_0007_0046.uasset" 9985
"../../../Engine/Content/EngineMaterials/Substrate/Glints2/dict_0007_0045.uasset" 9986
"../../../Engine/Content/EngineMaterials/Substrate/Glints2/dict_0007_0049.uasset" 9987
"/Engine/EngineMaterials/Substrate/Glints2/dict_0007_0035" 9988
"../../../Engine/Content/EngineMaterials/Substrate/Glints2/dict_0007_0051.uasset" 9989
"../../../Engine/Content/EngineMaterials/Substrate/Glints2/dict_0007_0053.uasset" 9990
"../../../Engine/Content/EngineMaterials/Substrate/Glints2/dict_0007_0052.uasset" 9991
"/Engine/EngineMaterials/Substrate/Glints2/dict_0007_0034" 9992
"/Engine/EngineMaterials/Substrate/Glints2/dict_0007_0033" 9993
"/Engine/EngineMaterials/Substrate/Glints2/dict_0007_0032" 9994
"/Engine/EngineMaterials/Substrate/Glints2/dict_0007_0031" 9995
"/Engine/EngineMaterials/Substrate/Glints2/dict_0007_0030" 9996
"/Engine/EngineMaterials/Substrate/Glints2/dict_0007_0029" 9997
"/Engine/EngineMaterials/Substrate/Glints2/dict_0007_0028" 9998
"/Engine/EngineMaterials/Substrate/Glints2/dict_0007_0027" 9999
"/Engine/EngineMaterials/Substrate/Glints2/dict_0007_0026" 10000
"/Engine/EngineMaterials/Substrate/Glints2/dict_0007_0025" 10001
"/Engine/EngineMaterials/Substrate/Glints2/dict_0007_0024" 10002
"/Engine/EngineMaterials/Substrate/Glints2/dict_0007_0023" 10003
"/Engine/EngineMaterials/Substrate/Glints2/dict_0007_0022" 10004
"/Engine/EngineMaterials/Substrate/Glints2/dict_0007_0053" 10005
"../../../Engine/Content/EngineMaterials/Substrate/Glints2/dict_0007_0055.uasset" 10006
"../../../Engine/Content/EngineMaterials/Substrate/Glints2/dict_0007_0054.uasset" 10007
"../../../Engine/Content/EngineMaterials/Substrate/Glints2/dict_0007_0056.uasset" 10008
"../../../Engine/Content/EngineMaterials/Substrate/Glints2/dict_0007_0057.uasset" 10009
"../../../Engine/Content/EngineMaterials/Substrate/Glints2/dict_0007_0059.uasset" 10010
"/Engine/EngineMaterials/Substrate/Glints2/dict_0007_0052" 10011
"../../../Engine/Content/EngineMaterials/Substrate/Glints2/dict_0007_0060.uasset" 10012
"../../../Engine/Content/EngineMaterials/Substrate/Glints2/dict_0007_0061.uasset" 10013
"../../../Engine/Content/EngineMaterials/Substrate/Glints2/dict_0007_0066.uasset" 10014
"../../../Engine/Content/EngineMaterials/Substrate/Glints2/dict_0007_0058.uasset" 10015
"../../../Engine/Content/EngineMaterials/Substrate/Glints2/dict_0007_0063.uasset" 10016
"../../../Engine/Content/EngineMaterials/Substrate/Glints2/dict_0007_0062.uasset" 10017
"../../../Engine/Content/EngineMaterials/Substrate/Glints2/dict_0007_0065.uasset" 10018
"../../../Engine/Content/EngineMaterials/Substrate/Glints2/dict_0007_0067.uasset" 10019
"../../../Engine/Content/EngineMaterials/Substrate/Glints2/dict_0007_0064.uasset" 10020
"../../../Engine/Content/EngineMaterials/Substrate/Glints2/dict_0007_0068.uasset" 10021
"/Engine/EngineMaterials/Substrate/Glints2/dict_0007_0051" 10022
"/Engine/EngineMaterials/Substrate/Glints2/dict_0007_0050" 10023
"/Engine/EngineMaterials/Substrate/Glints2/dict_0007_0049" 10024
"/Engine/EngineMaterials/Substrate/Glints2/dict_0007_0048" 10025
"/Engine/EngineMaterials/Substrate/Glints2/dict_0007_0047" 10026
"/Engine/EngineMaterials/Substrate/Glints2/dict_0007_0046" 10027
"/Engine/EngineMaterials/Substrate/Glints2/dict_0007_0045" 10028
"/Engine/EngineMaterials/Substrate/Glints2/dict_0007_0044" 10029
"/Engine/EngineMaterials/Substrate/Glints2/dict_0007_0043" 10030
"/Engine/EngineMaterials/Substrate/Glints2/dict_0007_0042" 10031
"/Engine/EngineMaterials/Substrate/Glints2/dict_0007_0041" 10032
"/Engine/EngineMaterials/Substrate/Glints2/dict_0007_0040" 10033
"/Engine/EngineMaterials/Substrate/Glints2/dict_0007_0039" 10034
"/Engine/EngineMaterials/Substrate/Glints2/dict_0007_0038" 10035
"/Engine/EngineMaterials/Substrate/Glints2/dict_0007_0037" 10036
"/Engine/EngineMaterials/Substrate/Glints2/dict_0007_0068" 10037
"../../../Engine/Content/EngineMaterials/Substrate/Glints2/dict_0007_0071.uasset" 10038
"../../../Engine/Content/EngineMaterials/Substrate/Glints2/dict_0007_0069.uasset" 10039
"../../../Engine/Content/EngineMaterials/Substrate/Glints2/dict_0007_0070.uasset" 10040
"../../../Engine/Content/EngineMaterials/Substrate/Glints2/dict_0007_0072.uasset" 10041
"../../../Engine/Content/EngineMaterials/Substrate/Glints2/dict_0007_0073.uasset" 10042
"../../../Engine/Content/EngineMaterials/Substrate/Glints2/dict_0007_0074.uasset" 10043
"../../../Engine/Content/EngineMaterials/Substrate/Glints2/dict_0007_0076.uasset" 10044
"../../../Engine/Content/EngineMaterials/Substrate/Glints2/dict_0007_0081.uasset" 10045
"../../../Engine/Content/EngineMaterials/Substrate/Glints2/dict_0007_0075.uasset" 10046
"../../../Engine/Content/EngineMaterials/Substrate/Glints2/dict_0007_0080.uasset" 10047
"../../../Engine/Content/EngineMaterials/Substrate/Glints2/dict_0007_0082.uasset" 10048
"../../../Engine/Content/EngineMaterials/Substrate/Glints2/dict_0007_0079.uasset" 10049
"../../../Engine/Content/EngineMaterials/Substrate/Glints2/dict_0007_0077.uasset" 10050
"/Engine/EngineMaterials/Substrate/Glints2/dict_0007_0067" 10051
"../../../Engine/Content/EngineMaterials/Substrate/Glints2/dict_0007_0078.uasset" 10052
"../../../Engine/Content/EngineMaterials/Substrate/Glints2/dict_0007_0084.uasset" 10053
"../../../Engine/Content/EngineMaterials/Substrate/Glints2/dict_0007_0083.uasset" 10054
"../../../Engine/Content/EngineMaterials/Substrate/Glints2/dict_0007_0085.uasset" 10055
"/Engine/EngineMaterials/Substrate/Glints2/dict_0007_0066" 10056
"/Engine/EngineMaterials/Substrate/Glints2/dict_0007_0065" 10057
"/Engine/EngineMaterials/Substrate/Glints2/dict_0007_0064" 10058
"/Engine/EngineMaterials/Substrate/Glints2/dict_0007_0063" 10059
"/Engine/EngineMaterials/Substrate/Glints2/dict_0007_0062" 10060
"/Engine/EngineMaterials/Substrate/Glints2/dict_0007_0061" 10061
"/Engine/EngineMaterials/Substrate/Glints2/dict_0007_0060" 10062
"/Engine/EngineMaterials/Substrate/Glints2/dict_0007_0059" 10063
"/Engine/EngineMaterials/Substrate/Glints2/dict_0007_0058" 10064
"/Engine/EngineMaterials/Substrate/Glints2/dict_0007_0057" 10065
"/Engine/EngineMaterials/Substrate/Glints2/dict_0007_0056" 10066
"/Engine/EngineMaterials/Substrate/Glints2/dict_0007_0055" 10067
"/Engine/EngineMaterials/Substrate/Glints2/dict_0007_0054" 10068
"/Engine/EngineMaterials/Substrate/Glints2/dict_0007_0085" 10069
"../../../Engine/Content/EngineMaterials/Substrate/Glints2/dict_0007_0086.uasset" 10070
"../../../Engine/Content/EngineMaterials/Substrate/Glints2/dict_0007_0087.uasset" 10071
"../../../Engine/Content/EngineMaterials/Substrate/Glints2/dict_0007_0088.uasset" 10072
"../../../Engine/Content/EngineMaterials/Substrate/Glints2/dict_0007_0090.uasset" 10073
"../../../Engine/Content/EngineMaterials/Substrate/Glints2/dict_0007_0089.uasset" 10074
"../../../Engine/Content/EngineMaterials/Substrate/Glints2/dict_0007_0091.uasset" 10075
"../../../Engine/Content/EngineMaterials/Substrate/Glints2/dict_0007_0092.uasset" 10076
"../../../Engine/Content/EngineMaterials/Substrate/Glints2/dict_0007_0095.uasset" 10077
"../../../Engine/Content/EngineMaterials/Substrate/Glints2/dict_0007_0098.uasset" 10078
"../../../Engine/Content/EngineMaterials/Substrate/Glints2/dict_0007_0093.uasset" 10079
"../../../Engine/Content/EngineMaterials/Substrate/Glints2/dict_0007_0096.uasset" 10080
"/Engine/EngineMaterials/Substrate/Glints2/dict_0007_0084" 10081
"../../../Engine/Content/EngineMaterials/Substrate/Glints2/dict_0007_0094.uasset" 10082
"../../../Engine/Content/EngineMaterials/Substrate/Glints2/dict_0007_0099.uasset" 10083
"../../../Engine/Content/EngineMaterials/Substrate/Glints2/dict_0007_0097.uasset" 10084
"../../../Engine/Content/EngineMaterials/Substrate/Glints2/dict_0007_0100.uasset" 10085
"/Engine/EngineMaterials/Substrate/Glints2/dict_0007_0083" 10086
"/Engine/EngineMaterials/Substrate/Glints2/dict_0007_0082" 10087
"/Engine/EngineMaterials/Substrate/Glints2/dict_0007_0081" 10088
"/Engine/EngineMaterials/Substrate/Glints2/dict_0007_0080" 10089
"/Engine/EngineMaterials/Substrate/Glints2/dict_0007_0079" 10090
"/Engine/EngineMaterials/Substrate/Glints2/dict_0007_0078" 10091
"/Engine/EngineMaterials/Substrate/Glints2/dict_0007_0077" 10092
"/Engine/EngineMaterials/Substrate/Glints2/dict_0007_0076" 10093
"/Engine/EngineMaterials/Substrate/Glints2/dict_0007_0075" 10094
"/Engine/EngineMaterials/Substrate/Glints2/dict_0007_0074" 10095
"/Engine/EngineMaterials/Substrate/Glints2/dict_0007_0073" 10096
"/Engine/EngineMaterials/Substrate/Glints2/dict_0007_0072" 10097
"/Engine/EngineMaterials/Substrate/Glints2/dict_0007_0071" 10098
"/Engine/EngineMaterials/Substrate/Glints2/dict_0007_0070" 10099
"/Engine/EngineMaterials/Substrate/Glints2/dict_0007_0069" 10100
"/Engine/EngineMaterials/Substrate/Glints2/dict_0007_0100" 10101
"../../../Engine/Content/EngineMaterials/Substrate/Glints2/dict_0007_0104.uasset" 10102
"../../../Engine/Content/EngineMaterials/Substrate/Glints2/dict_0007_0103.uasset" 10103
"../../../Engine/Content/EngineMaterials/Substrate/Glints2/dict_0007_0101.uasset" 10104
"../../../Engine/Content/EngineMaterials/Substrate/Glints2/dict_0007_0102.uasset" 10105
"/Engine/EngineMaterials/Substrate/Glints2/dict_0007_0099" 10106
"../../../Engine/Content/EngineMaterials/Substrate/Glints2/dict_0007_0106.uasset" 10107
"../../../Engine/Content/EngineMaterials/Substrate/Glints2/dict_0007_0105.uasset" 10108
"../../../Engine/Content/EngineMaterials/Substrate/Glints2/dict_0007_0111.uasset" 10109
"../../../Engine/Content/EngineMaterials/Substrate/Glints2/dict_0007_0108.uasset" 10110
"../../../Engine/Content/EngineMaterials/Substrate/Glints2/dict_0007_0112.uasset" 10111
"../../../Engine/Content/EngineMaterials/Substrate/Glints2/dict_0007_0107.uasset" 10112
"../../../Engine/Content/EngineMaterials/Substrate/Glints2/dict_0007_0114.uasset" 10113
"../../../Engine/Content/EngineMaterials/Substrate/Glints2/dict_0007_0110.uasset" 10114
"../../../Engine/Content/EngineMaterials/Substrate/Glints2/dict_0007_0113.uasset" 10115
"../../../Engine/Content/EngineMaterials/Substrate/Glints2/dict_0007_0109.uasset" 10116
"../../../Engine/Content/EngineMaterials/Substrate/Glints2/dict_0007_0115.uasset" 10117
"../../../Engine/Content/EngineMaterials/Substrate/Glints2/dict_0007_0117.uasset" 10118
"../../../Engine/Content/EngineMaterials/Substrate/Glints2/dict_0007_0116.uasset" 10119
"/Engine/EngineMaterials/Substrate/Glints2/dict_0007_0098" 10120
"/Engine/EngineMaterials/Substrate/Glints2/dict_0007_0097" 10121
"/Engine/EngineMaterials/Substrate/Glints2/dict_0007_0096" 10122
"/Engine/EngineMaterials/Substrate/Glints2/dict_0007_0095" 10123
"/Engine/EngineMaterials/Substrate/Glints2/dict_0007_0094" 10124
"/Engine/EngineMaterials/Substrate/Glints2/dict_0007_0093" 10125
"/Engine/EngineMaterials/Substrate/Glints2/dict_0007_0092" 10126
"/Engine/EngineMaterials/Substrate/Glints2/dict_0007_0091" 10127
"/Engine/EngineMaterials/Substrate/Glints2/dict_0007_0090" 10128
"/Engine/EngineMaterials/Substrate/Glints2/dict_0007_0089" 10129
"/Engine/EngineMaterials/Substrate/Glints2/dict_0007_0088" 10130
"/Engine/EngineMaterials/Substrate/Glints2/dict_0007_0087" 10131
"/Engine/EngineMaterials/Substrate/Glints2/dict_0007_0086" 10132
"/Engine/EngineMaterials/Substrate/Glints2/dict_0007_0117" 10133
"../../../Engine/Content/EngineMaterials/Substrate/Glints2/dict_0007_0120.uasset" 10134
"../../../Engine/Content/EngineMaterials/Substrate/Glints2/dict_0007_0118.uasset" 10135
"../../../Engine/Content/EngineMaterials/Substrate/Glints2/dict_0007_0121.uasset" 10136
"../../../Engine/Content/EngineMaterials/Substrate/Glints2/dict_0007_0119.uasset" 10137
"../../../Engine/Content/EngineMaterials/Substrate/Glints2/dict_0007_0123.uasset" 10138
"../../../Engine/Content/EngineMaterials/Substrate/Glints2/dict_0007_0125.uasset" 10139
"../../../Engine/Content/EngineMaterials/Substrate/Glints2/dict_0007_0122.uasset" 10140
"../../../Engine/Content/EngineMaterials/Substrate/Glints2/dict_0007_0127.uasset" 10141
"../../../Engine/Content/EngineMaterials/Substrate/Glints2/dict_0007_0128.uasset" 10142
"../../../Engine/Content/EngineMaterials/Substrate/Glints2/dict_0007_0130.uasset" 10143
"../../../Engine/Content/EngineMaterials/Substrate/Glints2/dict_0007_0124.uasset" 10144
"../../../Engine/Content/EngineMaterials/Substrate/Glints2/dict_0007_0129.uasset" 10145
"../../../Engine/Content/EngineMaterials/Substrate/Glints2/dict_0007_0126.uasset" 10146
"../../../Engine/Content/EngineMaterials/Substrate/Glints2/dict_0007_0132.uasset" 10147
"../../../Engine/Content/EngineMaterials/Substrate/Glints2/dict_0007_0131.uasset" 10148
"/Engine/EngineMaterials/Substrate/Glints2/dict_0007_0116" 10149
"/Engine/EngineMaterials/Substrate/Glints2/dict_0007_0115" 10150
"/Engine/EngineMaterials/Substrate/Glints2/dict_0007_0114" 10151
"/Engine/EngineMaterials/Substrate/Glints2/dict_0007_0113" 10152
"/Engine/EngineMaterials/Substrate/Glints2/dict_0007_0112" 10153
"/Engine/EngineMaterials/Substrate/Glints2/dict_0007_0111" 10154
"/Engine/EngineMaterials/Substrate/Glints2/dict_0007_0110" 10155
"/Engine/EngineMaterials/Substrate/Glints2/dict_0007_0109" 10156
"/Engine/EngineMaterials/Substrate/Glints2/dict_0007_0108" 10157
"/Engine/EngineMaterials/Substrate/Glints2/dict_0007_0107" 10158
"/Engine/EngineMaterials/Substrate/Glints2/dict_0007_0106" 10159
"/Engine/EngineMaterials/Substrate/Glints2/dict_0007_0105" 10160
"/Engine/EngineMaterials/Substrate/Glints2/dict_0007_0104" 10161
"/Engine/EngineMaterials/Substrate/Glints2/dict_0007_0103" 10162
"/Engine/EngineMaterials/Substrate/Glints2/dict_0007_0102" 10163
"/Engine/EngineMaterials/Substrate/Glints2/dict_0007_0101" 10164
"/Engine/EngineMaterials/Substrate/Glints2/dict_0007_0132" 10165
"../../../Engine/Content/EngineMaterials/Substrate/Glints2/dict_0007_0133.uasset" 10166
"../../../Engine/Content/EngineMaterials/Substrate/Glints2/dict_0007_0134.uasset" 10167
"../../../Engine/Content/EngineMaterials/Substrate/Glints2/dict_0007_0135.uasset" 10168
"../../../Engine/Content/EngineMaterials/Substrate/Glints2/dict_0007_0137.uasset" 10169
"../../../Engine/Content/EngineMaterials/Substrate/Glints2/dict_0007_0138.uasset" 10170
"../../../Engine/Content/EngineMaterials/Substrate/Glints2/dict_0007_0139.uasset" 10171
"../../../Engine/Content/EngineMaterials/Substrate/Glints2/dict_0007_0140.uasset" 10172
"../../../Engine/Content/EngineMaterials/Substrate/Glints2/dict_0007_0141.uasset" 10173
"../../../Engine/Content/EngineMaterials/Substrate/Glints2/dict_0007_0142.uasset" 10174
"../../../Engine/Content/EngineMaterials/Substrate/Glints2/dict_0007_0145.uasset" 10175
"../../../Engine/Content/EngineMaterials/Substrate/Glints2/dict_0007_0146.uasset" 10176
"../../../Engine/Content/EngineMaterials/Substrate/Glints2/dict_0007_0136.uasset" 10177
"../../../Engine/Content/EngineMaterials/Substrate/Glints2/dict_0007_0143.uasset" 10178
"../../../Engine/Content/EngineMaterials/Substrate/Glints2/dict_0007_0144.uasset" 10179
"../../../Engine/Content/EngineMaterials/Substrate/Glints2/dict_0007_0147.uasset" 10180
"/Engine/EngineMaterials/Substrate/Glints2/dict_0007_0131" 10181
"../../../Engine/Content/EngineMaterials/Substrate/Glints2/dict_0007_0148.uasset" 10182
"../../../Engine/Content/EngineMaterials/Substrate/Glints2/dict_0007_0149.uasset" 10183
"/Engine/EngineMaterials/Substrate/Glints2/dict_0007_0130" 10184
"/Engine/EngineMaterials/Substrate/Glints2/dict_0007_0129" 10185
"/Engine/EngineMaterials/Substrate/Glints2/dict_0007_0128" 10186
"/Engine/EngineMaterials/Substrate/Glints2/dict_0007_0127" 10187
"/Engine/EngineMaterials/Substrate/Glints2/dict_0007_0126" 10188
"/Engine/EngineMaterials/Substrate/Glints2/dict_0007_0125" 10189
"/Engine/EngineMaterials/Substrate/Glints2/dict_0007_0124" 10190
"/Engine/EngineMaterials/Substrate/Glints2/dict_0007_0123" 10191
"/Engine/EngineMaterials/Substrate/Glints2/dict_0007_0122" 10192
"/Engine/EngineMaterials/Substrate/Glints2/dict_0007_0121" 10193
"/Engine/EngineMaterials/Substrate/Glints2/dict_0007_0120" 10194
"/Engine/EngineMaterials/Substrate/Glints2/dict_0007_0119" 10195
"/Engine/EngineMaterials/Substrate/Glints2/dict_0007_0118" 10196
"/Engine/EngineMaterials/Substrate/Glints2/dict_0007_0149" 10197
"/Engine/EngineMaterials/Substrate/Glints2/dict_0007_0148" 10198
"../../../Engine/Content/EngineMaterials/Substrate/Glints2/dict_0007_0150.uasset" 10199
"../../../Engine/Content/EngineMaterials/Substrate/Glints2/dict_0007_0152.uasset" 10200
"../../../Engine/Content/EngineMaterials/Substrate/Glints2/dict_0007_0151.uasset" 10201
"../../../Engine/Content/EngineMaterials/Substrate/Glints2/dict_0007_0153.uasset" 10202
"../../../Engine/Content/EngineMaterials/Substrate/Glints2/dict_0007_0157.uasset" 10203
"../../../Engine/Content/EngineMaterials/Substrate/Glints2/dict_0007_0154.uasset" 10204
"../../../Engine/Content/EngineMaterials/Substrate/Glints2/dict_0007_0162.uasset" 10205
"../../../Engine/Content/EngineMaterials/Substrate/Glints2/dict_0007_0160.uasset" 10206
"../../../Engine/Content/EngineMaterials/Substrate/Glints2/dict_0007_0156.uasset" 10207
"/Engine/EngineMaterials/Substrate/Glints2/dict_0007_0147" 10208
"../../../Engine/Content/EngineMaterials/Substrate/Glints2/dict_0007_0158.uasset" 10209
"../../../Engine/Content/EngineMaterials/Substrate/Glints2/dict_0007_0163.uasset" 10210
"../../../Engine/Content/EngineMaterials/Substrate/Glints2/dict_0007_0155.uasset" 10211
"../../../Engine/Content/EngineMaterials/Substrate/Glints2/dict_0007_0159.uasset" 10212
"../../../Engine/Content/EngineMaterials/Substrate/Glints2/dict_0007_0164.uasset" 10213
"../../../Engine/Content/EngineMaterials/Substrate/Glints2/dict_0007_0161.uasset" 10214
"/Engine/EngineMaterials/Substrate/Glints2/dict_0007_0146" 10215
"/Engine/EngineMaterials/Substrate/Glints2/dict_0007_0145" 10216
"/Engine/EngineMaterials/Substrate/Glints2/dict_0007_0144" 10217
"/Engine/EngineMaterials/Substrate/Glints2/dict_0007_0143" 10218
"/Engine/EngineMaterials/Substrate/Glints2/dict_0007_0142" 10219
"/Engine/EngineMaterials/Substrate/Glints2/dict_0007_0141" 10220
"/Engine/EngineMaterials/Substrate/Glints2/dict_0007_0140" 10221
"/Engine/EngineMaterials/Substrate/Glints2/dict_0007_0139" 10222
"/Engine/EngineMaterials/Substrate/Glints2/dict_0007_0138" 10223
"/Engine/EngineMaterials/Substrate/Glints2/dict_0007_0137" 10224
"/Engine/EngineMaterials/Substrate/Glints2/dict_0007_0136" 10225
"/Engine/EngineMaterials/Substrate/Glints2/dict_0007_0135" 10226
"/Engine/EngineMaterials/Substrate/Glints2/dict_0007_0134" 10227
"/Engine/EngineMaterials/Substrate/Glints2/dict_0007_0133" 10228
"/Engine/EngineMaterials/Substrate/Glints2/dict_0007_0164" 10229
"../../../Engine/Content/EngineMaterials/Substrate/Glints2/dict_0007_0166.uasset" 10230
"../../../Engine/Content/EngineMaterials/Substrate/Glints2/dict_0007_0165.uasset" 10231
"../../../Engine/Content/EngineMaterials/Substrate/Glints2/dict_0007_0167.uasset" 10232
"../../../Engine/Content/EngineMaterials/Substrate/Glints2/dict_0007_0168.uasset" 10233
"../../../Engine/Content/EngineMaterials/Substrate/Glints2/dict_0007_0169.uasset" 10234
"../../../Engine/Content/EngineMaterials/Substrate/Glints2/dict_0007_0171.uasset" 10235
"../../../Engine/Content/EngineMaterials/Substrate/Glints2/dict_0007_0173.uasset" 10236
"../../../Engine/Content/EngineMaterials/Substrate/Glints2/dict_0007_0172.uasset" 10237
"../../../Engine/Content/EngineMaterials/Substrate/Glints2/dict_0007_0175.uasset" 10238
"../../../Engine/Content/EngineMaterials/Substrate/Glints2/dict_0007_0170.uasset" 10239
"../../../Engine/Content/EngineMaterials/Substrate/Glints2/dict_0007_0176.uasset" 10240
"../../../Engine/Content/EngineMaterials/Substrate/Glints2/dict_0007_0178.uasset" 10241
"/Engine/EngineMaterials/Substrate/Glints2/dict_0007_0163" 10242
"../../../Engine/Content/EngineMaterials/Substrate/Glints2/dict_0007_0180.uasset" 10243
"../../../Engine/Content/EngineMaterials/Substrate/Glints2/dict_0007_0177.uasset" 10244
"../../../Engine/Content/EngineMaterials/Substrate/Glints2/dict_0007_0181.uasset" 10245
"../../../Engine/Content/EngineMaterials/Substrate/Glints2/dict_0007_0174.uasset" 10246
"../../../Engine/Content/EngineMaterials/Substrate/Glints2/dict_0007_0179.uasset" 10247
"/Engine/EngineMaterials/Substrate/Glints2/dict_0007_0162" 10248
"/Engine/EngineMaterials/Substrate/Glints2/dict_0007_0161" 10249
"/Engine/EngineMaterials/Substrate/Glints2/dict_0007_0160" 10250
"/Engine/EngineMaterials/Substrate/Glints2/dict_0007_0159" 10251
"/Engine/EngineMaterials/Substrate/Glints2/dict_0007_0158" 10252
"/Engine/EngineMaterials/Substrate/Glints2/dict_0007_0157" 10253
"/Engine/EngineMaterials/Substrate/Glints2/dict_0007_0156" 10254
"/Engine/EngineMaterials/Substrate/Glints2/dict_0007_0155" 10255
"/Engine/EngineMaterials/Substrate/Glints2/dict_0007_0154" 10256
"/Engine/EngineMaterials/Substrate/Glints2/dict_0007_0153" 10257
"/Engine/EngineMaterials/Substrate/Glints2/dict_0007_0152" 10258
"/Engine/EngineMaterials/Substrate/Glints2/dict_0007_0151" 10259
"/Engine/EngineMaterials/Substrate/Glints2/dict_0007_0150" 10260
"/Engine/EngineMaterials/Substrate/Glints2/dict_0007_0181" 10261
"../../../Engine/Content/EngineMaterials/Substrate/Glints2/dict_0007_0183.uasset" 10262
"../../../Engine/Content/EngineMaterials/Substrate/Glints2/dict_0007_0182.uasset" 10263
"../../../Engine/Content/EngineMaterials/Substrate/Glints2/dict_0007_0184.uasset" 10264
"/Engine/EngineMaterials/Substrate/Glints2/dict_0007_0180" 10265
"../../../Engine/Content/EngineMaterials/Substrate/Glints2/dict_0007_0189.uasset" 10266
"../../../Engine/Content/EngineMaterials/Substrate/Glints2/dict_0007_0185.uasset" 10267
"../../../Engine/Content/EngineMaterials/Substrate/Glints2/dict_0007_0191.uasset" 10268
"../../../Engine/Content/EngineMaterials/Substrate/Glints2/dict_0007_0186.uasset" 10269
"../../../Engine/Content/EngineMaterials/Substrate/Glints2/dict_0007_0193.uasset" 10270
"../../../Engine/Content/EngineMaterials/Substrate/Glints2/dict_0007_0187.uasset" 10271
"../../../Engine/Content/EngineMaterials/Substrate/Glints2/dict_0007_0188.uasset" 10272
"../../../Engine/Content/EngineMaterials/Substrate/Glints2/dict_0007_0190.uasset" 10273
"../../../Engine/Content/EngineMaterials/Substrate/Glints2/dict_0007_0192.uasset" 10274
"../../../Engine/Content/EngineMaterials/Substrate/Glints2/dict_0007_0194.uasset" 10275
"../../../Engine/Content/EngineMaterials/Substrate/Glints2/dict_0007_0195.uasset" 10276
"../../../Engine/Content/EngineMaterials/Substrate/Glints2/dict_0007_0196.uasset" 10277
"/Engine/EngineMaterials/Substrate/Glints2/dict_0007_0179" 10278
"/Engine/EngineMaterials/Substrate/Glints2/dict_0007_0178" 10279
"/Engine/EngineMaterials/Substrate/Glints2/dict_0007_0177" 10280
"/Engine/EngineMaterials/Substrate/Glints2/dict_0007_0176" 10281
"/Engine/EngineMaterials/Substrate/Glints2/dict_0007_0175" 10282
"/Engine/EngineMaterials/Substrate/Glints2/dict_0007_0174" 10283
"/Engine/EngineMaterials/Substrate/Glints2/dict_0007_0173" 10284
"/Engine/EngineMaterials/Substrate/Glints2/dict_0007_0172" 10285
"/Engine/EngineMaterials/Substrate/Glints2/dict_0007_0171" 10286
"/Engine/EngineMaterials/Substrate/Glints2/dict_0007_0170" 10287
"/Engine/EngineMaterials/Substrate/Glints2/dict_0007_0169" 10288
"/Engine/EngineMaterials/Substrate/Glints2/dict_0007_0168" 10289
"/Engine/EngineMaterials/Substrate/Glints2/dict_0007_0167" 10290
"/Engine/EngineMaterials/Substrate/Glints2/dict_0007_0166" 10291
"/Engine/EngineMaterials/Substrate/Glints2/dict_0007_0165" 10292
"/Engine/EngineMaterials/Substrate/Glints2/dict_0007_0196" 10293
"../../../Engine/Content/EngineMaterials/Substrate/Glints2/dict_0007_0197.uasset" 10294
"../../../Engine/Content/EngineMaterials/Substrate/Glints2/dict_0007_0198.uasset" 10295
"../../../Engine/Content/EngineMaterials/Substrate/Glints2/dict_0007_0199.uasset" 10296
"/Engine/EngineMaterials/Substrate/Glints2/dict_0007_0195" 10297
"../../../Engine/Content/EngineMaterials/Substrate/Glints2/dict_0007_0202.uasset" 10298
"../../../Engine/Content/EngineMaterials/Substrate/Glints2/dict_0007_0203.uasset" 10299
"../../../Engine/Content/EngineMaterials/Substrate/Glints2/dict_0007_0200.uasset" 10300
"../../../Engine/Content/EngineMaterials/Substrate/Glints2/dict_0007_0204.uasset" 10301
"../../../Engine/Content/EngineMaterials/Substrate/Glints2/dict_0007_0205.uasset" 10302
"../../../Engine/Content/EngineMaterials/Substrate/Glints2/dict_0007_0207.uasset" 10303
"../../../Engine/Content/EngineMaterials/Substrate/Glints2/dict_0007_0209.uasset" 10304
"../../../Engine/Content/EngineMaterials/Substrate/Glints2/dict_0007_0201.uasset" 10305
"../../../Engine/Content/EngineMaterials/Substrate/Glints2/dict_0007_0211.uasset" 10306
"../../../Engine/Content/EngineMaterials/Substrate/Glints2/dict_0007_0210.uasset" 10307
"../../../Engine/Content/EngineMaterials/Substrate/Glints2/dict_0007_0206.uasset" 10308
"../../../Engine/Content/EngineMaterials/Substrate/Glints2/dict_0007_0208.uasset" 10309
"../../../Engine/Content/EngineMaterials/Substrate/Glints2/dict_0007_0212.uasset" 10310
"../../../Engine/Content/EngineMaterials/Substrate/Glints2/dict_0007_0213.uasset" 10311
"/Engine/EngineMaterials/Substrate/Glints2/dict_0007_0194" 10312
"/Engine/EngineMaterials/Substrate/Glints2/dict_0007_0193" 10313
"/Engine/EngineMaterials/Substrate/Glints2/dict_0007_0192" 10314
"/Engine/EngineMaterials/Substrate/Glints2/dict_0007_0191" 10315
"/Engine/EngineMaterials/Substrate/Glints2/dict_0007_0190" 10316
"/Engine/EngineMaterials/Substrate/Glints2/dict_0007_0189" 10317
"/Engine/EngineMaterials/Substrate/Glints2/dict_0007_0188" 10318
"/Engine/EngineMaterials/Substrate/Glints2/dict_0007_0187" 10319
"/Engine/EngineMaterials/Substrate/Glints2/dict_0007_0186" 10320
"/Engine/EngineMaterials/Substrate/Glints2/dict_0007_0185" 10321
"/Engine/EngineMaterials/Substrate/Glints2/dict_0007_0184" 10322
"/Engine/EngineMaterials/Substrate/Glints2/dict_0007_0183" 10323
"/Engine/EngineMaterials/Substrate/Glints2/dict_0007_0182" 10324
"/Engine/EngineMaterials/Substrate/Glints2/dict_0007_0213" 10325
"../../../Engine/Content/EngineMaterials/Substrate/Glints2/dict_0007_0215.uasset" 10326
"../../../Engine/Content/EngineMaterials/Substrate/Glints2/dict_0007_0214.uasset" 10327
"../../../Engine/Content/EngineMaterials/Substrate/Glints2/dict_0007_0216.uasset" 10328
"../../../Engine/Content/EngineMaterials/Substrate/Glints2/dict_0007_0217.uasset" 10329
"../../../Engine/Content/EngineMaterials/Substrate/Glints2/dict_0007_0220.uasset" 10330
"../../../Engine/Content/EngineMaterials/Substrate/Glints2/dict_0007_0223.uasset" 10331
"../../../Engine/Content/EngineMaterials/Substrate/Glints2/dict_0007_0224.uasset" 10332
"../../../Engine/Content/EngineMaterials/Substrate/Glints2/dict_0007_0225.uasset" 10333
"../../../Engine/Content/EngineMaterials/Substrate/Glints2/dict_0007_0226.uasset" 10334
"../../../Engine/Content/EngineMaterials/Substrate/Glints2/dict_0007_0221.uasset" 10335
"../../../Engine/Content/EngineMaterials/Substrate/Glints2/dict_0007_0218.uasset" 10336
"../../../Engine/Content/EngineMaterials/Substrate/Glints2/dict_0007_0228.uasset" 10337
"../../../Engine/Content/EngineMaterials/Substrate/Glints2/dict_0007_0227.uasset" 10338
"../../../Engine/Content/EngineMaterials/Substrate/Glints2/dict_0007_0219.uasset" 10339
"/Engine/EngineMaterials/Substrate/Glints2/dict_0007_0212" 10340
"../../../Engine/Content/EngineMaterials/Substrate/Glints2/dict_0007_0222.uasset" 10341
"/Engine/EngineMaterials/Substrate/Glints2/dict_0007_0211" 10342
"/Engine/EngineMaterials/Substrate/Glints2/dict_0007_0210" 10343
"/Engine/EngineMaterials/Substrate/Glints2/dict_0007_0209" 10344
"/Engine/EngineMaterials/Substrate/Glints2/dict_0007_0208" 10345
"/Engine/EngineMaterials/Substrate/Glints2/dict_0007_0207" 10346
"/Engine/EngineMaterials/Substrate/Glints2/dict_0007_0206" 10347
"/Engine/EngineMaterials/Substrate/Glints2/dict_0007_0205" 10348
"/Engine/EngineMaterials/Substrate/Glints2/dict_0007_0204" 10349
"/Engine/EngineMaterials/Substrate/Glints2/dict_0007_0203" 10350
"/Engine/EngineMaterials/Substrate/Glints2/dict_0007_0202" 10351
"/Engine/EngineMaterials/Substrate/Glints2/dict_0007_0201" 10352
"/Engine/EngineMaterials/Substrate/Glints2/dict_0007_0200" 10353
"/Engine/EngineMaterials/Substrate/Glints2/dict_0007_0199" 10354
"/Engine/EngineMaterials/Substrate/Glints2/dict_0007_0198" 10355
"/Engine/EngineMaterials/Substrate/Glints2/dict_0007_0197" 10356
"/Engine/EngineMaterials/Substrate/Glints2/dict_0007_0228" 10357
"../../../Engine/Content/EngineMaterials/Substrate/Glints2/dict_0007_0229.uasset" 10358
"../../../Engine/Content/EngineMaterials/Substrate/Glints2/dict_0007_0231.uasset" 10359
"../../../Engine/Content/EngineMaterials/Substrate/Glints2/dict_0007_0230.uasset" 10360
"../../../Engine/Content/EngineMaterials/Substrate/Glints2/dict_0007_0233.uasset" 10361
"../../../Engine/Content/EngineMaterials/Substrate/Glints2/dict_0007_0235.uasset" 10362
"/Engine/EngineMaterials/Substrate/Glints2/dict_0007_0227" 10363
"../../../Engine/Content/EngineMaterials/Substrate/Glints2/dict_0007_0236.uasset" 10364
"../../../Engine/Content/EngineMaterials/Substrate/Glints2/dict_0007_0239.uasset" 10365
"../../../Engine/Content/EngineMaterials/Substrate/Glints2/dict_0007_0241.uasset" 10366
"../../../Engine/Content/EngineMaterials/Substrate/Glints2/dict_0007_0238.uasset" 10367
"../../../Engine/Content/EngineMaterials/Substrate/Glints2/dict_0007_0242.uasset" 10368
"../../../Engine/Content/EngineMaterials/Substrate/Glints2/dict_0007_0237.uasset" 10369
"../../../Engine/Content/EngineMaterials/Substrate/Glints2/dict_0007_0240.uasset" 10370
"../../../Engine/Content/EngineMaterials/Substrate/Glints2/dict_0007_0234.uasset" 10371
"../../../Engine/Content/EngineMaterials/Substrate/Glints2/dict_0007_0243.uasset" 10372
"../../../Engine/Content/EngineMaterials/Substrate/Glints2/dict_0007_0232.uasset" 10373
"../../../Engine/Content/EngineMaterials/Substrate/Glints2/dict_0007_0245.uasset" 10374
"../../../Engine/Content/EngineMaterials/Substrate/Glints2/dict_0007_0244.uasset" 10375
"/Engine/EngineMaterials/Substrate/Glints2/dict_0007_0226" 10376
"/Engine/EngineMaterials/Substrate/Glints2/dict_0007_0225" 10377
"/Engine/EngineMaterials/Substrate/Glints2/dict_0007_0224" 10378
"/Engine/EngineMaterials/Substrate/Glints2/dict_0007_0223" 10379
"/Engine/EngineMaterials/Substrate/Glints2/dict_0007_0222" 10380
"/Engine/EngineMaterials/Substrate/Glints2/dict_0007_0221" 10381
"/Engine/EngineMaterials/Substrate/Glints2/dict_0007_0220" 10382
"/Engine/EngineMaterials/Substrate/Glints2/dict_0007_0219" 10383
"/Engine/EngineMaterials/Substrate/Glints2/dict_0007_0218" 10384
"/Engine/EngineMaterials/Substrate/Glints2/dict_0007_0217" 10385
"/Engine/EngineMaterials/Substrate/Glints2/dict_0007_0216" 10386
"/Engine/EngineMaterials/Substrate/Glints2/dict_0007_0215" 10387
"/Engine/EngineMaterials/Substrate/Glints2/dict_0007_0214" 10388
"/Engine/EngineMaterials/Substrate/Glints2/dict_0007_0245" 10389
"../../../Engine/Content/EngineMaterials/Substrate/Volume/SubstrateSimpleVolumeLUT3D.uasset" 10390
"../../../Engine/Content/EngineMaterials/Substrate/Volume/SubstrateSimpleVolumeLUT2D.uasset" 10391
"../../../Engine/Content/EngineMaterials/Substrate/Volume/SubstrateSimpleVolumeEnvLUT2D.uasset" 10392
"../../../Engine/Content/EngineMaterials/Substrate/Glints2/dict_0007_0248.uasset" 10393
"../../../Engine/Content/EngineMaterials/Substrate/Glints2/dict_0007_0247.uasset" 10394
"../../../Engine/Content/EngineMaterials/Substrate/Glints2/dict_0007_0250.uasset" 10395
"../../../Engine/Content/EngineMaterials/Substrate/Glints2/dict_0007_0251.uasset" 10396
"../../../Engine/Content/EngineMaterials/Substrate/Glints2/dict_0007_0252.uasset" 10397
"../../../Engine/Content/EngineMaterials/Substrate/Glints2/dict_0007_0249.uasset" 10398
"../../../Engine/Content/EngineMaterials/Substrate/Glints2/dict_0007_0254.uasset" 10399
"../../../Engine/Content/EngineMaterials/Substrate/Volume/SubstrateSimpleVolumeEnvLUT3D.uasset" 10400
"../../../Engine/Content/EngineMaterials/Substrate/Glints2/dict_0007_0255.uasset" 10401
"../../../Engine/Content/EngineMaterials/Substrate/Glints2/AGlintTex2dArray2.uasset" 10402
"/Engine/EngineMaterials/Substrate/Glints2/dict_0007_0244" 10403
"../../../Engine/Content/EngineMaterials/Substrate/Glints2/dict_0007_0246.uasset" 10404
"../../../Engine/Content/EngineMaterials/Substrate/Glints2/dict_0007_0253.uasset" 10405
"/Engine/EngineMaterials/Substrate/Glints2/dict_0007_0243" 10406
"/Engine/EngineMaterials/Substrate/Glints2/dict_0007_0242" 10407
"/Engine/EngineMaterials/Substrate/Glints2/dict_0007_0241" 10408
"/Engine/EngineMaterials/Substrate/Glints2/dict_0007_0240" 10409
"/Engine/EngineMaterials/Substrate/Glints2/dict_0007_0239" 10410
"/Engine/EngineMaterials/Substrate/Glints2/dict_0007_0238" 10411
"/Engine/EngineMaterials/Substrate/Glints2/dict_0007_0237" 10412
"/Engine/EngineMaterials/Substrate/Glints2/dict_0007_0236" 10413
"/Engine/EngineMaterials/Substrate/Glints2/dict_0007_0235" 10414
"/Engine/EngineMaterials/Substrate/Glints2/dict_0007_0234" 10415
"/Engine/EngineMaterials/Substrate/Glints2/dict_0007_0233" 10416
"/Engine/EngineMaterials/Substrate/Glints2/dict_0007_0232" 10417
"/Engine/EngineMaterials/Substrate/Glints2/dict_0007_0231" 10418
"/Engine/EngineMaterials/Substrate/Glints2/dict_0007_0230" 10419
"/Engine/EngineMaterials/Substrate/Glints2/dict_0007_0229" 10420
"L:/GitHub/massey-unreal/NeoTeAikaSem1/Content/FirstPerson/Input/MobileControls.uasset" 10421
"../../../Engine/Content/MobileResources/HUD/VirtualJoystick_Thumb.uasset" 10422
"../../../Engine/Content/Functions/MaterialLayerFunctions/MatLayerBlend_OverrideOpacity.uasset" 10423
"../../../Engine/Plugins/Interchange/Assets/Content/Functions/MX_Displacement.uasset" 10424
"../../../Engine/Content/EngineMaterials/DefaultCalibrationGrayscale.uasset" 10425
"../../../Engine/Content/EngineMaterials/PPM_DefaultCalibrationColor.uasset" 10426
"../../../Engine/Plugins/NNE/NNEDenoiser/Content/NNEDIM_HighQuality_Alpha.uasset" 10427
"../../../Engine/Plugins/Interchange/Assets/Content/Functions/MX_Surface.uasset" 10428
"/Engine/EngineMaterials/Substrate/Volume/SubstrateSimpleVolumeEnvLUT3D" 10429
"../../../Engine/Content/EngineMaterials/DefaultCalibrationColor.uasset" 10430
"../../../Engine/Content/Functions/Engine_MaterialFunctions03/Procedurals/HeightToNormalSmooth.uasset" 10431
"../../../Engine/Content/EngineMaterials/PPM_DefaultCalibrationGrayscale.uasset" 10432
"../../../Engine/Plugins/NNE/NNEDenoiser/Content/NNEDIM_ColorAlbedoNormal_Default.uasset" 10433
"../../../Engine/Content/MobileResources/HUD/VirtualJoystick_Background.uasset" 10434
"../../../Engine/Plugins/NNE/NNEDenoiser/Content/NNEDOM_Output_Alpha.uasset" 10435
"../../../Engine/Plugins/NNE/NNEDenoiser/Content/NNEDIM_HighQuality_Default.uasset" 10436
"../../../Engine/Plugins/NNE/NNEDenoiser/Content/NNEDOM_Output_Default.uasset" 10437
"../../../Engine/Plugins/NNE/NNEDenoiser/Content/NNEDIM_ColorAlbedoNormal_Alpha.uasset" 10438
"/Engine/EngineMaterials/Substrate/Volume/SubstrateSimpleVolumeLUT3D" 10439
"/Engine/EngineMaterials/Substrate/Glints2/AGlintTex2dArray2" 10440
"/NNEDenoiser/NNEDOM_Output_Default" 10441
"../../../Engine/Plugins/NNE/NNEDenoiser/Content/NNEDTIM_ColorAlbedoNormal_Alpha.uasset" 10442
"../../../Engine/Plugins/NNE/NNEDenoiser/Content/NNED_Oidn2-3_Balanced_Alpha.uasset" 10443
"../../../Engine/Plugins/NNE/NNEDenoiser/Content/NNEDTOM_Output_Default.uasset" 10444
"../../../Engine/Plugins/NNE/NNEDenoiser/Content/NNED_Oidn2-3_Balanced.uasset" 10445
"../../../Engine/Plugins/NNE/NNEDenoiser/Content/NNED_Oidn2-3_HighQuality_Alpha.uasset" 10446
"../../../Engine/Plugins/NNE/NNEDenoiser/Content/NNE_oidn2-3-0_rt_hdr_alb_nrm_small__dyn__fp16_opset11_DenoiseAlpha.uasset" 10447
"../../../Engine/Plugins/NNE/NNEDenoiser/Content/NNEDTIM_ColorAlbedoNormal_Default.uasset" 10448
"/NNEDenoiser/NNEDOM_Output_Alpha" 10449
"../../../Engine/Plugins/NNE/NNEDenoiser/Content/NNE_oidn2-3-0_rt_hdr_alb_nrm__dyn__fp16_opset11_DenoiseAlpha.uasset" 10450
"/NNEDenoiser/NNEDIM_HighQuality_Default" 10451
"../../../Engine/Plugins/NNE/NNEDenoiser/Content/NNEDT_Oidn2-3_Balanced_Alpha.uasset" 10452
"../../../Engine/Plugins/NNE/NNEDenoiser/Content/NNED_Oidn2-3_Fast.uasset" 10453
"../../../Engine/Plugins/NNE/NNEDenoiser/Content/NNE_oidn2-3-0_rt_hdr_alb_nrm_small__dyn__fp16_opset11_ForwardAlpha.uasset" 10454
"../../../Engine/Plugins/NNE/NNEDenoiser/Content/NNED_Oidn2-3_Fast_Alpha.uasset" 10455
"../../../Engine/Plugins/NNE/NNEDenoiser/Content/NNEDT_Oidn2-3_Balanced.uasset" 10456
"../../../Engine/Plugins/NNE/NNEDenoiser/Content/NNED_Oidn2-3_HighQuality.uasset" 10457
"../../../Engine/Plugins/NNE/NNEDenoiser/Content/NNEDTOM_Output_Alpha.uasset" 10458
"/NNEDenoiser/NNEDIM_HighQuality_Alpha" 10459
"/NNEDenoiser/NNEDIM_ColorAlbedoNormal_Default" 10460
"/NNEDenoiser/NNEDIM_ColorAlbedoNormal_Alpha" 10461
"/InterchangeAssets/Functions/MX_Displacement" 10462
"/InterchangeAssets/Functions/MX_Surface" 10463
"/Engine/EngineMaterials/PPM_DefaultCalibrationGrayscale" 10464
"/Engine/EngineMaterials/PPM_DefaultCalibrationColor" 10465
"/Game/FirstPerson/Input/MobileControls" 10466
"../../../Engine/Plugins/NNE/NNEDenoiser/Content/NNE_oidn2-3-0_rt_hdr_calb_cnrm_large__dyn__fp16_opset11_DenoiseAlpha.uasset" 10467
"../../../Engine/Plugins/NNE/NNEDenoiser/Content/NNE_oidn2-3-0_rt_hdr_alb_nrm__dyn__fp16_opset11_ForwardAlpha.uasset" 10468
"/NNEDenoiser/NNE_oidn2-3-0_rt_hdr_alb_nrm__dyn__fp16_opset11_DenoiseAlpha" 10469
"../../../Engine/Plugins/NNE/NNEDenoiser/Content/NNE_oidn2-3-0_rt_hdr_calb_cnrm_large__dyn__fp16_opset11_ForwardAlpha.uasset" 10470
"/NNEDenoiser/NNE_oidn2-3-0_rt_hdr_alb_nrm_small__dyn__fp16_opset11_ForwardAlpha" 10471
"/NNEDenoiser/NNE_oidn2-3-0_rt_hdr_alb_nrm_small__dyn__fp16_opset11_DenoiseAlpha" 10472
"/NNEDenoiser/NNED_Oidn2-3_HighQuality_Alpha" 10473
"/NNEDenoiser/NNED_Oidn2-3_HighQuality" 10474
"/NNEDenoiser/NNED_Oidn2-3_Fast_Alpha" 10475
"/NNEDenoiser/NNED_Oidn2-3_Fast" 10476
"/NNEDenoiser/NNED_Oidn2-3_Balanced_Alpha" 10477
"/NNEDenoiser/NNED_Oidn2-3_Balanced" 10478
"C:/Users/neo/AppData/Local/Temp/UnrealShaderWorkingDir/2093361C4992362361B37B8FC248A6BF/3/WorkerOutputOnly.out" 10479
"C:/Users/neo/AppData/Local/Temp/UnrealShaderWorkingDir/2093361C4992362361B37B8FC248A6BF/4/WorkerOutputOnly.out" 10480
"C:/Users/neo/AppData/Local/Temp/UnrealShaderWorkingDir/2093361C4992362361B37B8FC248A6BF/5/WorkerOutputOnly.out" 10481
"C:/Users/neo/AppData/Local/Temp/UnrealShaderWorkingDir/2093361C4992362361B37B8FC248A6BF/1/WorkerOutputOnly.out" 10482
"C:/Users/neo/AppData/Local/Temp/UnrealShaderWorkingDir/2093361C4992362361B37B8FC248A6BF/2/WorkerOutputOnly.out" 10483
"C:/Users/neo/AppData/Local/Temp/UnrealShaderWorkingDir/2093361C4992362361B37B8FC248A6BF/0/WorkerOutputOnly.out" 10484
"L:/GitHub/massey-unreal/NeoTeAikaSem1/Intermediate/ORTOptimizerPass_Optimized3AF722764610B8143E4EB0831E47BECD.onnx" 10485
"L:/GitHub/massey-unreal/NeoTeAikaSem1/Intermediate/ORTOptimizerPass_Optimized517EA70940E715D9F2C898A6EADDE213.onnx" 10486
"L:/GitHub/massey-unreal/NeoTeAikaSem1/Intermediate/ORTOptimizerPass_Optimized9DB4E2AE4DDD1A8828EB5CA0C77749C1.onnx" 10487
"L:/GitHub/massey-unreal/NeoTeAikaSem1/Intermediate/ORTOptimizerPass_Optimized1B60243F44A0B0E588E0AB88869C0491.onnx" 10488
"L:/GitHub/massey-unreal/NeoTeAikaSem1/Intermediate/ORTOptimizerPass_OptimizedC076FC584366BA62ECA6348E34010294.onnx" 10489
"L:/GitHub/massey-unreal/NeoTeAikaSem1/Intermediate/ORTOptimizerPass_Optimized402E1142401A6E74C81CFA806A71D04E.onnx" 10490
"/NNEDenoiser/NNEDT_Oidn2-3_Balanced_Alpha" 10491
"/NNEDenoiser/NNEDT_Oidn2-3_Balanced" 10492
"/NNEDenoiser/NNEDTOM_Output_Default" 10493
"/NNEDenoiser/NNEDTOM_Output_Alpha" 10494
"/NNEDenoiser/NNEDTIM_ColorAlbedoNormal_Default" 10495
"/NNEDenoiser/NNEDTIM_ColorAlbedoNormal_Alpha" 10496
"/NNEDenoiser/NNE_oidn2-3-0_rt_hdr_calb_cnrm_large__dyn__fp16_opset11_ForwardAlpha" 10497
"/NNEDenoiser/NNE_oidn2-3-0_rt_hdr_calb_cnrm_large__dyn__fp16_opset11_DenoiseAlpha" 10498
"/NNEDenoiser/NNE_oidn2-3-0_rt_hdr_alb_nrm__dyn__fp16_opset11_ForwardAlpha" 10499
"L:/GitHub/massey-unreal/NeoTeAikaSem1/Intermediate/ORTOptimizerPass_Optimized58A432DB48D65B18EC03B89981D13544.onnx" 10500
"L:/GitHub/massey-unreal/NeoTeAikaSem1/Intermediate/ORTOptimizerPass_OptimizedDFBE178A4713628BF728D98057C996FB.onnx" 10501
"L:/GitHub/massey-unreal/NeoTeAikaSem1/Intermediate/ORTOptimizerPass_Optimized0ED4B39242E525A3DCA2E8964623CE2E.onnx" 10502
"L:/GitHub/massey-unreal/NeoTeAikaSem1/Intermediate/ORTOptimizerPass_Optimized06873524418794118039129E0F659313.onnx" 10503
"L:/GitHub/massey-unreal/NeoTeAikaSem1/Intermediate/ORTOptimizerPass_Optimized4D6ED9EF412CBBF51350D6B7A2BEF3A4.onnx" 10504
"L:/GitHub/massey-unreal/NeoTeAikaSem1/Intermediate/ORTOptimizerPass_OptimizedEA72DC764C67AFAC1ECD24ACA2277127.onnx" 10505
"../../../Engine/Content/EditorResources/BSPVertex.uasset" 10506
"../../../Engine/Content/EngineMaterials/DefaultBloomKernel.uasset" 10507
"../../../Engine/Content/EngineResources/FilmGrains/Marcie_Grain_v3_128_M2_000.uasset" 10508
"../../../Engine/Content/EngineResources/Development/ZenLogo_64.uasset" 10509
"../../../Engine/Content/EngineDebugMaterials/DebugEditorMaterial.uasset" 10510
"../../../Engine/Content/EngineMaterials/FastBlueNoise_scalar_128x128x64.uasset" 10511
"../../../Engine/Content/EngineMaterials/FastBlueNoise_scalar_128x128x8.uasset" 10512
"../../../Engine/Content/EngineMaterials/FastBlueNoise_vec2_128x128x64.uasset" 10513
"../../../Engine/Content/EngineMaterials/LTC/Sheen_LTC.uasset" 10514
"../../../Engine/Content/EngineMaterials/EnergyConservation/GGX_ReflectionEnergy.uasset" 10515
"../../../Engine/Content/EngineMaterials/EnergyConservation/GGX_TransmissionEnergyArray.uasset" 10516
"../../../Engine/Content/EngineMaterials/EnergyConservation/SheenLegacy_Energy.uasset" 10517
"../../../Engine/Content/EngineMaterials/EnergyConservation/Sheen_Energy.uasset" 10518
"../../../Engine/Content/EngineMaterials/EnergyConservation/Diffuse_Energy.uasset" 10519
"../../../Engine/Content/EngineSounds/Master.uasset" 10520
"../../../Engine/Plugins/Interchange/Runtime/Content/Pipelines/DefaultAssetsPipeline.uasset" 10521
"../../../Engine/Plugins/Interchange/Runtime/Content/Pipelines/DefaultMaterialXPipeline.uasset" 10522
"../../../Engine/Plugins/Interchange/Runtime/Content/Pipelines/DefaultGLTFAssetsPipeline.uasset" 10523
"../../../Engine/Plugins/Interchange/Runtime/Content/Pipelines/DefaultGLTFPipeline.uasset" 10524
"../../../Engine/Plugins/Interchange/Runtime/Content/Pipelines/DefaultMaterialPipeline.uasset" 10525
"../../../Engine/Plugins/Interchange/Runtime/Content/Pipelines/DefaultTexturePipeline.uasset" 10526
"../../../Engine/Plugins/Interchange/Runtime/Content/Pipelines/DefaultSceneAssetsPipeline.uasset" 10527
"../../../Engine/Plugins/Interchange/Runtime/Content/Pipelines/DefaultSceneLevelPipeline.uasset" 10528
"../../../Engine/Plugins/Interchange/Runtime/Content/Pipelines/DefaultGLTFSceneAssetsPipeline.uasset" 10529
"../../../Engine/Plugins/Interchange/Assets/Content/Functions/MX_SurfaceUnlit.uasset" 10530
"../../../Engine/Plugins/Interchange/Assets/Content/Functions/MX_UsdPreviewSurface.uasset" 10531
"../../../Engine/Plugins/Interchange/Assets/Content/Functions/MX_OrenNayarBSDF.uasset" 10532
"../../../Engine/Plugins/Interchange/Assets/Content/Functions/MX_BurleyDiffuseBSDF.uasset" 10533
"../../../Engine/Plugins/Interchange/Assets/Content/Functions/MX_TranslucentBSDF.uasset" 10534
"/Interchange/Pipelines/DefaultGLTFAssetsPipeline" 10535
"/Interchange/Pipelines/DefaultMaterialXPipeline" 10536
"/Interchange/Pipelines/DefaultAssetsPipeline" 10537
"/Engine/EngineSounds/Master" 10538
"/Engine/EngineMaterials/EnergyConservation/Diffuse_Energy" 10539
"/Engine/EngineMaterials/EnergyConservation/Sheen_Energy" 10540
"/Engine/EngineMaterials/EnergyConservation/SheenLegacy_Energy" 10541
"/InterchangeAssets/Functions/MX_TranslucentBSDF" 10542
"/InterchangeAssets/Functions/MX_BurleyDiffuseBSDF" 10543
"/InterchangeAssets/Functions/MX_OrenNayarBSDF" 10544
"/InterchangeAssets/Functions/MX_UsdPreviewSurface" 10545
"/InterchangeAssets/Functions/MX_SurfaceUnlit" 10546
"/Interchange/Pipelines/DefaultGLTFSceneAssetsPipeline" 10547
"/Interchange/Pipelines/DefaultSceneLevelPipeline" 10548
"/Interchange/Pipelines/DefaultSceneAssetsPipeline" 10549
"/Interchange/Pipelines/DefaultTexturePipeline" 10550
"/Interchange/Pipelines/DefaultMaterialPipeline" 10551
"/Interchange/Pipelines/DefaultGLTFPipeline" 10552
"/Engine/EngineResources/FilmGrains/Marcie_Grain_v3_128_M2_000" 10553
"/Engine/EngineMaterials/DefaultBloomKernel" 10554
"/Engine/EditorResources/BSPVertex" 10555
"/Engine/EngineMaterials/EnergyConservation/GGX_TransmissionEnergyArray" 10556
"/Engine/EngineMaterials/EnergyConservation/GGX_ReflectionEnergy" 10557
"/Engine/EngineMaterials/LTC/Sheen_LTC" 10558
"/Engine/EngineMaterials/FastBlueNoise_vec2_128x128x64" 10559
"/Engine/EngineMaterials/FastBlueNoise_scalar_128x128x8" 10560
"/Engine/EngineMaterials/FastBlueNoise_scalar_128x128x64" 10561
"/Engine/EngineDebugMaterials/DebugEditorMaterial" 10562
"/Engine/EngineResources/Development/ZenLogo_64" 10563
"../../../Engine/Plugins/Interchange/Assets/Content/Functions/MX_DielectricBSDF.uasset" 10564
"../../../Engine/Plugins/Interchange/Assets/Content/Functions/MX_ConductorBSDF.uasset" 10565
"../../../Engine/Plugins/Interchange/Assets/Content/Functions/MX_GeneralizedSchlickBSDF.uasset" 10566
"../../../Engine/Plugins/Interchange/Assets/Content/Functions/MX_SubsurfaceBSDF.uasset" 10567
"../../../Engine/Plugins/Interchange/Assets/Content/Functions/MX_SheenBSDF.uasset" 10568
"../../../Engine/Plugins/Interchange/Assets/Content/Functions/MX_ThinFilmBSDF.uasset" 10569
"../../../Engine/Plugins/Interchange/Assets/Content/Functions/MX_UniformEDF.uasset" 10570
"../../../Engine/Plugins/Interchange/Assets/Content/Functions/MX_MeasuredEDF.uasset" 10571
"../../../Engine/Plugins/Interchange/Assets/Content/Functions/MX_ConicalEDF.uasset" 10572
"../../../Engine/Plugins/Interchange/Assets/Content/Functions/MX_AbsorptionVDF.uasset" 10573
"../../../Engine/Plugins/Interchange/Assets/Content/Functions/MX_AnisotropicVDF.uasset" 10574
"../../../Engine/Plugins/Animation/ControlRig/Content/Controls/ControlRigGizmoMaterial.uasset" 10575
"/ControlRig/Controls/ControlRigGizmoMaterial" 10576
"/InterchangeAssets/Functions/MX_AnisotropicVDF" 10577
"/InterchangeAssets/Functions/MX_AbsorptionVDF" 10578
"/InterchangeAssets/Functions/MX_MeasuredEDF" 10579
"/InterchangeAssets/Functions/MX_ConicalEDF" 10580
"/InterchangeAssets/Functions/MX_UniformEDF" 10581
"/InterchangeAssets/Functions/MX_ThinFilmBSDF" 10582
"/InterchangeAssets/Functions/MX_SheenBSDF" 10583
"/InterchangeAssets/Functions/MX_SubsurfaceBSDF" 10584
"/InterchangeAssets/Functions/MX_GeneralizedSchlickBSDF" 10585
"/InterchangeAssets/Functions/MX_ConductorBSDF" 10586
"/InterchangeAssets/Functions/MX_DielectricBSDF" 10587
"L:/GitHub/massey-unreal/NeoTeAikaSem1/Saved/Cooked/Windows/NeoTeAikaSem1/Metadata/CookedSettings.txt" 10588
